k,dist_cm,dac_i2c
1,11.6875,1500.0
2,11.6875,1500.0
3,11.6875,1500.0
4,11.6875,1500.0
5,11.671875,1500.0
6,11.6875,1500.0
7,11.6875,1500.0
8,11.671875,1500.0
9,11.671875,1500.0
10,11.671875,1500.0
11,11.671875,1500.0
12,11.671875,1499.9999
13,11.671875,1499.9999
14,11.65625,1499.9999
15,11.65625,1499.9999
16,11.65625,1499.9999
17,11.640625,1499.9998
18,11.640625,1499.9996
19,11.609375,1499.9996
20,11.609375,1499.9995
21,11.59375,1499.9994
22,11.59375,1499.9993
23,11.578125,1499.9992
24,11.5625,1499.999
25,11.421875,1499.9988
26,11.390625,1499.9986
27,11.375,1499.9984
28,11.359375,1499.9982
29,11.34375,1499.9978
30,11.328125,1499.9976
31,11.328125,1499.9972
32,11.328125,1499.9968
33,11.25,1499.9964
34,11.234375,1499.996
35,11.21875,1499.9955
36,11.203125,1499.995
37,11.171875,1499.9944
38,11.171875,1499.9938
39,11.125,1499.993
40,11.109375,1499.9923
41,11.0625,1499.9914
42,11.046875,1499.9907
43,11.046875,1499.9898
44,11.046875,1499.9888
45,10.96875,1499.9877
46,10.953125,1499.9866
47,10.90625,1499.9854
48,10.875,1499.9841
49,10.859375,1499.9828
50,10.859375,1499.9812
51,10.796875,1499.9797
52,10.765625,1499.9782
53,10.75,1499.9763
54,10.71875,1499.9745
55,10.71875,1499.9725
56,10.6875,1499.9704
57,10.671875,1499.9684
58,10.671875,1499.9661
59,10.609375,1499.9636
60,10.578125,1499.961
61,10.5625,1499.9584
62,10.546875,1499.9557
63,10.5,1499.9528
64,10.5,1499.9497
65,10.46875,1499.9464
66,10.453125,1499.943
67,10.421875,1499.9396
68,10.390625,1499.9359
69,10.390625,1499.932
70,10.328125,1499.928
71,10.328125,1499.9237
72,10.28125,1499.9193
73,10.265625,1499.9148
74,10.234375,1499.91
75,10.203125,1499.905
76,10.1875,1499.8999
77,10.15625,1499.8945
78,10.140625,1499.8889
79,10.125,1499.8832
80,10.125,1499.8772
81,10.09375,1499.8708
82,10.0625,1499.8644
83,10.0625,1499.8577
84,10.03125,1499.8506
85,10.015625,1499.8434
86,9.984375,1499.8359
87,9.984375,1499.8281
88,9.9375,1499.8201
89,9.9375,1499.8118
90,9.921875,1499.8032
91,9.90625,1499.7943
92,9.859375,1499.785
93,9.859375,1499.7756
94,9.828125,1499.7658
95,9.8125,1499.7556
96,9.8125,1499.7452
97,9.796875,1499.7345
98,9.765625,1499.7233
99,9.765625,1499.7118
100,9.734375,1499.7001
101,9.71875,1499.6878
102,9.703125,1499.6753
103,9.6875,1499.6624
104,9.671875,1499.649
105,9.65625,1499.6354
106,9.640625,1499.6212
107,9.625,1499.6068
108,9.625,1499.5918
109,9.625,1499.5765
110,9.59375,1499.5608
111,9.59375,1499.5446
112,9.578125,1499.528
113,9.5625,1499.5109
114,9.546875,1499.4933
115,9.546875,1499.4754
116,9.515625,1499.4569
117,9.515625,1499.4379
118,9.5,1499.4184
119,9.484375,1499.3984
120,9.484375,1499.378
121,9.46875,1499.3569
122,9.453125,1499.3354
123,9.4375,1499.3134
124,9.421875,1499.2908
125,9.421875,1499.2677
126,9.40625,1499.2439
127,9.40625,1499.2196
128,9.390625,1499.1948
129,9.375,1499.1693
130,9.375,1499.1432
131,9.375,1499.1166
132,9.34375,1499.0894
133,9.34375,1499.0614
134,9.328125,1499.0328
135,9.3125,1499.0037
136,9.3125,1498.9738
137,9.296875,1498.9434
138,9.296875,1498.9121
139,9.28125,1498.8802
140,9.28125,1498.8476
141,9.265625,1498.8143
142,9.265625,1498.7804
143,9.25,1498.7457
144,9.25,1498.7102
145,9.25,1498.674
146,9.21875,1498.6371
147,9.21875,1498.5994
148,9.21875,1498.5609
149,9.203125,1498.5216
150,9.1875,1498.4816
151,9.1875,1498.4407
152,9.1875,1498.3989
153,9.1875,1498.3563
154,9.171875,1498.313
155,9.171875,1498.2687
156,9.15625,1498.2236
157,9.15625,1498.1776
158,9.140625,1498.1307
159,9.140625,1498.083
160,9.125,1498.0344
161,9.125,1497.9848
162,9.125,1497.9342
163,9.109375,1497.8828
164,9.109375,1497.8303
165,9.09375,1497.777
166,9.09375,1497.7225
167,9.09375,1497.6672
168,9.078125,1497.6108
169,9.078125,1497.5535
170,9.078125,1497.4951
171,9.0625,1497.4357
172,9.0625,1497.3751
173,9.0625,1497.3136
174,9.0625,1497.2508
175,9.03125,1497.1871
176,9.03125,1497.1223
177,9.03125,1497.0564
178,9.03125,1496.9894
179,9.015625,1496.9212
180,9.015625,1496.8518
181,9.015625,1496.7812
182,9.015625,1496.7096
183,8.953125,1496.6367
184,8.953125,1496.5626
185,8.953125,1496.4873
186,8.9375,1496.4108
187,8.9375,1496.333
188,8.9375,1496.2539
189,8.921875,1496.1737
190,8.921875,1496.0922
191,8.921875,1496.0092
192,8.921875,1495.925
193,8.90625,1495.8395
194,8.90625,1495.7527
195,8.90625,1495.6644
196,8.90625,1495.5748
197,8.90625,1495.4839
198,8.890625,1495.3915
199,8.890625,1495.2977
200,8.890625,1495.2026
201,8.890625,1495.106
202,8.890625,1495.0078
203,8.875,1494.9083
204,8.875,1494.8074
205,8.875,1494.7048
206,8.859375,1494.6008
207,8.859375,1494.4954
208,8.859375,1494.3882
209,8.859375,1494.2796
210,8.84375,1494.1693
211,8.84375,1494.0576
212,8.84375,1493.9442
213,8.84375,1493.8292
214,8.84375,1493.7125
215,8.84375,1493.5944
216,8.828125,1493.4744
217,8.828125,1493.3528
218,8.828125,1493.2295
219,8.828125,1493.1045
220,8.828125,1492.9778
221,8.8125,1492.8494
222,8.8125,1492.7191
223,8.8125,1492.5872
224,8.796875,1492.4534
225,8.796875,1492.3179
226,8.796875,1492.1806
227,8.796875,1492.0414
228,8.78125,1491.9003
229,8.78125,1491.7574
230,8.78125,1491.6126
231,8.78125,1491.466
232,8.78125,1491.3174
233,8.78125,1491.1668
234,8.765625,1491.0143
235,8.765625,1490.86
236,8.765625,1490.7035
237,8.765625,1490.545
238,8.765625,1490.3846
239,8.765625,1490.2222
240,8.765625,1490.0576
241,8.765625,1489.8912
242,8.75,1489.7225
243,8.75,1489.5518
244,8.75,1489.379
245,8.75,1489.204
246,8.75,1489.0268
247,8.75,1488.8475
248,8.75,1488.666
249,8.75,1488.4824
250,8.75,1488.2965
251,8.75,1488.1083
252,8.734375,1487.918
253,8.734375,1487.7254
254,8.734375,1487.5304
255,8.734375,1487.3331
256,8.734375,1487.1336
257,8.734375,1486.9315
258,8.734375,1486.7274
259,8.734375,1486.5206
260,8.734375,1486.3116
261,8.734375,1486.1001
262,8.71875,1485.8862
263,8.71875,1485.6698
264,8.71875,1485.4509
265,8.71875,1485.2296
266,8.71875,1485.0058
267,8.71875,1484.7794
268,8.703125,1484.5505
269,8.703125,1484.3191
270,8.703125,1484.0851
271,8.703125,1483.8484
272,8.703125,1483.609
273,8.703125,1483.3671
274,8.703125,1483.1226
275,8.703125,1482.8752
276,8.703125,1482.6252
277,8.703125,1482.3726
278,8.703125,1482.1172
279,8.703125,1481.859
280,8.703125,1481.598
281,8.6875,1481.3344
282,8.6875,1481.0678
283,8.6875,1480.7984
284,8.6875,1480.5261
285,8.6875,1480.251
286,8.6875,1479.9729
287,8.6875,1479.692
288,8.6875,1479.4082
289,8.6875,1479.1213
290,8.6875,1478.8316
291,8.6875,1478.5387
292,8.6875,1478.2429
293,8.6875,1477.9441
294,8.6875,1477.6422
295,8.6875,1477.3372
296,8.671875,1477.0292
297,8.671875,1476.718
298,8.671875,1476.4037
299,8.671875,1476.0862
300,8.671875,1475.7655
301,8.671875,1475.4416
302,8.671875,1475.1146
303,8.671875,1474.7843
304,8.671875,1474.4507
305,8.671875,1474.1138
306,8.671875,1473.7737
307,8.671875,1473.4302
308,8.671875,1473.0834
309,8.671875,1472.7332
310,8.671875,1472.3795
311,8.671875,1472.0224
312,8.671875,1471.6621
313,8.671875,1471.2982
314,8.671875,1470.9308
315,8.671875,1470.5599
316,8.671875,1470.1857
317,8.671875,1469.8078
318,8.671875,1469.4263
319,8.671875,1469.0411
320,8.671875,1468.6525
321,8.671875,1468.2602
322,8.671875,1467.8642
323,8.671875,1467.4647
324,8.671875,1467.0614
325,8.671875,1466.6543
326,8.671875,1466.2436
327,8.671875,1465.8291
328,8.671875,1465.4108
329,8.671875,1464.9886
330,8.671875,1464.5628
331,8.671875,1464.1329
332,8.671875,1463.6994
333,8.671875,1463.2618
334,8.671875,1462.8204
335,8.671875,1462.375
336,8.671875,1461.9256
337,8.671875,1461.4723
338,8.671875,1461.015
339,8.671875,1460.5536
340,8.671875,1460.0881
341,8.671875,1459.6188
342,8.671875,1459.145
343,8.671875,1458.6674
344,8.671875,1458.1856
345,8.671875,1457.6995
346,8.671875,1457.2092
347,8.671875,1456.7147
348,8.671875,1456.2162
349,8.671875,1455.7131
350,8.671875,1455.2059
351,8.671875,1454.6944
352,8.671875,1454.1786
353,8.671875,1453.6584
354,8.671875,1453.1338
355,8.671875,1452.6048
356,8.671875,1452.0714
357,8.671875,1451.5336
358,8.671875,1450.9912
359,8.671875,1450.4443
360,8.671875,1449.8931
361,8.671875,1449.337
362,8.671875,1448.7766
363,8.671875,1448.2116
364,8.671875,1447.6418
365,8.671875,1447.0676
366,8.671875,1446.4886
367,8.671875,1445.9049
368,8.671875,1445.3165
369,8.671875,1444.7234
370,8.671875,1444.1255
371,8.671875,1443.5228
372,8.6875,1442.9154
373,8.6875,1442.3031
374,8.6875,1441.6859
375,8.6875,1441.0638
376,8.6875,1440.4369
377,8.6875,1439.8049
378,8.6875,1439.1681
379,8.6875,1438.5262
380,8.6875,1437.8795
381,8.6875,1437.2277
382,8.6875,1436.5707
383,8.6875,1435.9087
384,8.6875,1435.2416
385,8.6875,1434.5693
386,8.6875,1433.892
387,8.6875,1433.2094
388,8.6875,1432.5215
389,8.6875,1431.8285
390,8.6875,1431.1304
391,8.6875,1430.4268
392,8.6875,1429.7179
393,8.6875,1429.0037
394,8.6875,1428.2842
395,8.6875,1427.5592
396,8.6875,1426.829
397,8.6875,1426.0933
398,8.6875,1425.3519
399,8.6875,1424.6054
400,8.6875,1423.8532
401,8.6875,1423.0953
402,8.6875,1422.332
403,8.6875,1421.5632
404,8.6875,1420.7887
405,8.6875,1420.0086
406,8.703125,1419.2229
407,8.703125,1418.4314
408,8.703125,1417.6343
409,8.703125,1416.8313
410,8.703125,1416.0226
411,8.703125,1415.2082
412,8.703125,1414.388
413,8.703125,1413.5618
414,8.703125,1412.7298
415,8.703125,1411.892
416,8.703125,1411.0482
417,8.703125,1410.1984
418,8.703125,1409.3428
419,8.703125,1408.4811
420,8.703125,1407.6133
421,8.703125,1406.7396
422,8.703125,1405.8598
423,8.703125,1404.9739
424,8.703125,1404.0819
425,8.703125,1403.1836
426,8.703125,1402.2793
427,8.703125,1401.3686
428,8.703125,1400.4519
429,8.71875,1399.5287
430,8.71875,1398.5995
431,8.71875,1397.664
432,8.71875,1396.7218
433,8.71875,1395.7734
434,8.71875,1394.8187
435,8.71875,1393.8577
436,8.71875,1392.8901
437,8.71875,1391.9161
438,8.71875,1390.9356
439,8.734375,1389.9485
440,8.734375,1388.9548
441,8.734375,1387.9547
442,8.734375,1386.948
443,8.734375,1385.9347
444,8.734375,1384.9147
445,8.734375,1383.888
446,8.734375,1382.8547
447,8.734375,1381.8144
448,8.734375,1380.7677
449,8.734375,1379.714
450,8.734375,1378.6537
451,8.734375,1377.5862
452,8.734375,1376.5122
453,8.734375,1375.4312
454,8.734375,1374.3433
455,8.75,1373.2484
456,8.75,1372.1465
457,8.75,1371.0377
458,8.75,1369.922
459,8.75,1368.7991
460,8.75,1367.6691
461,8.75,1366.532
462,8.75,1365.388
463,8.75,1364.2366
464,8.75,1363.0781
465,8.75,1361.9126
466,8.75,1360.7396
467,8.75,1359.5594
468,8.75,1358.3721
469,8.75,1357.1772
470,8.75,1355.9752
471,8.75,1354.7658
472,8.765625,1353.549
473,8.765625,1352.3248
474,8.765625,1351.0932
475,8.765625,1349.854
476,8.765625,1348.6074
477,8.765625,1347.3533
478,8.765625,1346.0917
479,8.765625,1344.8223
480,8.765625,1343.5455
481,8.765625,1342.2611
482,8.765625,1340.9691
483,8.78125,1339.6693
484,8.78125,1338.3618
485,8.78125,1337.0466
486,8.78125,1335.7236
487,8.78125,1334.393
488,8.78125,1333.0544
489,8.78125,1331.708
490,8.78125,1330.3538
491,8.78125,1328.9917
492,8.78125,1327.6217
493,8.78125,1326.2438
494,8.78125,1324.8578
495,8.78125,1323.464
496,8.796875,1322.0621
497,8.796875,1320.6521
498,8.796875,1319.234
499,8.796875,1317.808
500,8.796875,1316.3738
501,8.796875,1314.9315
502,8.796875,1313.481
503,8.796875,1312.0222
504,8.796875,1310.5552
505,8.8125,1309.0801
506,8.8125,1307.5967
507,8.8125,1306.1048
508,8.8125,1304.6048
509,8.8125,1303.0964
510,8.8125,1301.5797
511,8.8125,1300.0544
512,8.828125,1298.5208
513,8.828125,1296.9788
514,8.828125,1295.4282
515,8.828125,1293.8692
516,8.828125,1292.3016
517,8.828125,1290.7255
518,8.828125,1289.1409
519,8.828125,1287.5476
520,8.84375,1285.9456
521,8.84375,1284.335
522,8.84375,1282.7158
523,8.84375,1281.0879
524,8.84375,1279.451
525,8.84375,1277.8057
526,8.84375,1276.1514
527,8.84375,1274.4884
528,8.84375,1272.8166
529,8.859375,1271.1359
530,8.859375,1269.4463
531,8.859375,1267.7479
532,8.859375,1266.0405
533,8.859375,1264.3241
534,8.859375,1262.5989
535,8.859375,1260.8644
536,8.859375,1259.1211
537,8.890625,1257.3688
538,8.890625,1255.6073
539,8.90625,1253.8367
540,8.90625,1252.057
541,8.90625,1250.2682
542,8.90625,1248.4701
543,8.90625,1246.663
544,8.90625,1244.8466
545,8.90625,1243.021
546,8.921875,1241.1859
547,8.921875,1239.3418
548,8.921875,1237.4882
549,8.921875,1235.6252
550,8.921875,1233.7532
551,8.921875,1231.8714
552,8.921875,1229.9805
553,8.921875,1228.0801
554,8.9375,1226.1702
555,8.9375,1224.2507
556,8.953125,1222.3218
557,8.953125,1220.3834
558,8.953125,1218.4354
559,8.953125,1216.478
560,8.953125,1214.5109
561,8.953125,1212.534
562,8.953125,1210.5477
563,8.953125,1208.5518
564,8.953125,1206.546
565,8.96875,1204.5305
566,8.96875,1202.5055
567,8.96875,1200.4706
568,8.96875,1198.4259
569,8.96875,1196.3714
570,8.96875,1194.3072
571,8.984375,1192.233
572,8.984375,1190.1492
573,8.984375,1188.0552
574,8.984375,1185.9515
575,8.984375,1183.8378
576,8.984375,1181.7141
577,8.984375,1179.5806
578,8.984375,1177.4369
579,8.984375,1175.2833
580,9.0,1173.1198
581,9.0,1170.9459
582,9.015625,1168.7622
583,9.015625,1166.5684
584,9.015625,1164.3642
585,9.015625,1162.1502
586,9.015625,1159.926
587,9.03125,1157.6916
588,9.03125,1155.4469
589,9.03125,1153.1921
590,9.03125,1150.927
591,9.03125,1148.6515
592,9.03125,1146.366
593,9.046875,1144.07
594,9.046875,1141.7638
595,9.046875,1139.4472
596,9.046875,1137.1202
597,9.0625,1134.783
598,9.0625,1132.4353
599,9.0625,1130.0772
600,9.0625,1127.7085
601,9.0625,1125.3295
602,9.0625,1122.94
603,9.078125,1120.54
604,9.078125,1118.1295
605,9.078125,1115.7086
606,9.078125,1113.277
607,9.078125,1110.8348
608,9.09375,1108.3822
609,9.09375,1105.9188
610,9.09375,1103.4448
611,9.09375,1100.9604
612,9.09375,1098.4652
613,9.09375,1095.9594
614,9.109375,1093.4429
615,9.109375,1090.9155
616,9.109375,1088.3776
617,9.125,1085.8288
618,9.125,1083.2695
619,9.125,1080.6992
620,9.125,1078.1182
621,9.140625,1075.5262
622,9.140625,1072.9237
623,9.140625,1070.3103
624,9.15625,1067.6859
625,9.15625,1065.0508
626,9.15625,1062.4047
627,9.171875,1059.7477
628,9.171875,1057.0797
629,9.171875,1054.401
630,9.171875,1051.7112
631,9.1875,1049.0105
632,9.1875,1046.299
633,9.1875,1043.5762
634,9.1875,1040.8425
635,9.1875,1038.0979
636,9.1875,1035.3422
637,9.21875,1032.5753
638,9.21875,1029.7976
639,9.21875,1027.0087
640,9.21875,1024.2088
641,9.21875,1021.3977
642,9.234375,1018.5756
643,9.234375,1015.74224
644,9.25,1012.8979
645,9.25,1010.0423
646,9.25,1007.17552
647,9.265625,1004.29768
648,9.265625,1001.40856
649,9.265625,998.5083
650,9.28125,995.5968
651,9.28125,992.67416
652,9.296875,989.74024
653,9.296875,986.79508
654,9.296875,983.83852
655,9.296875,980.87084
656,9.3125,977.8919
657,9.3125,974.90176
658,9.3125,971.90016
659,9.328125,968.8874
660,9.34375,965.8632
661,9.34375,962.82776
662,9.34375,959.78092
663,9.34375,956.7228
664,9.359375,953.6533
665,9.375,950.57245
666,9.375,947.48032
667,9.375,944.37668
668,9.390625,941.2616
669,9.390625,938.1353
670,9.40625,934.997568
671,9.40625,931.8484
672,9.421875,928.6878
673,9.421875,925.5158
674,9.4375,922.3323
675,9.4375,919.1374
676,9.453125,915.9311
677,9.453125,912.7134
678,9.46875,909.48416
679,9.46875,906.2434
680,9.484375,902.99132
681,9.484375,899.7277
682,9.5,896.45268
683,9.5,893.166
684,9.515625,889.868
685,9.515625,886.5584
686,9.515625,883.23736
687,9.53125,879.904832
688,9.546875,876.5607
689,9.5625,873.2052
690,9.5625,869.83816
691,9.5625,866.45952
692,9.5625,863.0694
693,9.5625,859.66784
694,9.59375,856.25464
695,9.59375,852.83
696,9.59375,849.39376
697,9.609375,845.946
698,9.625,842.4869
699,9.625,839.016
700,9.625,835.5337
701,9.640625,832.03984
702,9.65625,828.5344
703,9.65625,825.0175
704,9.65625,821.4891
705,9.671875,817.9491
706,9.6875,814.3975
707,9.6875,810.8345
708,9.703125,807.2599
709,9.71875,803.6737
710,9.734375,800.07608
711,9.734375,796.46684
712,9.75,792.8461
713,9.765625,789.21408
714,9.765625,785.5701
715,9.78125,781.915
716,9.796875,778.2482
717,9.90625,774.5698
718,9.90625,770.8801
719,9.921875,767.1788
720,9.9375,763.4659
721,9.9375,759.7415
722,9.953125,756.0058
723,9.96875,752.2585
724,9.984375,748.499636
725,10.0,744.72948
726,10.015625,740.9477
727,10.015625,737.15452
728,10.046875,733.34984
729,10.0625,729.5338
730,10.0625,725.70624
731,10.09375,721.8672
732,10.09375,718.0168
733,10.09375,714.154836
734,10.09375,710.2816
735,10.140625,706.3969
736,10.15625,702.5009
737,10.171875,698.5934
738,10.1875,694.6747
739,10.203125,690.7444
740,10.234375,686.8028
741,10.234375,682.84984
742,10.265625,678.8857
743,10.28125,674.91016
744,10.28125,670.92316
745,10.3125,666.925
746,10.328125,662.9154
747,10.328125,658.89452
748,10.359375,654.8624
749,10.375,650.8192
750,10.375,646.76464
751,10.40625,642.6987
752,10.421875,638.6217
753,10.4375,634.5334
754,10.4375,630.434
755,10.46875,626.32336
756,10.484375,622.20168
757,10.5,618.0687
758,10.515625,613.9247
759,10.546875,609.76952
760,10.5625,605.6032
761,10.578125,601.42584
762,10.59375,597.2373
763,10.625,593.0379
764,10.640625,588.82732
765,10.65625,584.60584
766,10.671875,580.3732
767,10.6875,576.12964
768,10.703125,571.8752
769,10.703125,567.6098
770,10.734375,563.3335
771,10.765625,559.04616
772,10.765625,554.74804
773,10.765625,550.439
774,10.8125,546.119
775,10.828125,541.7885
776,10.84375,537.44696
777,10.859375,533.09468
778,10.875,528.7316
779,10.890625,524.35784
780,10.921875,519.9735
781,10.921875,515.57824
782,10.9375,511.17256
783,10.9375,506.75596
784,10.984375,502.328868
785,10.984375,497.89128
786,10.984375,493.443
787,11.046875,488.98412
788,11.046875,484.514836
789,11.078125,480.03516
790,11.078125,475.5448
791,11.09375,471.044232
792,11.109375,466.533
793,11.140625,462.01144
794,11.15625,457.47968
795,11.171875,452.93748
796,11.171875,448.38492
797,11.203125,443.82216
798,11.21875,439.24928
799,11.21875,434.66596
800,11.25,430.0727
801,11.25,425.469032
802,11.25,420.85532
803,11.265625,416.23164
804,11.296875,411.59784
805,11.3125,406.95392
806,11.3125,402.3001
807,11.328125,397.6364
808,11.328125,392.96252
809,11.328125,388.279016
810,11.328125,383.58544
811,11.359375,378.88208
812,11.359375,374.16908
813,11.375,369.4462
814,11.390625,364.7137
815,11.390625,359.97128
816,11.390625,355.21948
817,11.40625,350.457968
818,11.40625,345.6868
819,11.421875,340.906216
820,11.4375,336.11604
821,11.4375,331.3163
822,11.4375,326.50726
823,11.4375,321.68892
824,11.4375,316.86118
825,11.453125,312.02402
826,11.453125,307.1777
827,11.453125,302.32208
828,11.453125,297.45736
829,11.453125,292.58348
830,11.46875,287.7005
831,11.453125,282.80844
832,11.46875,277.9073
833,11.46875,272.99722
834,11.46875,268.0782
835,11.46875,263.15032
836,11.46875,258.21376
837,11.46875,253.2681
838,11.46875,248.313808
839,11.46875,243.35092
840,11.46875,238.37928
841,11.453125,233.3991
842,11.453125,228.410308
843,11.453125,223.4129
844,11.453125,218.40712
845,11.4375,213.39282
846,11.4375,208.370268
847,11.4375,203.3393
848,11.421875,198.30014
849,11.421875,193.252668
850,11.40625,188.19694
851,11.40625,183.133216
852,11.40625,178.061316
853,11.40625,172.98148
854,11.40625,167.89377
855,11.375,162.79788
856,11.375,157.69422
857,11.375,152.58286
858,11.359375,147.46364
859,11.359375,142.33682
860,11.34375,137.20227
861,11.34375,132.06004
862,11.328125,126.910352
863,11.328125,121.75311
864,11.3125,116.58854
865,11.3125,111.416504
866,11.3125,106.23726
867,11.296875,101.050668
868,11.28125,95.85681
869,11.28125,90.65589
870,11.265625,85.44799
871,11.265625,80.232992
872,11.25,75.01094
873,11.234375,69.78209
874,11.21875,64.54632
875,11.203125,59.303852
876,11.203125,54.054584
877,11.1875,48.798584
878,11.1875,43.536088
879,11.171875,38.267148
880,11.171875,32.991484
881,11.15625,27.709688
882,11.15625,22.421472
883,11.125,17.126898
884,11.125,11.826029
885,11.125,6.5192916
886,11.109375,1.2062131
887,11.09375,-4.112781
888,11.078125,-9.437624
889,11.0,-14.768606
890,11.0,-20.105124
891,11.0,-25.447466
892,10.96875,-30.795562
893,10.953125,-36.149344
894,10.9375,-41.50839
895,10.9375,-46.873156
896,10.9375,-52.243224
897,10.921875,-57.61851
898,10.90625,-62.999316
899,10.890625,-68.38502
900,10.890625,-73.77592
901,10.875,-79.17193
902,10.859375,-84.57298
903,10.859375,-89.97865
904,10.859375,-95.38939
905,10.84375,-100.80478
906,10.828125,-106.22472
907,10.8125,-111.649344
908,10.8125,-117.07856
909,10.796875,-122.5121
910,10.78125,-127.95009
911,10.765625,-133.39228
912,10.765625,-138.83873
913,10.765625,-144.28938
914,10.734375,-149.744
915,10.71875,-155.20248
916,10.71875,-160.66493
917,10.703125,-166.13127
918,10.703125,-171.60124
919,10.703125,-177.07492
920,10.6875,-182.55208
921,10.671875,-188.03282
922,10.671875,-193.51684
923,10.671875,-199.00426
924,10.640625,-204.495
925,10.640625,-209.98878
926,10.625,-215.4857
927,10.625,-220.98552
928,10.625,-226.48832
929,10.625,-231.99382
930,10.609375,-237.50212
931,10.59375,-243.012976
932,10.59375,-248.52644
933,10.578125,-254.042452
934,10.5625,-259.56072
935,10.5625,-265.08124
936,10.5625,-270.604
937,10.5625,-276.12894
938,10.5625,-281.6558
939,10.5625,-287.1847
940,10.5625,-292.71544
941,10.546875,-298.2479
942,10.546875,-303.7819
943,10.546875,-309.31754
944,10.53125,-314.8547
945,10.53125,-320.3932
946,10.53125,-325.933
947,10.515625,-331.4739
948,10.515625,-337.016032
949,10.515625,-342.559
950,10.5,-348.103
951,10.5,-353.647868
952,10.5,-359.19332
953,10.5,-364.73932
954,10.5,-370.28592
955,10.5,-375.833
956,10.5,-381.380336
957,10.5,-386.92796
958,10.5,-392.4758
959,10.5,-398.0236
960,10.5,-403.57116
961,10.484375,-409.11868
962,10.484375,-414.666
963,10.484375,-420.21284
964,10.484375,-425.7591
965,10.484375,-431.305032
966,10.484375,-436.8502
967,10.484375,-442.39448
968,10.484375,-447.93792
969,10.484375,-453.480368
970,10.484375,-459.02172
971,10.484375,-464.56196
972,10.484375,-470.100868
973,10.484375,-475.63836
974,10.484375,-481.17426
975,10.484375,-486.70864
976,10.484375,-492.241184
977,10.484375,-497.771936
978,10.5,-503.3007
979,10.5,-508.82748
980,10.5,-514.3522
981,10.5,-519.8745
982,10.5,-525.39452
983,10.5,-530.912
984,10.5,-536.42692
985,10.5,-541.939
986,10.5,-547.4484
987,10.5,-552.95496
988,10.5,-558.4584
989,10.515625,-563.9585
990,10.515625,-569.45544
991,10.515625,-574.9491
992,10.53125,-580.4392
993,10.53125,-585.9257
994,10.546875,-591.40844
995,10.546875,-596.8874
996,10.546875,-602.3625
997,10.5625,-607.8334
998,10.5625,-613.30004
999,10.5625,-618.7625
1000,10.5625,-624.2206
1001,10.5625,-629.67424
1002,10.5625,-635.1229
1003,10.578125,-640.56696
1004,10.578125,-646.0062
1005,10.59375,-651.4405
1006,10.59375,-656.8694
1007,10.609375,-662.2931
1008,10.609375,-667.7119
1009,10.625,-673.12468
1010,10.625,-678.53216
1011,10.625,-683.93368
1012,10.640625,-689.3297
1013,10.640625,-694.7193
1014,10.640625,-700.10312
1015,10.671875,-705.480836
1016,10.6875,-710.8519
1017,10.6875,-716.21672
1018,10.703125,-721.57496
1019,10.703125,-726.9262
1020,10.71875,-732.27108
1021,10.71875,-737.6087
1022,10.734375,-742.93932
1023,10.75,-748.2628
1024,10.75,-753.5788
1025,10.765625,-758.8873
1026,10.765625,-764.188336
1027,10.78125,-769.4817
1028,10.796875,-774.76732
1029,10.796875,-780.04472
1030,10.828125,-785.31416
1031,10.84375,-790.5754
1032,10.84375,-795.8284
1033,10.859375,-801.07268
1034,10.859375,-806.3087
1035,10.875,-811.5357
1036,10.890625,-816.75368
1037,10.890625,-821.963
1038,10.90625,-827.163
1039,10.921875,-832.3541
1040,10.9375,-837.5352
1041,10.9375,-842.7073
1042,10.9375,-847.8697
1043,10.953125,-853.02216
1044,10.96875,-858.16472
1045,10.984375,-863.2973
1046,11.0,-868.419568
1047,11.015625,-873.5318
1048,11.015625,-878.63336
1049,11.046875,-883.724336
1050,11.0625,-888.8045
1051,11.0625,-893.87416
1052,11.078125,-898.9326
1053,11.09375,-903.98
1054,11.109375,-909.0162
1055,11.125,-914.0408
1056,11.140625,-919.0542
1057,11.265625,-924.0557
1058,11.28125,-929.0455
1059,11.28125,-934.0235
1060,11.296875,-938.98916
1061,11.328125,-943.9427
1062,11.328125,-948.8839
1063,11.34375,-953.81272
1064,11.359375,-958.72892
1065,11.375,-963.6323
1066,11.375,-968.522736
1067,11.390625,-973.40024
1068,11.421875,-978.2648
1069,11.421875,-983.1156
1070,11.4375,-987.9532
1071,11.453125,-992.7771
1072,11.484375,-997.58744
1073,11.5,-1002.384
1074,11.5,-1007.16624
1075,11.515625,-1011.9345
1076,11.546875,-1016.68856
1077,11.5625,-1021.4282
1078,11.5625,-1026.1531
1079,11.5625,-1030.8633
1080,11.578125,-1035.5588
1081,11.609375,-1040.2392
1082,11.609375,-1044.9048
1083,11.609375,-1049.5547
1084,11.625,-1054.1893
1085,11.640625,-1058.8085
1086,11.65625,-1063.412
1087,11.671875,-1067.9995
1088,11.671875,-1072.5709
1089,11.6875,-1077.1265
1090,11.6875,-1081.6656
1091,11.71875,-1086.1887
1092,11.71875,-1090.6948
1093,11.734375,-1095.1843
1094,11.75,-1099.6572
1095,11.75,-1104.113
1096,11.765625,-1108.5515
1097,11.78125,-1112.9729
1098,11.796875,-1117.377
1099,11.796875,-1121.7634
1100,11.8125,-1126.1322
1101,11.828125,-1130.483
1102,11.828125,-1134.8159
1103,11.84375,-1139.1307
1104,11.84375,-1143.4274
1105,11.84375,-1147.7053
1106,11.875,-1151.9648
1107,11.875,-1156.2056
1108,11.890625,-1160.4277
1109,11.890625,-1164.6308
1110,11.90625,-1168.8146
1111,11.90625,-1172.9791
1112,11.921875,-1177.1243
1113,11.921875,-1181.25
1114,11.9375,-1185.3557
1115,11.9375,-1189.4416
1116,11.9375,-1193.5077
1117,11.9375,-1197.5536
1118,11.953125,-1201.5794
1119,11.953125,-1205.5842
1120,11.96875,-1209.5688
1121,11.96875,-1213.5327
1122,11.96875,-1217.4757
1123,11.984375,-1221.3974
1124,11.984375,-1225.2982
1125,11.984375,-1229.1777
1126,12.0,-1233.0358
1127,12.0,-1236.8721
1128,12.0,-1240.6868
1129,12.015625,-1244.4796
1130,12.015625,-1248.2504
1131,12.015625,-1251.9989
1132,12.015625,-1255.7251
1133,12.03125,-1259.429
1134,12.03125,-1263.1101
1135,12.0625,-1266.7686
1136,12.03125,-1270.4039
1137,12.03125,-1274.0166
1138,12.0625,-1277.6058
1139,12.0625,-1281.1719
1140,12.0625,-1284.7142
1141,12.0625,-1288.2333
1142,12.0625,-1291.7284
1143,12.078125,-1295.1996
1144,12.078125,-1298.6466
1145,12.078125,-1302.0697
1146,12.078125,-1305.4683
1147,12.078125,-1308.8424
1148,12.078125,-1312.192
1149,12.078125,-1315.5168
1150,12.078125,-1318.8166
1151,12.078125,-1322.0917
1152,12.078125,-1325.3412
1153,12.078125,-1328.5654
1154,12.078125,-1331.7644
1155,12.078125,-1334.9376
1156,12.078125,-1338.0851
1157,12.078125,-1341.2067
1158,12.078125,-1344.3022
1159,12.078125,-1347.3714
1160,12.078125,-1350.4144
1161,12.0625,-1353.431
1162,12.0625,-1356.4212
1163,12.0625,-1359.3842
1164,12.0625,-1362.3207
1165,12.0625,-1365.23
1166,12.0625,-1368.112
1167,12.0625,-1370.9669
1168,12.0625,-1373.7944
1169,12.0625,-1376.5942
1170,12.03125,-1379.3663
1171,12.03125,-1382.1106
1172,12.03125,-1384.8268
1173,12.03125,-1387.5149
1174,12.03125,-1390.1748
1175,12.03125,-1392.8063
1176,12.03125,-1395.4093
1177,12.03125,-1397.9835
1178,12.015625,-1400.5289
1179,12.015625,-1403.0455
1180,12.015625,-1405.533
1181,12.0,-1407.9912
1182,12.0,-1410.42
1183,12.0,-1412.8193
1184,12.0,-1415.1891
1185,12.0,-1417.529
1186,12.0,-1419.8392
1187,12.0,-1422.1193
1188,12.0,-1424.3693
1189,12.0,-1426.5889
1190,11.984375,-1428.7782
1191,11.984375,-1430.9368
1192,11.984375,-1433.0648
1193,11.984375,-1435.1621
1194,11.96875,-1437.2284
1195,11.96875,-1439.2636
1196,11.96875,-1441.2674
1197,11.96875,-1443.2401
1198,11.953125,-1445.1815
1199,11.953125,-1447.0912
1200,11.953125,-1448.9691
1201,11.9375,-1450.8153
1202,11.9375,-1452.6294
1203,11.9375,-1454.4114
1204,11.9375,-1456.1614
1205,11.9375,-1457.8789
1206,11.9375,-1459.564
1207,11.921875,-1461.2164
1208,11.921875,-1462.8362
1209,11.921875,-1464.4232
1210,11.921875,-1465.9772
1211,11.90625,-1467.4982
1212,11.90625,-1468.9858
1213,11.90625,-1470.4403
1214,11.890625,-1471.8613
1215,11.890625,-1473.2488
1216,11.859375,-1474.6027
1217,11.859375,-1475.9225
1218,11.859375,-1477.2086
1219,11.859375,-1478.4608
1220,11.84375,-1479.6787
1221,11.84375,-1480.8623
1222,11.84375,-1482.0117
1223,11.84375,-1483.1265
1224,11.84375,-1484.2068
1225,11.828125,-1485.2522
1226,11.828125,-1486.263
1227,11.828125,-1487.2388
1228,11.828125,-1488.1794
1229,11.8125,-1489.085
1230,11.8125,-1489.9553
1231,11.8125,-1490.7903
1232,11.8125,-1491.5897
1233,11.8125,-1492.3535
1234,11.8125,-1493.0818
1235,11.8125,-1493.7742
1236,11.8125,-1494.4306
1237,11.796875,-1495.051
1238,11.796875,-1495.6354
1239,11.796875,-1496.1835
1240,11.796875,-1496.6952
1241,11.796875,-1497.1706
1242,11.796875,-1497.6095
1243,11.796875,-1498.0117
1244,11.796875,-1498.3772
1245,11.796875,-1498.7058
1246,11.78125,-1498.9977
1247,11.78125,-1499.2523
1248,11.78125,-1499.47
1249,11.78125,-1499.6504
1250,11.78125,-1499.7936
1251,11.78125,-1499.8993
1252,11.78125,-1499.9674
1253,11.78125,-1499.9982
1254,11.78125,-1499.9911
1255,11.78125,-1499.9464
1256,11.78125,-1499.8638
1257,11.765625,-1499.7432
1258,11.765625,-1499.5845
1259,11.765625,-1499.3878
1260,11.765625,-1499.153
1261,11.765625,-1498.8798
1262,11.765625,-1498.5682
1263,11.765625,-1498.2183
1264,11.765625,-1497.8297
1265,11.765625,-1497.4026
1266,11.765625,-1496.9368
1267,11.765625,-1496.4321
1268,11.765625,-1495.8887
1269,11.765625,-1495.3063
1270,11.765625,-1494.6849
1271,11.765625,-1494.0245
1272,11.765625,-1493.3248
1273,11.765625,-1492.586
1274,11.765625,-1491.8079
1275,11.765625,-1490.9905
1276,11.765625,-1490.1336
1277,11.765625,-1489.237
1278,11.765625,-1488.301
1279,11.765625,-1487.3254
1280,11.78125,-1486.31
1281,11.765625,-1485.2549
1282,11.765625,-1484.1599
1283,11.765625,-1483.0252
1284,11.78125,-1481.8504
1285,11.78125,-1480.6354
1286,11.765625,-1479.3805
1287,11.78125,-1478.0854
1288,11.78125,-1476.7501
1289,11.78125,-1475.3746
1290,11.78125,-1473.9589
1291,11.78125,-1472.5027
1292,11.78125,-1471.0061
1293,11.78125,-1469.4691
1294,11.78125,-1467.8916
1295,11.78125,-1466.2734
1296,11.78125,-1464.6148
1297,11.78125,-1462.9154
1298,11.78125,-1461.1753
1299,11.78125,-1459.3945
1300,11.796875,-1457.5729
1301,11.796875,-1455.7103
1302,11.796875,-1453.8071
1303,11.796875,-1451.8628
1304,11.796875,-1449.8777
1305,11.796875,-1447.8516
1306,11.8125,-1445.7844
1307,11.8125,-1443.6762
1308,11.8125,-1441.5268
1309,11.8125,-1439.3364
1310,11.8125,-1437.1048
1311,11.8125,-1434.8322
1312,11.8125,-1432.5181
1313,11.8125,-1430.163
1314,11.8125,-1427.7665
1315,11.8125,-1425.3288
1316,11.8125,-1422.8497
1317,11.8125,-1420.3294
1318,11.8125,-1417.7677
1319,11.8125,-1415.1646
1320,11.828125,-1412.5202
1321,11.8125,-1409.8342
1322,11.8125,-1407.1069
1323,11.8125,-1404.3384
1324,11.828125,-1401.5282
1325,11.828125,-1398.6766
1326,11.828125,-1395.7836
1327,11.828125,-1392.849
1328,11.828125,-1389.8732
1329,11.828125,-1386.8557
1330,11.828125,-1383.7968
1331,11.828125,-1380.6964
1332,11.84375,-1377.5544
1333,11.84375,-1374.3711
1334,11.84375,-1371.1464
1335,11.84375,-1367.8799
1336,11.84375,-1364.572
1337,11.84375,-1361.2229
1338,11.84375,-1357.8322
1339,11.84375,-1354.4002
1340,11.859375,-1350.9266
1341,11.859375,-1347.4115
1342,11.859375,-1343.8551
1343,11.859375,-1340.2573
1344,11.859375,-1336.6183
1345,11.859375,-1332.9378
1346,11.859375,-1329.2158
1347,11.859375,-1325.4525
1348,11.859375,-1321.6482
1349,11.859375,-1317.8025
1350,11.859375,-1313.9155
1351,11.859375,-1309.9874
1352,11.859375,-1306.0181
1353,11.859375,-1302.0077
1354,11.859375,-1297.956
1355,11.859375,-1293.8633
1356,11.859375,-1289.7297
1357,11.859375,-1285.5549
1358,11.859375,-1281.3391
1359,11.859375,-1277.0826
1360,11.859375,-1272.7852
1361,11.859375,-1268.4469
1362,11.859375,-1264.0676
1363,11.859375,-1259.6477
1364,11.859375,-1255.1872
1365,11.859375,-1250.6859
1366,11.859375,-1246.1442
1367,11.859375,-1241.5619
1368,11.859375,-1236.9388
1369,11.859375,-1232.2755
1370,11.859375,-1227.572
1371,11.859375,-1222.828
1372,11.84375,-1218.0438
1373,11.84375,-1213.2192
1374,11.84375,-1208.3548
1375,11.84375,-1203.4502
1376,11.84375,-1198.5055
1377,11.84375,-1193.521
1378,11.84375,-1188.4968
1379,11.84375,-1183.4325
1380,11.84375,-1178.3287
1381,11.828125,-1173.1853
1382,11.828125,-1168.0023
1383,11.828125,-1162.78
1384,11.828125,-1157.5183
1385,11.828125,-1152.2173
1386,11.828125,-1146.877
1387,11.828125,-1141.4974
1388,11.828125,-1136.0791
1389,11.8125,-1130.6218
1390,11.8125,-1125.1255
1391,11.8125,-1119.5906
1392,11.8125,-1114.0168
1393,11.8125,-1108.4048
1394,11.8125,-1102.7542
1395,11.8125,-1097.0651
1396,11.796875,-1091.338
1397,11.796875,-1085.5725
1398,11.796875,-1079.7692
1399,11.796875,-1073.9277
1400,11.796875,-1068.0485
1401,11.796875,-1062.1318
1402,11.78125,-1056.1774
1403,11.78125,-1050.1854
1404,11.78125,-1044.1561
1405,11.78125,-1038.0895
1406,11.78125,-1031.986
1407,11.78125,-1025.8453
1408,11.765625,-1019.6678
1409,11.765625,-1013.4534
1410,11.765625,-1007.20264
1411,11.765625,-1000.9151
1412,11.75,-994.59144
1413,11.75,-988.2314
1414,11.734375,-981.8356
1415,11.734375,-975.40376
1416,11.734375,-968.936064
1417,11.734375,-962.4323
1418,11.734375,-955.89332
1419,11.71875,-949.3191
1420,11.71875,-942.7093
1421,11.703125,-936.06468
1422,11.703125,-929.3853
1423,11.703125,-922.6709
1424,11.703125,-915.922
1425,11.703125,-909.1383
1426,11.6875,-902.32104
1427,11.6875,-895.4688
1428,11.6875,-888.582768
1429,11.671875,-881.6631
1430,11.671875,-874.71
1431,11.671875,-867.72312
1432,11.65625,-860.70308
1433,11.65625,-853.6496
1434,11.640625,-846.5633
1435,11.640625,-839.4438
1436,11.640625,-832.2926
1437,11.640625,-825.1079
1438,11.625,-817.8918
1439,11.625,-810.64328
1440,11.609375,-803.362368
1441,11.609375,-796.050036
1442,11.59375,-788.7064
1443,11.59375,-781.33168
1444,11.59375,-773.9254
1445,11.59375,-766.4878
1446,11.578125,-759.0204
1447,11.5625,-751.5219
1448,11.5625,-743.9927
1449,11.5625,-736.4336
1450,11.5625,-728.8447
1451,11.5625,-721.22576
1452,11.5625,-713.57748
1453,11.546875,-705.9
1454,11.546875,-698.1931
1455,11.546875,-690.45748
1456,11.53125,-682.69272
1457,11.53125,-674.8998
1458,11.53125,-667.0788
1459,11.515625,-659.2293
1460,11.5,-651.3523
1461,11.5,-643.44724
1462,11.5,-635.515
1463,11.5,-627.5559
1464,11.5,-619.56948
1465,11.484375,-611.5565
1466,11.484375,-603.5167
1467,11.46875,-595.4509
1468,11.46875,-587.3594
1469,11.453125,-579.2424
1470,11.4375,-571.0987
1471,11.4375,-562.9306
1472,11.421875,-554.7371
1473,11.421875,-546.5191
1474,11.421875,-538.2761
1475,11.421875,-530.00904
1476,11.40625,-521.7182
1477,11.40625,-513.4031
1478,11.390625,-505.06472
1479,11.375,-496.70264
1480,11.375,-488.31776
1481,11.375,-479.91036
1482,11.359375,-471.48004
1483,11.359375,-463.02768
1484,11.34375,-454.5536
1485,11.34375,-446.0574
1486,11.34375,-437.53996
1487,11.328125,-429.00092
1488,11.328125,-420.441232
1489,11.3125,-411.86044
1490,11.3125,-403.26024
1491,11.296875,-394.638816
1492,11.28125,-385.99852
1493,11.28125,-377.338268
1494,11.265625,-368.65836
1495,11.25,-359.9604
1496,11.25,-351.2426
1497,11.25,-342.5074
1498,11.25,-333.7536
1499,11.234375,-324.9823
1500,11.21875,-316.193
1501,11.21875,-307.38672
1502,11.203125,-298.56308
1503,11.203125,-289.72302
1504,11.1875,-280.8669
1505,11.171875,-271.995
1506,11.171875,-263.1062
1507,11.171875,-254.202916
1508,11.171875,-245.28406
1509,11.15625,-236.35064
1510,11.140625,-227.40224
1511,11.125,-218.43988
1512,11.125,-209.4639
1513,11.125,-200.47386
1514,11.109375,-191.47082
1515,11.09375,-182.4551
1516,11.09375,-173.426268
1517,11.078125,-164.38468
1518,11.078125,-155.33206
1519,11.0625,-146.26658
1520,11.046875,-137.19074
1521,11.046875,-128.10341
1522,11.03125,-119.00564
1523,11.03125,-109.89703
1524,11.03125,-100.77865
1525,11.015625,-91.6508
1526,11.0,-82.51313
1527,11.0,-73.36666
1528,11.0,-64.21104
1529,10.984375,-55.047288
1530,10.984375,-45.875768
1531,10.96875,-36.69609
1532,10.921875,-27.509324
1533,10.890625,-18.31508
1534,10.890625,-9.114429
1535,10.890625,0.09228588
1536,10.875,9.305435
1537,10.875,18.523956
1538,10.875,27.747498
1539,10.859375,36.976424
1540,10.859375,46.20967
1541,10.859375,55.447596
1542,10.84375,64.68914
1543,10.84375,73.93465
1544,10.84375,83.182332
1545,10.828125,92.434
1546,10.828125,101.687128
1547,10.828125,110.942792
1548,10.796875,120.200616
1549,10.796875,129.45883
1550,10.796875,138.71849
1551,10.78125,147.97924
1552,10.765625,157.23996
1553,10.765625,166.50032
1554,10.765625,175.76066
1555,10.765625,185.0199
1556,10.75,194.278352
1557,10.75,203.53424
1558,10.75,212.78934
1559,10.734375,222.0411
1560,10.734375,231.29064
1561,10.734375,240.537484
1562,10.71875,249.78062
1563,10.71875,259.01964
1564,10.71875,268.2542
1565,10.703125,277.48456
1566,10.703125,286.7104
1567,10.703125,295.9299
1568,10.703125,305.14476
1569,10.703125,314.35254
1570,10.6875,323.55424
1571,10.6875,332.74872
1572,10.671875,341.9364
1573,10.671875,351.1161
1574,10.671875,360.28816
1575,10.671875,369.45148
1576,10.65625,378.60568
1577,10.65625,387.75044
1578,10.65625,396.8859
1579,10.65625,406.011768
1580,10.640625,415.12696
1581,10.640625,424.2311
1582,10.640625,433.32372
1583,10.640625,442.4052
1584,10.640625,451.47508
1585,10.640625,460.532268
1586,10.625,469.5764
1587,10.625,478.6071
1588,10.625,487.6245
1589,10.625,496.627768
1590,10.625,505.617
1591,10.625,514.5911
1592,10.625,523.55052
1593,10.625,532.494
1594,10.625,541.42124
1595,10.625,550.3318
1596,10.625,559.22596
1597,10.625,568.1033
1598,10.625,576.9627
1599,10.625,585.8039
1600,10.625,594.6263
1601,10.625,603.43036
1602,10.625,612.21548
1603,10.625,620.9807
1604,10.625,629.7256
1605,10.625,638.44976
1606,10.625,647.15344
1607,10.625,655.83564
1608,10.609375,664.4965
1609,10.609375,673.13496
1610,10.609375,681.7513
1611,10.609375,690.3438
1612,10.609375,698.91408
1613,10.609375,707.45968
1614,10.609375,715.98148
1615,10.609375,724.47908
1616,10.609375,732.9515
1617,10.609375,741.39824
1618,10.609375,749.819
1619,10.609375,758.2139
1620,10.609375,766.5826
1621,10.609375,774.92332
1622,10.609375,783.2377
1623,10.609375,791.52328
1624,10.609375,799.781
1625,10.609375,808.00976
1626,10.609375,816.2099
1627,10.609375,824.38024
1628,10.609375,832.5205
1629,10.609375,840.6308
1630,10.609375,848.710768
1631,10.609375,856.7587
1632,10.609375,864.77544
1633,10.609375,872.7607
1634,10.609375,880.7127
1635,10.609375,888.63292
1636,10.609375,896.519136
1637,10.59375,904.37216
1638,10.59375,912.1909
1639,10.59375,919.9757
1640,10.59375,927.7254
1641,10.59375,935.44024
1642,10.59375,943.1192
1643,10.59375,950.7621
1644,10.59375,958.3688
1645,10.59375,965.9384
1646,10.59375,973.47064
1647,10.59375,980.9656
1648,10.59375,988.4222
1649,10.59375,995.8407
1650,10.59375,1003.2203
1651,10.59375,1010.5604
1652,10.59375,1017.861
1653,10.59375,1025.1216
1654,10.59375,1032.3419
1655,10.59375,1039.5214
1656,10.59375,1046.6592
1657,10.59375,1053.7558
1658,10.578125,1060.8103
1659,10.578125,1067.822
1660,10.578125,1074.7912
1661,10.578125,1081.7176
1662,10.578125,1088.5997
1663,10.578125,1095.4381
1664,10.578125,1102.2326
1665,10.578125,1108.9818
1666,10.578125,1115.6859
1667,10.578125,1122.3448
1668,10.578125,1128.9574
1669,10.5625,1135.5237
1670,10.5625,1142.0434
1671,10.5625,1148.516
1672,10.5625,1154.9409
1673,10.5625,1161.3184
1674,10.5625,1167.6477
1675,10.5625,1173.928
1676,10.5625,1180.16
1677,10.5625,1186.342
1678,10.5625,1192.4746
1679,10.5625,1198.557
1680,10.5625,1204.5891
1681,10.5625,1210.5702
1682,10.5625,1216.5001
1683,10.5625,1222.3786
1684,10.5625,1228.2051
1685,10.5625,1233.9794
1686,10.5625,1239.701
1687,10.5625,1245.3695
1688,10.5625,1250.9848
1689,10.5625,1256.5463
1690,10.5625,1262.0538
1691,10.546875,1267.5068
1692,10.546875,1272.9049
1693,10.546875,1278.248
1694,10.546875,1283.5358
1695,10.546875,1288.7676
1696,10.53125,1293.943
1697,10.53125,1299.0622
1698,10.515625,1304.1243
1699,10.515625,1309.1294
1700,10.515625,1314.077
1701,10.5,1318.9667
1702,10.5,1323.7981
1703,10.5,1328.571
1704,10.5,1333.2852
1705,10.5,1337.9398
1706,10.5,1342.5352
1707,10.5,1347.0707
1708,10.5,1351.5458
1709,10.5,1355.9607
1710,10.5,1360.3148
1711,10.5,1364.6076
1712,10.5,1368.8394
1713,10.484375,1373.0089
1714,10.484375,1377.1167
1715,10.484375,1381.162
1716,10.484375,1385.1448
1717,10.484375,1389.0644
1718,10.46875,1392.9209
1719,10.46875,1396.7139
1720,10.46875,1400.4429
1721,10.453125,1404.1079
1722,10.453125,1407.7084
1723,10.453125,1411.2442
1724,10.4375,1414.715
1725,10.4375,1418.1205
1726,10.4375,1421.4606
1727,10.4375,1424.7346
1728,10.4375,1427.9426
1729,10.4375,1431.0844
1730,10.4375,1434.1592
1731,10.4375,1437.1671
1732,10.4375,1440.108
1733,10.421875,1442.9814
1734,10.421875,1445.7872
1735,10.421875,1448.525
1736,10.421875,1451.1946
1737,10.40625,1453.7956
1738,10.40625,1456.3281
1739,10.40625,1458.7915
1740,10.390625,1461.1858
1741,10.390625,1463.5108
1742,10.390625,1465.7658
1743,10.390625,1467.951
1744,10.390625,1470.0663
1745,10.390625,1472.1111
1746,10.375,1474.0853
1747,10.375,1475.9889
1748,10.375,1477.8213
1749,10.359375,1479.5825
1750,10.359375,1481.2723
1751,10.359375,1482.8905
1752,10.359375,1484.4368
1753,10.34375,1485.911
1754,10.34375,1487.3131
1755,10.34375,1488.6428
1756,10.328125,1489.8998
1757,10.328125,1491.0839
1758,10.328125,1492.1951
1759,10.328125,1493.2332
1760,10.328125,1494.1979
1761,10.328125,1495.089
1762,10.3125,1495.9064
1763,10.3125,1496.6499
1764,10.3125,1497.3194
1765,10.3125,1497.9148
1766,10.296875,1498.4358
1767,10.296875,1498.8823
1768,10.296875,1499.2542
1769,10.296875,1499.5512
1770,10.28125,1499.7733
1771,10.28125,1499.9204
1772,10.28125,1499.9922
1773,10.28125,1499.9888
1774,10.28125,1499.9098
1775,10.28125,1499.7552
1776,10.265625,1499.525
1777,10.265625,1499.2189
1778,10.265625,1498.8368
1779,10.265625,1498.3788
1780,10.25,1497.8446
1781,10.25,1497.2341
1782,10.25,1496.5472
1783,10.234375,1495.784
1784,10.234375,1494.9442
1785,10.234375,1494.0277
1786,10.234375,1493.0346
1787,10.234375,1491.9647
1788,10.234375,1490.818
1789,10.21875,1489.5942
1790,10.21875,1488.2936
1791,10.21875,1486.9159
1792,10.21875,1485.461
1793,10.21875,1483.9291
1794,10.21875,1482.3201
1795,10.21875,1480.6336
1796,10.203125,1478.8699
1797,10.1875,1477.0288
1798,10.1875,1475.1105
1799,10.1875,1473.1146
1800,10.1875,1471.0415
1801,10.1875,1468.8909
1802,10.1875,1466.6627
1803,10.1875,1464.357
1804,10.1875,1461.9741
1805,10.1875,1459.5137
1806,10.171875,1456.9758
1807,10.171875,1454.3605
1808,10.171875,1451.6675
1809,10.171875,1448.8972
1810,10.15625,1446.0496
1811,10.15625,1443.1245
1812,10.15625,1440.1221
1813,10.15625,1437.0422
1814,10.15625,1433.8852
1815,10.15625,1430.6506
1816,10.140625,1427.3394
1817,10.140625,1423.9506
1818,10.140625,1420.4849
1819,10.140625,1416.9419
1820,10.140625,1413.3222
1821,10.140625,1409.6252
1822,10.140625,1405.8518
1823,10.140625,1402.0014
1824,10.140625,1398.0744
1825,10.125,1394.0707
1826,10.125,1389.9905
1827,10.125,1385.8339
1828,10.125,1381.6011
1829,10.125,1377.2921
1830,10.109375,1372.907
1831,10.109375,1368.4457
1832,10.109375,1363.9089
1833,10.109375,1359.2963
1834,10.109375,1354.6078
1835,10.109375,1349.8439
1836,10.109375,1345.0048
1837,10.109375,1340.0903
1838,10.109375,1335.101
1839,10.109375,1330.0369
1840,10.109375,1324.8977
1841,10.109375,1319.6841
1842,10.09375,1314.396
1843,10.109375,1309.0337
1844,10.09375,1303.5975
1845,10.09375,1298.0872
1846,10.09375,1292.5033
1847,10.09375,1286.8456
1848,10.09375,1281.1148
1849,10.09375,1275.311
1850,10.09375,1269.4341
1851,10.09375,1263.4845
1852,10.09375,1257.4623
1853,10.09375,1251.3679
1854,10.09375,1245.2016
1855,10.09375,1238.9632
1856,10.09375,1232.6534
1857,10.09375,1226.2726
1858,10.09375,1219.8202
1859,10.09375,1213.2971
1860,10.09375,1206.7032
1861,10.09375,1200.0392
1862,10.09375,1193.3052
1863,10.09375,1186.501
1864,10.09375,1179.6274
1865,10.09375,1172.6843
1866,10.09375,1165.6725
1867,10.09375,1158.592
1868,10.09375,1151.4429
1869,10.09375,1144.2257
1870,10.09375,1136.9409
1871,10.09375,1129.5884
1872,10.09375,1122.1687
1873,10.09375,1114.682
1874,10.09375,1107.1288
1875,10.09375,1099.509
1876,10.09375,1091.824
1877,10.09375,1084.0726
1878,10.09375,1076.2567
1879,10.109375,1068.3755
1880,10.109375,1060.4294
1881,10.109375,1052.4199
1882,10.09375,1044.3457
1883,10.09375,1036.2088
1884,10.109375,1028.0083
1885,10.109375,1019.7453
1886,10.109375,1011.4196
1887,10.109375,1003.03216
1888,10.109375,994.582768
1889,10.109375,986.0723
1890,10.109375,977.5013
1891,10.109375,968.8695
1892,10.109375,960.178
1893,10.109375,951.427
1894,10.109375,942.6166
1895,10.109375,933.7475
1896,10.109375,924.81976
1897,10.125,915.834336
1898,10.125,906.7917
1899,10.125,897.6915
1900,10.125,888.5351
1901,10.125,879.32216
1902,10.125,870.0537
1903,10.125,860.7303
1904,10.125,851.3516
1905,10.140625,841.91896
1906,10.140625,832.4326
1907,10.140625,822.8925
1908,10.140625,813.2998
1909,10.140625,803.6543
1910,10.140625,793.9571
1911,10.140625,784.20808
1912,10.140625,774.409
1913,10.140625,764.5585
1914,10.140625,754.65896
1915,10.140625,744.70952
1916,10.15625,734.7108
1917,10.15625,724.6647
1918,10.15625,714.5696
1919,10.15625,704.428036
1920,10.15625,694.2393
1921,10.171875,684.0046
1922,10.171875,673.72376
1923,10.171875,663.398
1924,10.171875,653.0272
1925,10.171875,642.6132
1926,10.1875,632.15468
1927,10.1875,621.654
1928,10.1875,611.1106
1929,10.1875,600.525
1930,10.1875,589.8984
1931,10.1875,579.2313
1932,10.1875,568.5238
1933,10.1875,557.777
1934,10.203125,546.9916
1935,10.203125,536.16736
1936,10.203125,525.3057
1937,10.21875,514.4072
1938,10.21875,503.47184
1939,10.21875,492.500068
1940,10.21875,481.494
1941,10.234375,470.4528
1942,10.234375,459.3771
1943,10.234375,448.26828
1944,10.234375,437.12692
1945,10.234375,425.95296
1946,10.25,414.747736
1947,10.25,403.51188
1948,10.265625,392.2454
1949,10.265625,380.9495
1950,10.265625,369.62428
1951,10.28125,358.271
1952,10.28125,346.89036
1953,10.28125,335.48228
1954,10.28125,324.0482
1955,10.296875,312.58798
1956,10.296875,301.1038
1957,10.296875,289.59412
1958,10.296875,278.06184
1959,10.3125,266.50544
1960,10.328125,254.92776
1961,10.328125,243.32808
1962,10.328125,231.70776
1963,10.34375,220.06682
1964,10.34375,208.40666
1965,10.34375,196.72796
1966,10.359375,185.030732
1967,10.375,173.31638
1968,10.375,161.5849
1969,10.390625,149.83772
1970,10.390625,138.07556
1971,10.390625,126.298416
1972,10.40625,114.50771
1973,10.40625,102.70347
1974,10.40625,90.88713
1975,10.421875,79.0594
1976,10.4375,67.22031
1977,10.4375,55.37131
1978,10.4375,43.513128
1979,10.453125,31.64578
1980,10.453125,19.770736
1981,10.453125,7.888013
1982,10.46875,-4.000927
1983,10.484375,-15.895338
1984,10.484375,-27.795186
1985,10.5,-39.699
1986,10.5,-51.60675
1987,10.5,-63.51696
1988,10.515625,-75.42888
1989,10.515625,-87.34245
1990,10.53125,-99.2562
1991,10.546875,-111.1701
1992,10.546875,-123.08265
1993,10.5625,-134.99309
1994,10.5625,-146.90135
1995,10.5625,-158.80597
1996,10.578125,-170.70616
1997,10.578125,-182.601868
1998,10.59375,-194.4916
1999,10.609375,-206.3753
2000,10.625,-218.25146
2001,10.625,-230.12002
2002,10.625,-241.9795
2003,10.625,-253.829132
2004,10.625,-265.6681
2005,10.65625,-277.4956
2006,10.671875,-289.3123
2007,10.6875,-301.116
2008,10.6875,-312.90584
2009,10.6875,-324.68116
2010,10.703125,-336.44248
2011,10.703125,-348.1862
2012,10.703125,-359.91436
2013,10.71875,-371.6248
2014,10.71875,-383.31664
2015,10.75,-394.990536
2016,10.765625,-406.6443
2017,10.765625,-418.27576
2018,10.765625,-429.88684
2019,10.78125,-441.476768
2020,10.8125,-453.042
2021,10.8125,-464.58448
2022,10.828125,-476.10068
2023,10.84375,-487.59252
2024,10.859375,-499.05924
2025,10.859375,-510.4972
2026,10.859375,-521.9071
2027,10.875,-533.2894
2028,10.96875,-544.6421
2029,10.96875,-555.9642
2030,10.984375,-567.2563
2031,11.0,-578.515
2032,11.0,-589.7421
2033,11.015625,-600.93552
2034,11.015625,-612.0944
2035,11.046875,-623.2181
2036,11.046875,-634.30692
2037,11.0625,-645.3576
2038,11.0625,-656.3719
2039,11.078125,-667.34768
2040,11.09375,-678.28548
2041,11.109375,-689.18192
2042,11.125,-700.0389
2043,11.125,-710.8541
2044,11.140625,-721.6269
2045,11.15625,-732.3565
2046,11.15625,-743.04332
2047,11.15625,-753.6841
2048,11.171875,-764.28068
2049,11.203125,-774.8306
2050,11.21875,-785.333568
2051,11.234375,-795.7898
2052,11.234375,-806.1961
2053,11.265625,-816.5541
2054,11.265625,-826.86192
2055,11.28125,-837.1186
2056,11.296875,-847.32468
2057,11.3125,-857.477
2058,11.328125,-867.57716
2059,11.328125,-877.6231
2060,11.328125,-887.6142
2061,11.34375,-897.550864
2062,11.359375,-907.42992
2063,11.375,-917.25288
2064,11.375,-927.018
2065,11.390625,-936.724336
2066,11.421875,-946.37132
2067,11.421875,-955.9592
2068,11.4375,-965.48616
2069,11.453125,-974.9503
2070,11.46875,-984.3542
2071,11.46875,-993.6939
2072,11.5,-1002.9696
2073,11.5,-1012.1818
2074,11.5,-1021.3286
2075,11.53125,-1030.4093
2076,11.53125,-1039.4231
2077,11.546875,-1048.3705
2078,11.5625,-1057.2496
2079,11.5625,-1066.0587
2080,11.5625,-1074.7991
2081,11.5625,-1083.4701
2082,11.578125,-1092.069
2083,11.59375,-1100.597
2084,11.59375,-1109.0525
2085,11.609375,-1117.4348
2086,11.609375,-1125.7432
2087,11.640625,-1133.977
2088,11.640625,-1142.1365
2089,11.65625,-1150.22
2090,11.65625,-1158.2268
2091,11.6875,-1166.1564
2092,11.6875,-1174.0079
2093,11.703125,-1181.7818
2094,11.703125,-1189.4763
2095,11.71875,-1197.0908
2096,11.71875,-1204.6248
2097,11.734375,-1212.0774
2098,11.75,-1219.449
2099,11.765625,-1226.7373
2100,11.765625,-1233.9431
2101,11.78125,-1241.0652
2102,11.78125,-1248.1035
2103,11.796875,-1255.0562
2104,11.8125,-1261.9238
2105,11.8125,-1268.7052
2106,11.8125,-1275.3996
2107,11.828125,-1282.0067
2108,11.84375,-1288.5264
2109,11.859375,-1294.9572
2110,11.859375,-1301.2982
2111,11.875,-1307.5506
2112,11.890625,-1313.7122
2113,11.890625,-1319.7826
2114,11.90625,-1325.7621
2115,11.90625,-1331.6495
2116,11.921875,-1337.4443
2117,11.921875,-1343.1458
2118,11.9375,-1348.7542
2119,11.9375,-1354.2676
2120,11.953125,-1359.6869
2121,11.953125,-1365.0108
2122,11.96875,-1370.2388
2123,11.96875,-1375.371
2124,11.96875,-1380.4056
2125,11.96875,-1385.3435
2126,11.984375,-1390.1836
2127,12.0,-1394.9252
2128,12.0,-1399.5685
2129,12.0,-1404.1118
2130,12.015625,-1408.5559
2131,12.015625,-1412.8998
2132,12.015625,-1417.1428
2133,12.03125,-1421.2847
2134,12.03125,-1425.3254
2135,12.0625,-1429.264
2136,12.078125,-1433.1002
2137,12.078125,-1436.8334
2138,12.078125,-1440.4632
2139,12.09375,-1443.9898
2140,12.09375,-1447.4118
2141,12.09375,-1450.7295
2142,12.09375,-1453.9424
2143,12.109375,-1457.0503
2144,12.109375,-1460.0521
2145,12.109375,-1462.9481
2146,12.109375,-1465.7378
2147,12.109375,-1468.4206
2148,12.125,-1470.9963
2149,12.125,-1473.465
2150,12.125,-1475.8253
2151,12.125,-1478.078
2152,12.125,-1480.222
2153,12.140625,-1482.2576
2154,12.140625,-1484.1841
2155,12.140625,-1486.0011
2156,12.15625,-1487.7086
2157,12.15625,-1489.3063
2158,12.15625,-1490.7938
2159,12.140625,-1492.1709
2160,12.140625,-1493.4372
2161,12.15625,-1494.5928
2162,12.15625,-1495.6371
2163,12.15625,-1496.57
2164,12.15625,-1497.3914
2165,12.15625,-1498.1008
2166,12.15625,-1498.6982
2167,12.15625,-1499.1834
2168,12.171875,-1499.5562
2169,12.171875,-1499.8162
2170,12.171875,-1499.9635
2171,12.171875,-1499.9978
2172,12.171875,-1499.919
2173,12.171875,-1499.7269
2174,12.15625,-1499.4214
2175,12.15625,-1499.0024
2176,12.15625,-1498.4697
2177,12.171875,-1497.8232
2178,12.171875,-1497.0628
2179,12.171875,-1496.1884
2180,12.15625,-1495.1998
2181,12.15625,-1494.097
2182,12.15625,-1492.8801
2183,12.15625,-1491.549
2184,12.15625,-1490.1034
2185,12.15625,-1488.5433
2186,12.15625,-1486.869
2187,12.140625,-1485.08
2188,12.140625,-1483.1765
2189,12.140625,-1481.1587
2190,12.125,-1479.0261
2191,12.125,-1476.7794
2192,12.125,-1474.4178
2193,12.125,-1471.9421
2194,12.125,-1469.3519
2195,12.125,-1466.6471
2196,12.109375,-1463.8282
2197,12.125,-1460.895
2198,12.109375,-1457.8475
2199,12.109375,-1454.6862
2200,12.109375,-1451.4104
2201,12.109375,-1448.0212
2202,12.109375,-1444.5178
2203,12.109375,-1440.9009
2204,12.09375,-1437.1705
2205,12.09375,-1433.3264
2206,12.09375,-1429.3695
2207,12.09375,-1425.2991
2208,12.09375,-1421.1158
2209,12.078125,-1416.8198
2210,12.078125,-1412.4115
2211,12.0625,-1407.8902
2212,12.0625,-1403.2574
2213,12.0625,-1398.5123
2214,12.0625,-1393.6554
2215,12.0625,-1388.6866
2216,12.03125,-1383.6072
2217,12.03125,-1378.4164
2218,12.03125,-1373.1148
2219,12.03125,-1367.7028
2220,12.03125,-1362.1808
2221,12.03125,-1356.5484
2222,12.015625,-1350.807
2223,12.015625,-1344.9559
2224,12.0,-1338.9958
2225,12.0,-1332.9272
2226,12.0,-1326.7498
2227,12.0,-1320.4652
2228,11.984375,-1314.0723
2229,11.984375,-1307.5724
2230,11.984375,-1300.9658
2231,11.96875,-1294.2521
2232,11.96875,-1287.433
2233,11.96875,-1280.5078
2234,11.953125,-1273.4773
2235,11.953125,-1266.3422
2236,11.953125,-1259.102
2237,11.953125,-1251.7588
2238,11.9375,-1244.3114
2239,11.9375,-1236.7611
2240,11.9375,-1229.1083
2241,11.9375,-1221.3536
2242,11.921875,-1213.4966
2243,11.921875,-1205.5387
2244,11.90625,-1197.4802
2245,11.90625,-1189.322
2246,11.90625,-1181.0642
2247,11.90625,-1172.7078
2248,11.890625,-1164.252
2249,11.890625,-1155.6984
2250,11.875,-1147.0477
2251,11.875,-1138.3005
2252,11.875,-1129.4562
2253,11.875,-1120.5166
2254,11.859375,-1111.4832
2255,11.859375,-1102.3535
2256,11.84375,-1093.1314
2257,11.84375,-1083.8162
2258,11.84375,-1074.4078
2259,11.828125,-1064.9078
2260,11.828125,-1055.3168
2261,11.8125,-1045.6354
2262,11.8125,-1035.8644
2263,11.8125,-1026.0034
2264,11.796875,-1016.0543
2265,11.796875,-1006.0176
2266,11.78125,-995.894032
2267,11.78125,-985.6844
2268,11.765625,-975.388336
2269,11.765625,-965.007536
2270,11.75,-954.543
2271,11.75,-943.9953
2272,11.734375,-933.3653
2273,11.734375,-922.6525
2274,11.734375,-911.8591
2275,11.71875,-900.9856
2276,11.703125,-890.03292
2277,11.703125,-879.00184
2278,11.6875,-867.8921
2279,11.6875,-856.7068
2280,11.6875,-845.44448
2281,11.671875,-834.107
2282,11.65625,-822.69416
2283,11.65625,-811.2093
2284,11.640625,-799.65064
2285,11.640625,-788.0204
2286,11.625,-776.3195
2287,11.625,-764.5488
2288,11.625,-752.7092
2289,11.609375,-740.800368
2290,11.59375,-728.8245
2291,11.59375,-716.7824
2292,11.59375,-704.6751
2293,11.578125,-692.5023
2294,11.5625,-680.26744
2295,11.5625,-667.9689
2296,11.5625,-655.60892
2297,11.5625,-643.18852
2298,11.546875,-630.7074
2299,11.546875,-618.1677
2300,11.53125,-605.5719
2301,11.53125,-592.9183
2302,11.515625,-580.2078
2303,11.515625,-567.4443
2304,11.5,-554.62724
2305,11.5,-541.7565
2306,11.484375,-528.8343
2307,11.46875,-515.8618
2308,11.46875,-502.83864
2309,11.46875,-489.7686
2310,11.4375,-476.65
2311,11.4375,-463.485236
2312,11.421875,-450.2755
2313,11.40625,-437.0218
2314,11.40625,-423.723816
2315,11.40625,-410.384
2316,11.390625,-397.003552
2317,11.375,-383.58352
2318,11.375,-370.124936
2319,11.34375,-356.629068
2320,11.34375,-343.09552
2321,11.34375,-329.5269
2322,11.328125,-315.92426
2323,11.328125,-302.2888
2324,11.3125,-288.6202
2325,11.296875,-274.92104
2326,11.296875,-261.1939
2327,11.28125,-247.43712
2328,11.28125,-233.65182
2329,11.265625,-219.84206
2330,11.25,-206.00612
2331,11.234375,-192.14662
2332,11.21875,-178.26474
2333,11.203125,-164.36166
2334,11.1875,-150.4386
2335,11.1875,-136.49528
2336,11.171875,-122.53439
2337,11.171875,-108.55709
2338,11.15625,-94.56459
2339,11.140625,-80.558104
2340,11.125,-66.53743
2341,11.125,-52.505216
2342,11.109375,-38.462672
2343,11.109375,-24.411036
2344,11.078125,-10.351534
2345,11.0625,3.71603
2346,11.046875,17.787558
2347,10.953125,31.864672
2348,10.9375,45.9447
2349,10.9375,60.02782
2350,10.9375,74.10993
2351,10.921875,88.192632
2352,10.90625,102.273256
2353,10.90625,116.350532
2354,10.890625,130.4232
2355,10.890625,144.49144
2356,10.890625,158.55112
2357,10.890625,172.60384
2358,10.890625,186.6469
2359,10.828125,200.68044
2360,10.8125,214.70038
2361,10.8125,228.708252
2362,10.796875,242.70138
2363,10.78125,256.6785
2364,10.765625,270.63834
2365,10.765625,284.5796
2366,10.765625,298.50238
2367,10.75,312.40404
2368,10.75,326.28332
2369,10.734375,340.13892
2370,10.71875,353.9695
2371,10.703125,367.77528
2372,10.703125,381.5535
2373,10.703125,395.3029
2374,10.6875,409.022216
2375,10.671875,422.710136
2376,10.65625,436.3668
2377,10.65625,449.98948
2378,10.640625,463.57696
2379,10.640625,477.12792
2380,10.640625,490.6411
2381,10.625,504.11664
2382,10.625,517.5504
2383,10.609375,530.944
2384,10.59375,544.2946
2385,10.59375,557.6024
2386,10.578125,570.86348
2387,10.578125,584.0791
2388,10.5625,597.2468
2389,10.5625,610.3653
2390,10.5625,623.4332
2391,10.5625,636.4507
2392,10.546875,649.4138
2393,10.53125,662.324
2394,10.53125,675.1785
2395,10.53125,687.9776
2396,10.515625,700.7173
2397,10.5,713.39908
2398,10.5,726.02016
2399,10.5,738.57944
2400,10.5,751.0758
2401,10.5,763.5079
2402,10.484375,775.8756
2403,10.46875,788.1767
2404,10.46875,800.4098
2405,10.46875,812.5737
2406,10.46875,824.667236
2407,10.453125,836.6904
2408,10.4375,848.64072
2409,10.4375,860.517
2410,10.4375,872.3181
2411,10.4375,884.04284
2412,10.4375,895.69108
2413,10.421875,907.2606
2414,10.421875,918.75
2415,10.40625,930.158464
2416,10.40625,941.484432
2417,10.390625,952.72816
2418,10.390625,963.88616
2419,10.390625,974.95932
2420,10.375,985.9457
2421,10.375,996.84504
2422,10.359375,1007.6542
2423,10.359375,1018.374
2424,10.359375,1029.0022
2425,10.34375,1039.5381
2426,10.34375,1049.9801
2427,10.328125,1060.3284
2428,10.328125,1070.5797
2429,10.328125,1080.7352
2430,10.3125,1090.7927
2431,10.3125,1100.751
2432,10.296875,1110.61
2433,10.296875,1120.3677
2434,10.296875,1130.0222
2435,10.28125,1139.5745
2436,10.28125,1149.0231
2437,10.28125,1158.3654
2438,10.28125,1167.6022
2439,10.265625,1176.7314
2440,10.265625,1185.7524
2441,10.25,1194.6638
2442,10.25,1203.4648
2443,10.25,1212.1553
2444,10.25,1220.7333
2445,10.234375,1229.1973
2446,10.234375,1237.5486
2447,10.234375,1245.7837
2448,10.234375,1253.9036
2449,10.234375,1261.9056
2450,10.21875,1269.7903
2451,10.21875,1277.5562
2452,10.203125,1285.203
2453,10.203125,1292.7283
2454,10.203125,1300.1328
2455,10.1875,1307.415
2456,10.1875,1314.5738
2457,10.1875,1321.6086
2458,10.1875,1328.519
2459,10.1875,1335.3038
2460,10.1875,1341.9613
2461,10.1875,1348.4927
2462,10.1875,1354.8952
2463,10.171875,1361.1688
2464,10.171875,1367.3134
2465,10.171875,1373.3274
2466,10.15625,1379.2103
2467,10.15625,1384.9612
2468,10.15625,1390.58
2469,10.15625,1396.0648
2470,10.140625,1401.4161
2471,10.140625,1406.6327
2472,10.140625,1411.7139
2473,10.140625,1416.6594
2474,10.140625,1421.4676
2475,10.140625,1426.1392
2476,10.140625,1430.6725
2477,10.125,1435.0672
2478,10.125,1439.3232
2479,10.125,1443.439
2480,10.125,1447.4148
2481,10.109375,1451.2496
2482,10.109375,1454.9431
2483,10.109375,1458.4949
2484,10.109375,1461.9037
2485,10.109375,1465.1698
2486,10.109375,1468.2925
2487,10.109375,1471.271
2488,10.109375,1474.1051
2489,10.09375,1476.7946
2490,10.09375,1479.3386
2491,10.09375,1481.7366
2492,10.09375,1483.9888
2493,10.078125,1486.0941
2494,10.078125,1488.0525
2495,10.078125,1489.8639
2496,10.078125,1491.5272
2497,10.0625,1493.0427
2498,10.0625,1494.4098
2499,10.0625,1495.6282
2500,10.0625,1496.6975
2501,10.0625,1497.6177
2502,10.0625,1498.3883
2503,10.0625,1499.0092
2504,10.0625,1499.4798
2505,10.0625,1499.8003
2506,10.0625,1499.9702
2507,10.0625,1499.9895
2508,10.0625,1499.858
2509,10.0625,1499.5754
2510,10.046875,1499.1417
2511,10.046875,1498.5566
2512,10.046875,1497.8201
2513,10.03125,1496.932
2514,10.03125,1495.8923
2515,10.03125,1494.7009
2516,10.015625,1493.3577
2517,10.015625,1491.8628
2518,10.015625,1490.2158
2519,10.015625,1488.4172
2520,10.015625,1486.4666
2521,10.015625,1484.3644
2522,10.015625,1482.1101
2523,10.015625,1479.7042
2524,10.015625,1477.1464
2525,10.015625,1474.4372
2526,10.015625,1471.5764
2527,10.015625,1468.5643
2528,10.015625,1465.4009
2529,10.015625,1462.0864
2530,10.015625,1458.6208
2531,10.015625,1455.0048
2532,10.015625,1451.2379
2533,10.015625,1447.3207
2534,10.015625,1443.2529
2535,10.015625,1439.0359
2536,10.015625,1434.6687
2537,10.015625,1430.1524
2538,10.015625,1425.4869
2539,10.015625,1420.6727
2540,10.015625,1415.7103
2541,10.015625,1410.5994
2542,10.015625,1405.3407
2543,10.015625,1399.9348
2544,10.015625,1394.382
2545,10.015625,1388.6826
2546,10.015625,1382.8367
2547,10.015625,1376.8451
2548,10.015625,1370.7084
2549,10.015625,1364.4269
2550,10.015625,1358.0012
2551,10.015625,1351.4312
2552,10.015625,1344.718
2553,10.015625,1337.862
2554,10.015625,1330.8641
2555,10.015625,1323.7246
2556,10.015625,1316.4435
2557,10.015625,1309.0227
2558,10.015625,1301.4614
2559,10.015625,1293.7605
2560,10.015625,1285.9218
2561,10.015625,1277.9452
2562,10.015625,1269.8308
2563,10.015625,1261.58
2564,10.015625,1253.1935
2565,10.015625,1244.672
2566,10.015625,1236.0155
2567,10.015625,1227.2257
2568,10.015625,1218.3038
2569,10.015625,1209.2485
2570,10.015625,1200.063
2571,10.015625,1190.7472
2572,10.015625,1181.3012
2573,10.015625,1171.7264
2574,10.015625,1162.0242
2575,10.03125,1152.195
2576,10.03125,1142.2399
2577,10.03125,1132.1589
2578,10.03125,1121.954
2579,10.03125,1111.626
2580,10.03125,1101.1756
2581,10.03125,1090.6034
2582,10.03125,1079.9118
2583,10.03125,1069.1
2584,10.03125,1058.1703
2585,10.03125,1047.1233
2586,10.046875,1035.9603
2587,10.046875,1024.6813
2588,10.046875,1013.2883
2589,10.046875,1001.78264
2590,10.0625,990.165168
2591,10.0625,978.4372
2592,10.0625,966.59864
2593,10.0625,954.6519
2594,10.0625,942.59908
2595,10.0625,930.4381
2596,10.0625,918.1735
2597,10.0625,905.8054
2598,10.0625,893.3339
2599,10.0625,880.7613
2600,10.0625,868.0889
2601,10.0625,855.31792
2602,10.0625,842.4484
2603,10.0625,829.483
2604,10.0625,816.424
2605,10.078125,803.27052
2606,10.078125,790.02376
2607,10.078125,776.687536
2608,10.078125,763.2607
2609,10.09375,749.7458
2610,10.09375,736.1444
2611,10.09375,722.45776
2612,10.09375,708.68728
2613,10.109375,694.8331
2614,10.109375,680.898
2615,10.109375,666.88336
2616,10.109375,652.79064
2617,10.109375,638.6212
2618,10.109375,624.3754
2619,10.109375,610.0559
2620,10.125,595.66424
2621,10.125,581.2019
2622,10.125,566.6704
2623,10.125,552.06992
2624,10.140625,537.4034
2625,10.140625,522.6723
2626,10.140625,507.8782
2627,10.140625,493.0227
2628,10.140625,478.106
2629,10.140625,463.132432
2630,10.15625,448.10084
2631,10.15625,433.01416
2632,10.171875,417.8727
2633,10.171875,402.6808
2634,10.1875,387.43732
2635,10.1875,372.14532
2636,10.1875,356.80644
2637,10.1875,341.42232
2638,10.1875,325.99326
2639,10.1875,310.52374
2640,10.203125,295.0126
2641,10.203125,279.46292
2642,10.21875,263.87506
2643,10.21875,248.253508
2644,10.21875,232.597168
2645,10.234375,216.91056
2646,10.234375,201.19256
2647,10.25,185.44498
2648,10.25,169.67234
2649,10.265625,153.87355
2650,10.28125,138.0518
2651,10.28125,122.20884
2652,10.28125,106.34643
2653,10.28125,90.46635
2654,10.296875,74.56894
2655,10.3125,58.657412
2656,10.3125,42.734984
2657,10.3125,26.799152
2658,10.328125,10.856003
2659,10.328125,-5.0955256
2660,10.328125,-21.05077
2661,10.34375,-37.010784
2662,10.359375,-52.97232
2663,10.359375,-68.935
2664,10.390625,-84.89414
2665,10.390625,-100.85079
2666,10.390625,-116.80169
2667,10.40625,-132.74501
2668,10.421875,-148.67891
2669,10.421875,-164.60301
2670,10.453125,-180.51402
2671,10.453125,-196.4087
2672,10.484375,-212.289484
2673,10.484375,-228.150268
2674,10.5,-243.990632
2675,10.5,-259.81012
2676,10.5625,-275.6055
2677,10.578125,-291.37494
2678,10.59375,-307.11656
2679,10.59375,-322.82996
2680,10.59375,-338.51048
2681,10.625,-354.159068
2682,10.625,-369.772436
2683,10.640625,-385.34884
2684,10.65625,-400.8878
2685,10.65625,-416.38464
2686,10.65625,-431.84032
2687,10.6875,-447.25168
2688,10.6875,-462.616832
2689,10.703125,-477.93528
2690,10.71875,-493.20248
2691,10.71875,-508.41936
2692,10.75,-523.5827
2693,10.75,-538.69076
2694,10.75,-553.7429
2695,10.75,-568.7348
2696,10.765625,-583.6671
2697,10.765625,-598.5369
2698,10.765625,-613.3423
2699,10.796875,-628.0815
2700,10.8125,-642.7539
2701,10.828125,-657.3553
2702,10.84375,-671.886336
2703,10.84375,-686.34536
2704,10.859375,-700.72784
2705,10.859375,-715.0335
2706,10.890625,-729.2617
2707,10.90625,-743.4095
2708,10.90625,-757.47508
2709,10.90625,-771.45668
2710,10.9375,-785.35392
2711,10.9375,-799.1625
2712,10.9375,-812.8831
2713,10.953125,-826.51292
2714,10.96875,-840.0514
2715,10.984375,-853.4944
2716,11.0,-866.8426
2717,11.0,-880.092
2718,11.03125,-893.243136
2719,11.046875,-906.2946
2720,11.046875,-919.2422
2721,11.0625,-932.0867
2722,11.078125,-944.82416
2723,11.078125,-957.4551
2724,11.078125,-969.977968
2725,11.125,-982.3889
2726,11.125,-994.68868
2727,11.15625,-1006.8733
2728,11.171875,-1018.9434
2729,11.171875,-1030.8974
2730,11.1875,-1042.7318
2731,11.203125,-1054.4459
2732,11.234375,-1066.0392
2733,11.25,-1077.5094
2734,11.25,-1088.8546
2735,11.28125,-1100.0747
2736,11.28125,-1111.1659
2737,11.3125,-1122.1288
2738,11.328125,-1132.961
2739,11.328125,-1143.6612
2740,11.34375,-1154.2278
2741,11.34375,-1164.6602
2742,11.375,-1174.9554
2743,11.375,-1185.1136
2744,11.390625,-1195.1328
2745,11.40625,-1205.0122
2746,11.421875,-1214.7489
2747,11.4375,-1224.3433
2748,11.453125,-1233.7924
2749,11.46875,-1243.0972
2750,11.484375,-1252.2542
2751,11.5,-1261.2627
2752,11.5,-1270.1224
2753,11.515625,-1278.8313
2754,11.53125,-1287.3881
2755,11.546875,-1295.7915
2756,11.578125,-1304.0405
2757,11.59375,-1312.1346
2758,11.609375,-1320.0719
2759,11.640625,-1327.8512
2760,11.640625,-1335.4714
2761,11.671875,-1342.9315
2762,11.6875,-1350.231
2763,11.703125,-1357.3682
2764,11.71875,-1364.342
2765,11.71875,-1371.1514
2766,11.71875,-1377.7954
2767,11.75,-1384.2736
2768,11.765625,-1390.5839
2769,11.796875,-1396.7263
2770,11.8125,-1402.6996
2771,11.8125,-1408.5032
2772,11.828125,-1414.1351
2773,11.84375,-1419.5957
2774,11.859375,-1424.8834
2775,11.859375,-1429.9974
2776,11.890625,-1434.937
2777,11.890625,-1439.7018
2778,11.921875,-1444.2902
2779,11.9375,-1448.702
2780,11.953125,-1452.9364
2781,11.96875,-1456.993
2782,11.96875,-1460.8702
2783,11.96875,-1464.5682
2784,12.015625,-1468.0859
2785,12.015625,-1471.4227
2786,12.0625,-1474.5781
2787,12.0625,-1477.5514
2788,12.078125,-1480.3423
2789,12.09375,-1482.95
2790,12.09375,-1485.3739
2791,12.09375,-1487.6138
2792,12.125,-1489.6688
2793,12.140625,-1491.5391
2794,12.15625,-1493.2236
2795,12.171875,-1494.7223
2796,12.203125,-1496.0346
2797,12.21875,-1497.1602
2798,12.21875,-1498.0989
2799,12.234375,-1498.8501
2800,12.25,-1499.4137
2801,12.265625,-1499.7893
2802,12.265625,-1499.9768
2803,12.28125,-1499.9761
2804,12.3125,-1499.7866
2805,12.3125,-1499.4083
2806,12.328125,-1498.8412
2807,12.34375,-1498.085
2808,12.34375,-1497.1396
2809,12.359375,-1496.0049
2810,12.359375,-1494.681
2811,12.359375,-1493.1678
2812,12.390625,-1491.4652
2813,12.390625,-1489.5731
2814,12.40625,-1487.4921
2815,12.421875,-1485.2216
2816,12.421875,-1482.762
2817,12.421875,-1480.1134
2818,12.4375,-1477.2758
2819,12.4375,-1474.2494
2820,12.453125,-1471.0348
2821,12.453125,-1467.6316
2822,12.453125,-1464.04
2823,12.484375,-1460.2611
2824,12.484375,-1456.2943
2825,12.484375,-1452.1402
2826,12.484375,-1447.7994
2827,12.5,-1443.272
2828,12.5,-1438.5585
2829,12.5,-1433.6593
2830,12.515625,-1428.5745
2831,12.515625,-1423.3048
2832,12.515625,-1417.8508
2833,12.515625,-1412.2122
2834,12.515625,-1406.391
2835,12.515625,-1400.3872
2836,12.515625,-1394.2003
2837,12.515625,-1387.833
2838,12.5,-1381.2837
2839,12.5,-1374.554
2840,12.5,-1367.6449
2841,12.5,-1360.558
2842,12.5,-1353.2906
2843,12.5,-1345.8473
2844,12.5,-1338.2272
2845,12.484375,-1330.4315
2846,12.484375,-1322.4594
2847,12.484375,-1314.3146
2848,12.453125,-1305.9952
2849,12.453125,-1297.5036
2850,12.453125,-1288.8404
2851,12.4375,-1280.0086
2852,12.421875,-1271.0056
2853,12.421875,-1261.8328
2854,12.421875,-1252.4939
2855,12.40625,-1242.9888
2856,12.390625,-1233.3166
2857,12.390625,-1223.482
2858,12.375,-1213.4826
2859,12.359375,-1203.3229
2860,12.359375,-1193.0007
2861,12.359375,-1182.519
2862,12.34375,-1171.8788
2863,12.328125,-1161.0817
2864,12.328125,-1150.1284
2865,12.3125,-1139.0188
2866,12.28125,-1127.7577
2867,12.265625,-1116.3426
2868,12.25,-1104.7789
2869,12.25,-1093.064
2870,12.234375,-1081.2012
2871,12.21875,-1069.1941
2872,12.21875,-1057.0398
2873,12.203125,-1044.7399
2874,12.1875,-1032.3
2875,12.171875,-1019.71952
2876,12.15625,-1007.00008
2877,12.140625,-994.1409
2878,12.109375,-981.14792
2879,12.09375,-968.01852
2880,12.09375,-954.75632
2881,12.0625,-941.36308
2882,12.03125,-927.8402
2883,12.015625,-914.1896
2884,12.0,-900.412864
2885,12.0,-886.5117
2886,11.984375,-872.488
2887,11.96875,-858.34092
2888,11.953125,-844.07716
2889,11.9375,-829.69352
2890,11.90625,-815.1944
2891,11.890625,-800.584
2892,11.875,-785.8592
2893,11.875,-771.0243
2894,11.859375,-756.08136
2895,11.84375,-741.02968
2896,11.828125,-725.8761
2897,11.828125,-710.6201
2898,11.78125,-695.261168
2899,11.765625,-679.8062
2900,11.75,-664.25224
2901,11.75,-648.6038
2902,11.703125,-632.86284
2903,11.6875,-617.0314
2904,11.671875,-601.1115
2905,11.65625,-585.1053
2906,11.640625,-569.01484
2907,11.59375,-552.83952
2908,11.578125,-536.5868
2909,11.5625,-520.2535
2910,11.5625,-503.84708
2911,11.546875,-487.364268
2912,11.546875,-470.80996
2913,11.5,-454.18636
2914,11.484375,-437.4957
2915,11.484375,-420.74008
2916,11.40625,-403.92172
2917,11.390625,-387.040232
2918,11.359375,-370.1032
2919,11.34375,-353.10748
2920,11.328125,-336.06084
2921,11.296875,-318.96
2922,11.28125,-301.81
2923,11.28125,-284.6132
2924,11.25,-267.37184
2925,11.234375,-250.088268
2926,11.203125,-232.76484
2927,11.171875,-215.40104
2928,11.171875,-198.0049
2929,11.140625,-180.575932
2930,11.09375,-163.11363
2931,11.0625,-145.62324
2932,11.046875,-128.10716
2933,11.03125,-110.56774
2934,11.015625,-93.0074
2935,10.984375,-75.42854
2936,10.96875,-57.833572
2937,10.953125,-40.22491
2938,10.9375,-22.604974
2939,10.921875,-4.973337
2940,10.90625,12.664711
2941,10.875,30.303866
2942,10.859375,47.947408
2943,10.84375,65.59003
2944,10.84375,83.22928
2945,10.84375,100.8627
2946,10.765625,118.48784
2947,10.765625,136.10222
2948,10.71875,153.70624
2949,10.71875,171.29172
2950,10.703125,188.861908
2951,10.671875,206.408624
2952,10.625,223.9351
2953,10.625,241.436
2954,10.625,258.90884
2955,10.578125,276.35124
2956,10.5625,293.76056
2957,10.5625,311.1345
2958,10.546875,328.47328
2959,10.53125,345.76884
2960,10.5,363.02432
2961,10.484375,380.2317
2962,10.484375,397.39404
2963,10.484375,414.50612
2964,10.4375,431.565468
2965,10.40625,448.5696
2966,10.390625,465.51614
2967,10.390625,482.4026
2968,10.359375,499.2265
2969,10.34375,515.98816
2970,10.328125,532.67976
2971,10.328125,549.30416
2972,10.28125,565.85364
2973,10.28125,582.3311
2974,10.25,598.7315
2975,10.25,615.0524
2976,10.25,631.29144
2977,10.25,647.4462
2978,10.234375,663.51696
2979,10.203125,679.4961
2980,10.1875,695.3838
2981,10.1875,711.180336
2982,10.1875,726.88088
2983,10.1875,742.4804
2984,10.15625,757.9817
2985,10.140625,773.37992
2986,10.140625,788.6728
2987,10.109375,803.85816
2988,10.109375,818.9358
2989,10.109375,833.899
2990,10.078125,848.7477
2991,10.0625,863.4821
2992,10.0625,878.09752
2993,10.0625,892.58952
2994,10.0625,906.9606
2995,10.046875,921.20608
2996,10.015625,935.32384
2997,10.015625,949.3117
2998,9.9375,963.16768
2999,9.9375,976.89168
3000,9.921875,990.477264
3001,9.90625,1003.9266
3002,9.90625,1017.2335
3003,9.890625,1030.3999
3004,9.890625,1043.422
3005,9.890625,1056.2974
3006,9.890625,1069.0242
3007,9.859375,1081.6005
3008,9.859375,1094.0244
3009,9.859375,1106.2937
3010,9.84375,1118.4067
3011,9.84375,1130.3634
3012,9.828125,1142.1597
3013,9.828125,1153.7921
3014,9.8125,1165.2624
3015,9.8125,1176.567
3016,9.8125,1187.704
3017,9.8125,1198.6716
3018,9.796875,1209.4682
3019,9.796875,1220.0917
3020,9.796875,1230.5425
3021,9.78125,1240.8152
3022,9.78125,1250.9116
3023,9.78125,1260.8268
3024,9.78125,1270.5624
3025,9.765625,1280.115
3026,9.765625,1289.4832
3027,9.765625,1298.6654
3028,9.765625,1307.66
3029,9.765625,1316.4657
3030,9.75,1325.0809
3031,9.75,1333.5055
3032,9.734375,1341.7352
3033,9.734375,1349.7716
3034,9.734375,1357.6118
3035,9.734375,1365.2544
3036,9.734375,1372.697
3037,9.71875,1379.9407
3038,9.71875,1386.984
3039,9.71875,1393.8236
3040,9.703125,1400.4594
3041,9.703125,1406.8901
3042,9.703125,1413.1157
3043,9.6875,1419.134
3044,9.6875,1424.943
3045,9.6875,1430.5433
3046,9.6875,1435.9332
3047,9.6875,1441.1116
3048,9.6875,1446.0774
3049,9.6875,1450.8298
3050,9.671875,1455.3679
3051,9.671875,1459.6915
3052,9.671875,1463.7984
3053,9.671875,1467.6888
3054,9.65625,1471.3612
3055,9.65625,1474.8154
3056,9.65625,1478.0506
3057,9.65625,1481.0659
3058,9.65625,1483.8607
3059,9.65625,1486.4343
3060,9.65625,1488.786
3061,9.65625,1490.9158
3062,9.65625,1492.8224
3063,9.65625,1494.5058
3064,9.65625,1495.9653
3065,9.65625,1497.2006
3066,9.65625,1498.2112
3067,9.65625,1498.9967
3068,9.65625,1499.557
3069,9.640625,1499.8915
3070,9.640625,1499.9999
3071,9.640625,1499.8823
3072,9.640625,1499.5382
3073,9.640625,1498.9676
3074,9.625,1498.1702
3075,9.625,1497.146
3076,9.625,1495.8952
3077,9.625,1494.4172
3078,9.625,1492.7124
3079,9.625,1490.7808
3080,9.625,1488.6223
3081,9.625,1486.2369
3082,9.625,1483.6254
3083,9.625,1480.7871
3084,9.625,1477.7232
3085,9.625,1474.4329
3086,9.625,1470.9171
3087,9.625,1467.1765
3088,9.625,1463.2106
3089,9.625,1459.02
3090,9.625,1454.6047
3091,9.625,1449.9666
3092,9.625,1445.1054
3093,9.625,1440.0208
3094,9.625,1434.7148
3095,9.625,1429.1868
3096,9.625,1423.4379
3097,9.625,1417.4697
3098,9.625,1411.2814
3099,9.625,1404.8743
3100,9.625,1398.2493
3101,9.625,1391.4062
3102,9.625,1384.3482
3103,9.625,1377.0746
3104,9.625,1369.5856
3105,9.625,1361.8829
3106,9.625,1353.9691
3107,9.625,1345.8426
3108,9.625,1337.5057
3109,9.625,1328.9596
3110,9.625,1320.2052
3111,9.625,1311.2438
3112,9.640625,1302.0752
3113,9.640625,1292.7034
3114,9.640625,1283.1282
3115,9.640625,1273.3496
3116,9.640625,1263.3701
3117,9.640625,1253.193
3118,9.640625,1242.8164
3119,9.640625,1232.2432
3120,9.640625,1221.4748
3121,9.640625,1210.5114
3122,9.65625,1199.3576
3123,9.65625,1188.0132
3124,9.65625,1176.4782
3125,9.65625,1164.7578
3126,9.65625,1152.85
3127,9.65625,1140.7582
3128,9.65625,1128.4862
3129,9.65625,1116.0317
3130,9.65625,1103.3987
3131,9.65625,1090.589
3132,9.671875,1077.6022
3133,9.671875,1064.4442
3134,9.671875,1051.1151
3135,9.671875,1037.6148
3136,9.671875,1023.9469
3137,9.6875,1010.116
3138,9.6875,996.1197
3139,9.6875,981.96216
3140,9.6875,967.6455
3141,9.6875,953.1718
3142,9.6875,938.5432
3143,9.6875,923.75976
3144,9.6875,908.828
3145,9.6875,893.74568
3146,9.703125,878.5196
3147,9.703125,863.1474
3148,9.703125,847.63384
3149,9.71875,831.9811
3150,9.71875,816.19168
3151,9.71875,800.2677
3152,9.71875,784.2119
3153,9.734375,768.0266
3154,9.734375,751.7141
3155,9.734375,735.27464
3156,9.734375,718.7156
3157,9.734375,702.0344
3158,9.75,685.2362
3159,9.75,668.3236
3160,9.75,651.2992
3161,9.75,634.1655
3162,9.765625,616.92536
3163,9.765625,599.5812
3164,9.765625,582.13584
3165,9.765625,564.5894
3166,9.765625,546.94976
3167,9.78125,529.2145
3168,9.78125,511.3888
3169,9.796875,493.4757
3170,9.796875,475.47788
3171,9.796875,457.3982
3172,9.859375,439.2395
3173,9.859375,421.004568
3174,9.859375,402.69636
3175,9.875,384.315
3176,9.875,365.86888
3177,9.890625,347.35536
3178,9.90625,328.78296
3179,9.90625,310.14908
3180,9.90625,291.45948
3181,9.921875,272.71708
3182,9.921875,253.92488
3183,9.9375,235.08594
3184,9.9375,216.2004
3185,9.953125,197.27696
3186,9.953125,178.313
3187,9.953125,159.31723
3188,9.96875,140.28705
3189,9.984375,121.22834
3190,9.984375,102.14707
3191,10.0,83.0405936
3192,10.015625,63.91489
3193,10.015625,44.77019
3194,10.03125,25.615322
3195,10.046875,6.4505552
3196,10.0625,-12.723847
3197,10.0625,-31.89903
3198,10.078125,-51.07758
3199,10.09375,-70.253496
3200,10.09375,-89.42075
3201,10.109375,-108.58193
3202,10.140625,-127.73102
3203,10.140625,-146.8677
3204,10.15625,-165.98312
3205,10.171875,-185.07696
3206,10.1875,-204.14892
3207,10.1875,-223.19012
3208,10.1875,-242.2031
3209,10.203125,-261.17902
3210,10.21875,-280.12032
3211,10.234375,-299.02112
3212,10.25,-317.87814
3213,10.25,-336.68832
3214,10.28125,-355.448436
3215,10.296875,-374.1582
3216,10.3125,-392.8088
3217,10.3125,-411.40268
3218,10.328125,-429.931168
3219,10.34375,-448.39672
3220,10.359375,-466.79332
3221,10.390625,-485.11528
3222,10.390625,-503.3648
3223,10.40625,-521.53876
3224,10.421875,-539.6288
3225,10.4375,-557.63432
3226,10.4375,-575.5524
3227,10.46875,-593.3826
3228,10.46875,-611.1166
3229,10.484375,-628.75652
3230,10.5,-646.29676
3231,10.5,-663.7342
3232,10.53125,-681.0659
3233,10.546875,-698.289
3234,10.546875,-715.40024
3235,10.578125,-732.3969
3236,10.59375,-749.2759
3237,10.59375,-766.03688
3238,10.625,-782.6717
3239,10.640625,-799.1827
3240,10.65625,-815.5644
3241,10.671875,-831.8114
3242,10.6875,-847.92584
3243,10.6875,-863.9024
3244,10.71875,-879.7406
3245,10.71875,-895.4329
3246,10.734375,-910.979
3247,10.75,-926.3761
3248,10.765625,-941.6237
3249,10.796875,-956.7168
3250,10.8125,-971.65048
3251,10.8125,-986.4265
3252,10.84375,-1001.04
3253,10.859375,-1015.48848
3254,10.890625,-1029.7692
3255,10.921875,-1043.8795
3256,10.9375,-1057.8171
3257,10.9375,-1071.5813
3258,10.96875,-1085.1656
3259,11.0,-1098.5716
3260,11.0,-1111.7948
3261,11.015625,-1124.8308
3262,11.03125,-1137.6812
3263,11.03125,-1150.3416
3264,11.03125,-1162.8097
3265,11.078125,-1175.0831
3266,11.109375,-1187.1616
3267,11.125,-1199.0391
3268,11.15625,-1210.7153
3269,11.171875,-1222.1897
3270,11.1875,-1233.4585
3271,11.203125,-1244.5178
3272,11.234375,-1255.3689
3273,11.265625,-1266.008
3274,11.28125,-1276.4334
3275,11.296875,-1286.6428
3276,11.296875,-1296.6344
3277,11.34375,-1306.4076
3278,11.359375,-1315.9576
3279,11.390625,-1325.2856
3280,11.40625,-1334.387
3281,11.4375,-1343.2626
3282,11.453125,-1351.9093
3283,11.453125,-1360.3256
3284,11.484375,-1368.5096
3285,11.515625,-1376.4598
3286,11.515625,-1384.1748
3287,11.546875,-1391.6528
3288,11.578125,-1398.8934
3289,11.59375,-1405.8931
3290,11.625,-1412.6524
3291,11.625,-1419.1681
3292,11.65625,-1425.4406
3293,11.6875,-1431.4676
3294,11.703125,-1437.2482
3295,11.703125,-1442.7808
3296,11.75,-1448.0643
3297,11.765625,-1453.0984
3298,11.796875,-1457.8804
3299,11.796875,-1462.41
3300,11.84375,-1466.687
3301,11.84375,-1470.7096
3302,11.859375,-1474.4764
3303,11.890625,-1477.9876
3304,11.90625,-1481.2417
3305,11.921875,-1484.238
3306,11.9375,-1486.9757
3307,11.953125,-1489.4546
3308,11.984375,-1491.673
3309,11.984375,-1493.631
3310,12.03125,-1495.3281
3311,12.03125,-1496.7633
3312,12.078125,-1497.9365
3313,12.09375,-1498.8472
3314,12.125,-1499.4949
3315,12.125,-1499.8792
3316,12.125,-1499.9998
3317,12.15625,-1499.8564
3318,12.171875,-1499.4492
3319,12.1875,-1498.7776
3320,12.21875,-1497.8416
3321,12.234375,-1496.641
3322,12.234375,-1495.1759
3323,12.265625,-1493.4465
3324,12.28125,-1491.4526
3325,12.3125,-1489.1943
3326,12.3125,-1486.6721
3327,12.34375,-1483.8855
3328,12.34375,-1480.8356
3329,12.375,-1477.5224
3330,12.375,-1473.9458
3331,12.390625,-1470.1072
3332,12.40625,-1466.0058
3333,12.515625,-1461.643
3334,12.53125,-1457.0188
3335,12.53125,-1452.135
3336,12.546875,-1446.9898
3337,12.5625,-1441.5863
3338,12.578125,-1435.9243
3339,12.578125,-1430.0048
3340,12.578125,-1423.8274
3341,12.59375,-1417.3952
3342,12.625,-1410.7068
3343,12.625,-1403.7645
3344,12.625,-1396.5703
3345,12.640625,-1389.1229
3346,12.640625,-1381.4248
3347,12.640625,-1373.476
3348,12.65625,-1365.2797
3349,12.65625,-1356.836
3350,12.65625,-1348.1467
3351,12.671875,-1339.2116
3352,12.671875,-1330.033
3353,12.671875,-1320.6141
3354,12.671875,-1310.9537
3355,12.671875,-1301.0544
3356,12.671875,-1290.9181
3357,12.671875,-1280.5462
3358,12.671875,-1269.9404
3359,12.671875,-1259.1008
3360,12.671875,-1248.0326
3361,12.65625,-1236.7356
3362,12.65625,-1225.2103
3363,12.65625,-1213.4602
3364,12.65625,-1201.4888
3365,12.65625,-1189.2946
3366,12.65625,-1176.8815
3367,12.640625,-1164.2516
3368,12.640625,-1151.4068
3369,12.625,-1138.3476
3370,12.625,-1125.0798
3371,12.578125,-1111.6019
3372,12.578125,-1097.9199
3373,12.578125,-1084.0324
3374,12.5625,-1069.9456
3375,12.546875,-1055.6578
3376,12.53125,-1041.1736
3377,12.53125,-1026.4955
3378,12.515625,-1011.6259
3379,12.5,-996.5653
3380,12.5,-981.3203
3381,12.484375,-965.8918
3382,12.453125,-950.28
3383,12.4375,-934.4899
3384,12.4375,-918.5264
3385,12.421875,-902.38792
3386,12.40625,-886.0793
3387,12.390625,-869.603664
3388,12.359375,-852.9637
3389,12.34375,-836.1623
3390,12.328125,-819.2002
3391,12.3125,-802.085
3392,12.28125,-784.8175
3393,12.265625,-767.39816
3394,12.25,-749.8325
3395,12.25,-732.1237
3396,12.21875,-714.27748
3397,12.203125,-696.2919
3398,12.203125,-678.17268
3399,12.140625,-659.9205
3400,12.125,-641.54376
3401,12.109375,-623.04316
3402,12.078125,-604.4195
3403,12.03125,-585.6813
3404,12.0,-566.82668
3405,12.0,-547.86164
3406,11.96875,-528.7896
3407,11.953125,-509.61416
3408,11.9375,-490.33864
3409,11.90625,-470.9666
3410,11.890625,-451.50156
3411,11.859375,-431.94704
3412,11.859375,-412.30392
3413,11.765625,-392.5813
3414,11.75,-372.77716
3415,11.71875,-352.897968
3416,11.6875,-332.9502
3417,11.6875,-312.93184
3418,11.6875,-292.8495
3419,11.625,-272.70672
3420,11.609375,-252.50454
3421,11.609375,-232.2523
3422,11.5625,-211.95092
3423,11.515625,-191.6013
3424,11.484375,-171.2101
3425,11.46875,-150.78394
3426,11.46875,-130.32094
3427,11.390625,-109.82777
3428,11.359375,-89.30825
3429,11.34375,-68.766232
3430,11.328125,-48.205568
3431,11.28125,-27.630108
3432,11.265625,-7.040862
3433,11.21875,13.55257
3434,11.1875,34.15203
3435,11.171875,54.750764
3436,11.140625,75.34202
3437,11.109375,95.92762
3438,11.0625,116.5008
3439,11.046875,137.05765
3440,11.046875,157.59427
3441,10.984375,178.10958
3442,10.953125,198.59398
3443,10.921875,219.04642
3444,10.875,239.465784
3445,10.859375,259.84536
3446,10.8125,280.17844
3447,10.78125,300.46668
3448,10.765625,320.70344
3449,10.71875,340.88476
3450,10.703125,361.00676
3451,10.671875,381.06564
3452,10.625,401.06012
3453,10.59375,420.98092
3454,10.5625,440.82968
3455,10.5625,460.597
3456,10.53125,480.28452
3457,10.515625,499.88564
3458,10.484375,519.3966
3459,10.4375,538.8136
3460,10.4375,558.13276
3461,10.40625,577.35032
3462,10.390625,596.4625
3463,10.34375,615.4682
3464,10.328125,634.3584
3465,10.3125,653.13464
3466,10.28125,671.7879
3467,10.28125,690.31976
3468,10.234375,708.72392
3469,10.21875,726.996736
3470,10.1875,745.13464
3471,10.1875,763.134
3472,10.15625,780.99344
3473,10.140625,798.7049
3474,10.109375,816.2669
3475,10.109375,833.67864
3476,10.0625,850.933936
3477,10.046875,868.0271
3478,10.03125,884.9595
3479,10.0,901.725168
3480,9.984375,918.3207
3481,9.96875,934.74284
3482,9.953125,950.9906
3483,9.9375,967.05596
3484,9.90625,982.938064
3485,9.890625,998.6357
3486,9.875,1014.1414
3487,9.875,1029.4563
3488,9.84375,1044.5751
3489,9.828125,1059.4946
3490,9.828125,1074.2119
3491,9.796875,1088.7238
3492,9.796875,1103.0274
3493,9.765625,1117.1214
3494,9.640625,1130.9994
3495,9.625,1144.6603
3496,9.625,1158.1029
3497,9.609375,1171.3229
3498,9.59375,1184.317
3499,9.59375,1197.081
3500,9.578125,1209.616
3501,9.5625,1221.9187
3502,9.5625,1233.9835
3503,9.546875,1245.8094
3504,9.546875,1257.394
3505,9.546875,1268.7363
3506,9.53125,1279.8306
3507,9.53125,1290.6777
3508,9.515625,1301.2738
3509,9.5,1311.6164
3510,9.484375,1321.7036
3511,9.484375,1331.5328
3512,9.46875,1341.102
3513,9.46875,1350.4092
3514,9.453125,1359.4523
3515,9.453125,1368.2304
3516,9.453125,1376.7391
3517,9.421875,1384.9789
3518,9.421875,1392.9469
3519,9.40625,1400.6411
3520,9.40625,1408.0598
3521,9.390625,1415.2014
3522,9.390625,1422.0642
3523,9.375,1428.6466
3524,9.375,1434.947
3525,9.359375,1440.9648
3526,9.359375,1446.697
3527,9.34375,1452.1436
3528,9.34375,1457.3019
3529,9.34375,1462.1721
3530,9.328125,1466.7522
3531,9.3125,1471.0411
3532,9.3125,1475.0376
3533,9.3125,1478.7407
3534,9.3125,1482.15
3535,9.296875,1485.2636
3536,9.296875,1488.0813
3537,9.28125,1490.6017
3538,9.28125,1492.8247
3539,9.265625,1494.7493
3540,9.265625,1496.3746
3541,9.265625,1497.7007
3542,9.25,1498.7264
3543,9.25,1499.4516
3544,9.25,1499.8758
3545,9.25,1499.9988
3546,9.25,1499.82
3547,9.234375,1499.3394
3548,9.21875,1498.5568
3549,9.21875,1497.4722
3550,9.21875,1496.0853
3551,9.21875,1494.3966
3552,9.21875,1492.4058
3553,9.203125,1490.1128
3554,9.203125,1487.5184
3555,9.1875,1484.6227
3556,9.1875,1481.4256
3557,9.1875,1477.9284
3558,9.1875,1474.1305
3559,9.1875,1470.0334
3560,9.171875,1465.6368
3561,9.171875,1460.9419
3562,9.171875,1455.9491
3563,9.171875,1450.6594
3564,9.15625,1445.0736
3565,9.15625,1439.1918
3566,9.15625,1433.0166
3567,9.140625,1426.5472
3568,9.140625,1419.7866
3569,9.140625,1412.734
3570,9.140625,1405.3916
3571,9.140625,1397.7605
3572,9.125,1389.8423
3573,9.125,1381.6381
3574,9.125,1373.1495
3575,9.125,1364.3779
3576,9.125,1355.3251
3577,9.125,1345.9912
3578,9.109375,1336.3793
3579,9.109375,1326.4923
3580,9.109375,1316.3295
3581,9.09375,1305.8939
3582,9.09375,1295.1876
3583,9.09375,1284.2126
3584,9.09375,1272.9708
3585,9.09375,1261.4645
3586,9.09375,1249.694
3587,9.09375,1237.6648
3588,9.09375,1225.3777
3589,9.078125,1212.8331
3590,9.078125,1200.0353
3591,9.078125,1186.9864
3592,9.078125,1173.6893
3593,9.078125,1160.1464
3594,9.078125,1146.36
3595,9.078125,1132.3331
3596,9.078125,1118.0685
3597,9.0625,1103.5666
3598,9.0625,1088.8345
3599,9.0625,1073.8708
3600,9.0625,1058.6828
3601,9.0625,1043.2689
3602,9.0625,1027.6348
3603,9.0625,1011.7829
3604,9.0625,995.71672
3605,9.0625,979.4394
3606,9.0625,962.95184
3607,9.0625,946.2617
3608,9.0625,929.368
3609,9.0625,912.2785
3610,9.0625,894.992
3611,9.046875,877.51432
3612,9.046875,859.8513
3613,9.046875,842.0017
3614,9.046875,823.971568
3615,9.046875,805.762
3616,9.046875,787.38168
3617,9.046875,768.8316
3618,9.046875,750.11336
3619,9.046875,731.2355
3620,9.046875,712.196836
3621,9.046875,693.00384
3622,9.046875,673.66296
3623,9.046875,654.17304
3624,9.046875,634.5405
3625,9.046875,614.76696
3626,9.046875,594.86148
3627,9.046875,574.8256
3628,9.046875,554.6635
3629,9.046875,534.37664
3630,9.046875,513.9718
3631,9.046875,493.45588
3632,9.046875,472.827816
3633,9.046875,452.09444
3634,9.046875,431.260232
3635,9.046875,410.329368
3636,9.046875,389.30628
3637,9.0625,368.19256
3638,9.0625,346.998136
3639,9.0625,325.72186
3640,9.0625,304.3738
3641,9.0625,282.95282
3642,9.0625,261.4662
3643,9.0625,239.921252
3644,9.0625,218.316916
3645,9.0625,196.66052
3646,9.0625,174.95382
3647,9.0625,153.20706
3648,9.078125,131.42201
3649,9.078125,109.60043
3650,9.078125,87.752652
3651,9.078125,65.877592
3652,9.078125,43.982772
3653,9.078125,22.072848
3654,9.078125,0.15248654
3655,9.078125,-21.773628
3656,9.09375,-43.70081
3657,9.09375,-65.62437
3658,9.09375,-87.5396
3659,9.09375,-109.44466
3660,9.09375,-131.32912
3661,9.09375,-153.19398
3662,9.09375,-175.0317
3663,9.109375,-196.83468
3664,9.109375,-218.60394
3665,9.140625,-240.3319
3666,9.140625,-262.01384
3667,9.140625,-283.6479
3668,9.15625,-305.22376
3669,9.15625,-326.73948
3670,9.15625,-348.1932
3671,9.171875,-369.5747
3672,9.171875,-390.884868
3673,9.171875,-412.11616
3674,9.171875,-433.264
3675,9.1875,-454.3238
3676,9.1875,-475.29084
3677,9.1875,-496.16052
3678,9.203125,-516.92832
3679,9.203125,-537.5923
3680,9.203125,-558.14248
3681,9.21875,-578.5798
3682,9.21875,-598.89416
3683,9.21875,-619.0866
3684,9.234375,-639.1499
3685,9.234375,-659.0795
3686,9.234375,-678.871136
3687,9.25,-698.5202
3688,9.25,-718.0225
3689,9.25,-737.376036
3690,9.265625,-756.5715
3691,9.265625,-775.609536
3692,9.28125,-794.481
3693,9.28125,-813.1865
3694,9.28125,-831.7194
3695,9.296875,-850.0754
3696,9.296875,-868.250336
3697,9.296875,-886.2403
3698,9.3125,-904.0411
3699,9.3125,-921.6508
3700,9.328125,-939.06104
3701,9.34375,-956.27232
3702,9.34375,-973.2762
3703,9.34375,-990.073232
3704,9.359375,-1006.65736
3705,9.375,-1023.02468
3706,9.375,-1039.1715
3707,9.40625,-1055.0941
3708,9.40625,-1070.789
3709,9.40625,-1086.2521
3710,9.421875,-1101.482
3711,9.421875,-1116.4714
3712,9.4375,-1131.2204
3713,9.453125,-1145.7222
3714,9.453125,-1159.9766
3715,9.484375,-1173.9786
3716,9.484375,-1187.725
3717,9.5,-1201.2125
3718,9.5,-1214.4379
3719,9.515625,-1227.398
3720,9.515625,-1240.0913
3721,9.515625,-1252.5118
3722,9.546875,-1264.6596
3723,9.546875,-1276.5286
3724,9.5625,-1288.1189
3725,9.578125,-1299.4265
3726,9.59375,-1310.4482
3727,9.609375,-1321.1819
3728,9.625,-1331.6245
3729,9.640625,-1341.7737
3730,9.65625,-1351.6282
3731,9.6875,-1361.183
3732,9.6875,-1370.4384
3733,9.703125,-1379.3894
3734,9.71875,-1388.0362
3735,9.734375,-1396.3757
3736,9.75,-1404.4055
3737,9.765625,-1412.1236
3738,9.78125,-1419.5283
3739,9.78125,-1426.6174
3740,9.796875,-1433.3892
3741,9.828125,-1439.8428
3742,9.828125,-1445.9747
3743,9.859375,-1451.7849
3744,9.875,-1457.2705
3745,9.90625,-1462.4313
3746,9.90625,-1467.2652
3747,9.90625,-1471.7709
3748,9.9375,-1475.9469
3749,9.96875,-1479.7924
3750,9.984375,-1483.3065
3751,10.0,-1486.4872
3752,10.015625,-1489.3341
3753,10.0625,-1491.8466
3754,10.0625,-1494.0233
3755,10.09375,-1495.8636
3756,10.109375,-1497.3671
3757,10.125,-1498.5328
3758,10.140625,-1499.3604
3759,10.1875,-1499.8495
3760,10.1875,-1499.9995
3761,10.21875,-1499.81
3762,10.234375,-1499.2814
3763,10.265625,-1498.4127
3764,10.296875,-1497.2045
3765,10.3125,-1495.6566
3766,10.328125,-1493.7689
3767,10.390625,-1491.5416
3768,10.390625,-1488.9751
3769,10.4375,-1486.0698
3770,10.46875,-1482.8259
3771,10.46875,-1479.2434
3772,10.515625,-1475.324
3773,10.5625,-1471.0671
3774,10.5625,-1466.4746
3775,10.59375,-1461.5462
3776,10.625,-1456.2831
3777,10.625,-1450.6865
3778,10.671875,-1444.7574
3779,10.71875,-1438.4967
3780,10.734375,-1431.9058
3781,10.78125,-1424.9857
3782,10.8125,-1417.7372
3783,10.828125,-1410.1632
3784,10.859375,-1402.2633
3785,10.90625,-1394.0412
3786,10.9375,-1385.4964
3787,10.96875,-1376.6318
3788,11.015625,-1367.449
3789,11.046875,-1357.9497
3790,11.09375,-1348.1362
3791,11.125,-1338.0105
3792,11.171875,-1327.5731
3793,11.203125,-1316.8288
3794,11.234375,-1305.7776
3795,11.28125,-1294.4241
3796,11.328125,-1282.768
3797,11.34375,-1270.8131
3798,11.375,-1258.5621
3799,11.40625,-1246.0174
3800,11.4375,-1233.1821
3801,11.46875,-1220.0584
3802,11.46875,-1206.6478
3803,11.546875,-1192.9563
3804,11.5625,-1178.9835
3805,11.578125,-1164.7361
3806,11.640625,-1150.2135
3807,11.6875,-1135.4205
3808,11.71875,-1120.3607
3809,11.75,-1105.037
3810,11.765625,-1089.4529
3811,11.796875,-1073.6119
3812,11.84375,-1057.5174
3813,11.875,-1041.1709
3814,11.921875,-1024.5802
3815,11.9375,-1007.7448
3816,11.96875,-990.67256
3817,12.0,-973.3631
3818,12.0,-955.822464
3819,12.078125,-938.0543
3820,12.09375,-920.063
3821,12.125,-901.8522
3822,12.125,-883.424
3823,12.171875,-864.7869
3824,12.21875,-845.943
3825,12.234375,-826.894036
3826,12.28125,-807.64664
3827,12.3125,-788.2078
3828,12.3125,-768.57692
3829,12.625,-748.761
3830,12.625,-728.7644
3831,12.671875,-708.5918
3832,12.6875,-688.245236
3833,12.703125,-667.73444
3834,12.71875,-647.0615
3835,12.765625,-626.2287
3836,12.78125,-605.24332
3837,12.796875,-584.11284
3838,12.8125,-562.83684
3839,12.8125,-541.4229
3840,12.84375,-519.876
3841,12.859375,-498.201032
3842,12.859375,-476.40304
3843,12.875,-454.48444
3844,12.890625,-432.45572
3845,12.890625,-410.3165
3846,12.90625,-388.07756
3847,12.90625,-365.73844
3848,12.90625,-343.30712
3849,12.90625,-320.78896
3850,12.90625,-298.19192
3851,12.90625,-275.513
3852,12.90625,-252.76586
3853,12.90625,-229.9531
3854,12.90625,-207.080032
3855,12.90625,-184.14928
3856,12.890625,-161.1719
3857,12.890625,-138.14766
3858,12.875,-115.084816
3859,12.859375,-91.98887
3860,12.84375,-68.865292
3861,12.8125,-45.71958
3862,12.8125,-22.55725
3863,12.796875,0.61618684
3864,12.78125,23.79806
3865,12.765625,46.977104
3866,12.765625,70.1535
3867,12.703125,93.31597
3868,12.671875,116.46469
3869,12.640625,139.59123
3870,12.578125,162.69004
3871,12.578125,185.75556
3872,12.53125,208.7822
3873,12.5,231.76444
3874,12.453125,254.69672
3875,12.421875,277.57626
3876,12.375,300.39196
3877,12.359375,323.14386
3878,12.3125,345.8236
3879,12.28125,368.42296
3880,12.234375,390.94192
3881,12.1875,413.37224
3882,12.15625,435.7085
3883,12.140625,457.94784
3884,12.078125,480.07948
3885,12.03125,502.100616
3886,12.03125,524.0086
3887,11.953125,545.79268
3888,11.90625,567.45276
3889,11.859375,588.98096
3890,11.8125,610.3719
3891,11.765625,631.62024
3892,11.71875,652.72076
3893,11.6875,673.6683
3894,11.65625,694.4576
3895,11.609375,715.08344
3896,11.5625,735.5433
3897,11.53125,755.827
3898,11.515625,775.934436
3899,11.4375,795.85816
3900,11.40625,815.59316
3901,11.359375,835.13448
3902,11.359375,854.477264
3903,11.25,873.6165
3904,11.21875,892.5474
3905,11.171875,911.2654
3906,11.125,929.7679
3907,11.078125,948.04552
3908,11.03125,966.09848
3909,10.9375,983.919536
3910,10.921875,1001.50448
3911,10.84375,1018.8465
3912,10.796875,1035.9456
3913,10.75,1052.7971
3914,10.703125,1069.3928
3915,10.671875,1085.7304
3916,10.609375,1101.8057
3917,10.5625,1117.6164
3918,10.53125,1133.1567
3919,10.5,1148.4205
3920,10.4375,1163.4076
3921,10.40625,1178.1124
3922,10.375,1192.5308
3923,10.34375,1206.6592
3924,10.34375,1220.4939
3925,10.28125,1234.0312
3926,10.234375,1247.2693
3927,10.1875,1260.2014
3928,10.15625,1272.8272
3929,10.109375,1285.1417
3930,10.109375,1297.1404
3931,10.015625,1308.8228
3932,9.984375,1320.1844
3933,9.953125,1331.2222
3934,9.921875,1341.9331
3935,9.859375,1352.3156
3936,9.828125,1362.3644
3937,9.828125,1372.0778
3938,9.796875,1381.4544
3939,9.75,1390.4894
3940,9.734375,1399.1824
3941,9.734375,1407.5299
3942,9.734375,1415.5297
3943,9.640625,1423.1793
3944,9.59375,1430.4768
3945,9.59375,1437.4199
3946,9.5625,1444.0077
3947,9.546875,1450.2364
3948,9.515625,1456.106
3949,9.5,1461.6129
3950,9.484375,1466.7572
3951,9.4375,1471.5365
3952,9.40625,1475.9494
3953,9.390625,1479.9944
3954,9.375,1483.6704
3955,9.34375,1486.9761
3956,9.328125,1489.9104
3957,9.328125,1492.4724
3958,9.296875,1494.6612
3959,9.296875,1496.4761
3960,9.25,1497.9156
3961,9.234375,1498.98
3962,9.21875,1499.6681
3963,9.203125,1499.9798
3964,9.1875,1499.9147
3965,9.1875,1499.4723
3966,9.140625,1498.6526
3967,9.140625,1497.4554
3968,9.109375,1495.881
3969,9.09375,1493.9292
3970,9.09375,1491.6005
3971,9.078125,1488.8949
3972,9.0625,1485.8129
3973,9.03125,1482.3548
3974,9.03125,1478.5217
3975,9.015625,1474.3141
3976,8.984375,1469.7327
3977,8.984375,1464.7777
3978,8.984375,1459.4515
3979,8.953125,1453.7545
3980,8.953125,1447.6871
3981,8.953125,1441.2514
3982,8.90625,1434.4485
3983,8.890625,1427.28
3984,8.875,1419.7476
3985,8.859375,1411.8526
3986,8.84375,1403.5972
3987,8.84375,1394.9828
3988,8.828125,1386.0105
3989,8.828125,1376.6843
3990,8.796875,1367.0044
3991,8.78125,1356.9751
3992,8.765625,1346.5963
3993,8.640625,1335.8717
3994,8.625,1324.8037
3995,8.609375,1313.3948
3996,8.59375,1301.6478
3997,8.59375,1289.5654
3998,8.59375,1277.149
3999,8.5625,1264.4046
4000,8.5625,1251.3319
4001,8.5625,1237.9357
4002,8.546875,1224.2192
4003,8.53125,1210.1857
4004,8.515625,1195.8386
4005,8.515625,1181.1812
4006,8.5,1166.2172
4007,8.484375,1150.9501
4008,8.46875,1135.3837
4009,8.453125,1119.5218
4010,8.453125,1103.3683
4011,8.4375,1086.9232
4012,8.421875,1070.1981
4013,8.421875,1053.1936
4014,8.40625,1035.9096
4015,8.390625,1018.3584
4016,8.375,1000.5362
4017,8.375,982.4515
4018,8.359375,964.1132
4019,8.359375,945.51715
4020,8.34375,926.6722
4021,8.328125,907.5832
4022,8.3125,888.2594
4023,8.3125,868.69656
4024,8.296875,848.90408
4025,8.28125,828.8869
4026,8.28125,808.65016
4027,8.265625,788.19884
4028,8.25,767.53824
4029,8.25,746.66848
4030,8.234375,725.6048
4031,8.234375,704.34752
4032,8.21875,682.8971
4033,8.21875,661.269
4034,8.203125,639.4637
4035,8.203125,617.48156
4036,8.171875,595.33856
4037,8.171875,573.0299
4038,8.15625,550.5665
4039,8.140625,527.95952
4040,8.140625,505.20404
4041,8.125,482.311232
4042,8.109375,459.28696
4043,8.09375,436.1426
4044,8.09375,412.87332
4045,8.09375,389.49044
4046,8.078125,366.00016
4047,8.078125,342.408416
4048,8.0625,318.7158
4049,8.0625,294.9396
4050,8.046875,271.0804
4051,8.046875,247.1445
4052,8.046875,223.13806
4053,8.015625,199.06166
4054,8.0,174.93297
4055,8.0,150.7469
4056,7.984375,126.52116
4057,7.984375,102.250728
4058,7.96875,77.95337
4059,7.953125,53.624044
4060,7.953125,29.274864
4061,7.9375,4.9179644
4062,7.9375,-19.451676
4063,7.921875,-43.8219
4064,7.921875,-68.18627
4065,7.90625,-92.53834
4066,7.90625,-116.87165
4067,7.90625,-141.17974
4068,7.890625,-165.45618
4069,7.890625,-189.694492
4070,7.859375,-213.88824
4071,7.859375,-238.03096
4072,7.84375,-262.12186
4073,7.84375,-286.1432
4074,7.828125,-310.09424
4075,7.828125,-333.97412
4076,7.8125,-357.765236
4077,7.8125,-381.472368
4078,7.78125,-405.07812
4079,7.78125,-428.58704
4080,7.75,-451.9874
4081,7.75,-475.26732
4082,7.734375,-498.43152
4083,7.734375,-521.4682
4084,7.71875,-544.37116
4085,7.703125,-567.1341
4086,7.703125,-589.751
4087,7.6875,-612.2156
4088,7.671875,-634.5218
4089,7.65625,-656.6635
4090,7.640625,-678.6347
4091,7.640625,-700.42948
4092,7.640625,-722.04664
4093,7.609375,-743.47048
4094,7.609375,-764.699968
4095,7.578125,-785.7342
4096,7.578125,-806.5577
4097,7.546875,-827.1695
4098,7.53125,-847.56868
4099,7.515625,-867.7401
4100,7.515625,-887.6877
4101,7.5,-907.3966
4102,7.484375,-926.8749
4103,7.46875,-946.09908
4104,7.453125,-965.0775
4105,7.4375,-983.8001
4106,7.421875,-1002.2618
4107,7.40625,-1020.45736
4108,7.390625,-1038.3817
4109,7.375,-1056.0299
4110,7.359375,-1073.3968
4111,7.34375,-1090.4778
4112,7.328125,-1107.2716
4113,7.3125,-1123.762
4114,7.296875,-1139.9597
4115,7.28125,-1155.8488
4116,7.265625,-1171.4318
4117,7.25,-1186.6974
4118,7.25,-1201.6482
4119,7.21875,-1216.273
4120,7.203125,-1230.5742
4121,7.171875,-1244.5412
4122,7.171875,-1258.1797
4123,7.140625,-1271.4729
4124,7.140625,-1284.4265
4125,7.109375,-1297.0306
4126,7.09375,-1309.2903
4127,7.09375,-1321.1904
4128,7.0625,-1332.7386
4129,7.046875,-1343.921
4130,7.046875,-1354.7444
4131,7.015625,-1365.198
4132,7.0,-1375.2811
4133,6.984375,-1384.991
4134,6.984375,-1394.3266
4135,6.953125,-1403.281
4136,6.9375,-1411.8556
4137,6.921875,-1420.0419
4138,6.90625,-1427.845
4139,6.890625,-1435.2567
4140,6.875,-1442.2802
4141,6.859375,-1448.9062
4142,6.84375,-1455.138
4143,6.828125,-1460.9702
4144,6.828125,-1466.4039
4145,6.78125,-1471.4358
4146,6.765625,-1476.0644
4147,6.765625,-1480.288
4148,6.734375,-1484.1051
4149,6.71875,-1487.5139
4150,6.703125,-1490.5151
4151,6.6875,-1493.1056
4152,6.671875,-1495.285
4153,6.65625,-1497.0525
4154,6.65625,-1498.4076
4155,6.640625,-1499.3489
4156,6.640625,-1499.8764
4157,6.609375,-1499.9892
4158,6.59375,-1499.6875
4159,6.59375,-1498.971
4160,6.453125,-1497.8391
4161,6.453125,-1496.2926
4162,6.421875,-1494.3302
4163,6.40625,-1491.9542
4164,6.390625,-1489.1633
4165,6.375,-1485.9594
4166,6.375,-1482.3406
4167,6.359375,-1478.311
4168,6.34375,-1473.8679
4169,6.34375,-1469.0162
4170,6.328125,-1463.7524
4171,6.328125,-1458.0828
4172,6.3125,-1452.0032
4173,6.3125,-1445.5208
4174,6.296875,-1438.631
4175,6.28125,-1431.3402
4176,6.28125,-1423.6467
4177,6.28125,-1415.556
4178,6.265625,-1407.0664
4179,6.265625,-1398.1837
4180,6.25,-1388.9062
4181,6.25,-1379.2405
4182,6.234375,-1369.1846
4183,6.234375,-1358.7455
4184,6.234375,-1347.9213
4185,6.234375,-1336.7195
4186,6.21875,-1325.1354
4187,6.21875,-1313.1824
4188,6.21875,-1300.8527
4189,6.21875,-1288.1609
4190,6.203125,-1275.0985
4191,6.203125,-1261.681
4192,6.203125,-1247.8998
4193,6.203125,-1233.7709
4194,6.203125,-1219.2852
4195,6.203125,-1204.4562
4196,6.203125,-1189.2812
4197,6.203125,-1173.7748
4198,6.203125,-1157.927
4199,6.203125,-1141.7527
4200,6.203125,-1125.2488
4201,6.21875,-1108.4275
4202,6.21875,-1091.2854
4203,6.21875,-1073.8309
4204,6.21875,-1056.069
4205,6.21875,-1038.0084
4206,6.234375,-1019.64608
4207,6.234375,-1000.9908
4208,6.234375,-982.0479
4209,6.25,-962.8268
4210,6.25,-943.3195
4211,6.25,-923.5493
4212,6.25,-903.5034
4213,6.265625,-883.2012
4214,6.265625,-862.6435
4215,6.28125,-841.836
4216,6.28125,-820.77968
4217,6.296875,-799.49
4218,6.296875,-777.9631
4219,6.3125,-756.21968
4220,6.3125,-734.24616
4221,6.328125,-712.06332
4222,6.34375,-689.6625
4223,6.34375,-667.06992
4224,6.34375,-644.2768
4225,6.359375,-621.2998
4226,6.359375,-598.13492
4227,6.375,-574.7939
4228,6.390625,-551.28324
4229,6.390625,-527.615
4230,6.390625,-503.7796
4231,6.390625,-479.80544
4232,6.421875,-455.677568
4233,6.421875,-431.4246
4234,6.453125,-407.03152
4235,6.46875,-382.52168
4236,6.484375,-357.89096
4237,6.5,-333.1631
4238,6.5,-308.32278
4239,6.515625,-283.3939
4240,6.515625,-258.37228
4241,6.546875,-233.276352
4242,6.5625,-208.10196
4243,6.578125,-182.867692
4244,6.578125,-157.56938
4245,6.578125,-132.22568
4246,6.625,-106.82673
4247,6.625,-81.40269
4248,6.640625,-55.943724
4249,6.65625,-30.462896
4250,6.65625,-4.967543
4251,6.671875,20.534964
4252,6.6875,46.03726
4253,6.6875,71.53195
4254,6.703125,97.01166
4255,6.703125,122.46898
4256,6.703125,147.90224
4257,6.734375,173.28694
4258,6.75,198.63846
4259,6.765625,223.93232
4260,6.796875,249.17254
4261,6.796875,274.3404
4262,6.8125,299.43982
4263,6.8125,324.4522
4264,6.828125,349.38144
4265,6.84375,374.20904
4266,6.84375,398.9388
4267,6.859375,423.55792
4268,6.859375,448.0591
4269,6.875,472.429784
4270,6.875,496.67896
4271,6.890625,520.77784
4272,6.90625,544.7408
4273,6.90625,568.53936
4274,6.921875,592.18776
4275,6.9375,615.65784
4276,6.9375,638.9635
4277,6.9375,662.0823
4278,6.953125,685.0175
4279,6.953125,707.74712
4280,6.953125,730.28456
4281,6.984375,752.6079
4282,6.984375,774.7205
4283,7.0,796.6058
4284,7.0,818.267
4285,7.015625,839.688
4286,7.015625,860.87648
4287,7.03125,881.8071
4288,7.03125,902.48784
4289,7.03125,922.9031
4290,7.046875,943.06024
4291,7.046875,962.9352
4292,7.046875,982.5397
4293,7.046875,1001.8501
4294,7.078125,1020.87808
4295,7.078125,1039.6006
4296,7.078125,1058.0287
4297,7.09375,1076.1444
4298,7.09375,1093.9501
4299,7.09375,1111.4285
4300,7.09375,1128.5898
4301,7.109375,1145.4175
4302,7.109375,1161.9133
4303,7.109375,1178.0651
4304,7.125,1193.875
4305,7.125,1209.331
4306,7.140625,1224.4353
4307,7.140625,1239.1796
4308,7.140625,1253.5592
4309,7.140625,1267.5668
4310,7.140625,1281.2038
4311,7.140625,1294.4631
4312,7.15625,1307.3404
4313,7.15625,1319.8316
4314,7.15625,1331.9325
4315,7.171875,1343.6396
4316,7.171875,1354.949
4317,7.171875,1365.857
4318,7.171875,1376.3624
4319,7.171875,1386.4573
4320,7.171875,1396.1405
4321,7.1875,1405.4089
4322,7.1875,1414.2617
4323,7.1875,1422.6915
4324,7.1875,1430.6998
4325,7.1875,1438.2802
4326,7.1875,1445.4331
4327,7.203125,1452.1548
4328,7.203125,1458.4429
4329,7.203125,1464.294
4330,7.203125,1469.7085
4331,7.203125,1474.6832
4332,7.203125,1479.2164
4333,7.203125,1483.3065
4334,7.203125,1486.9518
4335,7.203125,1490.1509
4336,7.203125,1492.9027
4337,7.203125,1495.206
4338,7.203125,1497.0602
4339,7.203125,1498.4632
4340,7.203125,1499.4159
4341,7.203125,1499.9166
4342,7.203125,1499.9651
4343,7.203125,1499.5612
4344,7.1875,1498.7044
4345,7.1875,1497.3953
4346,7.1875,1495.633
4347,7.1875,1493.419
4348,7.1875,1490.7522
4349,7.1875,1487.6346
4350,7.1875,1484.0647
4351,7.171875,1480.0462
4352,7.171875,1475.5776
4353,7.171875,1470.6609
4354,7.171875,1465.297
4355,7.171875,1459.4877
4356,7.171875,1453.234
4357,7.15625,1446.5378
4358,7.15625,1439.3992
4359,7.15625,1431.8248
4360,7.15625,1423.81
4361,7.15625,1415.3623
4362,7.140625,1406.4798
4363,7.140625,1397.1694
4364,7.140625,1387.4292
4365,7.140625,1377.2662
4366,7.125,1366.6788
4367,7.125,1355.6747
4368,7.125,1344.252
4369,7.109375,1332.4191
4370,7.109375,1320.1713
4371,7.109375,1307.5226
4372,7.109375,1294.4689
4373,7.09375,1281.0164
4374,7.09375,1267.1688
4375,7.078125,1252.9304
4376,7.078125,1238.305
4377,7.078125,1223.2971
4378,7.0625,1207.911
4379,7.046875,1192.1511
4380,7.046875,1176.0184
4381,7.046875,1159.5246
4382,7.03125,1142.6713
4383,7.03125,1125.4632
4384,7.03125,1107.9017
4385,7.015625,1089.9994
4386,7.015625,1071.754
4387,7.0,1053.1787
4388,7.0,1034.2709
4389,7.0,1015.04032
4390,6.984375,995.49272
4391,6.984375,975.6381
4392,6.96875,955.47392
4393,6.953125,935.010464
4394,6.953125,914.2537
4395,6.9375,893.2101
4396,6.9375,871.88584
4397,6.9375,850.287264
4398,6.921875,828.421
4399,6.921875,806.293636
4400,6.90625,783.907
4401,6.90625,761.27748
4402,6.890625,738.4071
4403,6.875,715.30284
4404,6.875,691.9667
4405,6.859375,668.4158
4406,6.859375,644.6471
4407,6.84375,620.6782
4408,6.84375,596.50604
4409,6.828125,572.14844
4410,6.828125,547.59704
4411,6.8125,522.8805
4412,6.796875,497.99044
4413,6.796875,472.94536
4414,6.78125,447.73664
4415,6.765625,422.3938
4416,6.75,396.902752
4417,6.75,371.29336
4418,6.734375,345.55148
4419,6.71875,319.70164
4420,6.71875,293.7463
4421,6.703125,267.6936
4422,6.6875,241.54592
4423,6.671875,215.32264
4424,6.671875,189.0263
4425,6.65625,162.66513
4426,6.65625,136.24161
4427,6.640625,109.77539
4428,6.640625,83.26334
4429,6.625,56.719456
4430,6.609375,30.152046
4431,6.59375,3.5751726
4432,6.578125,-23.014268
4433,6.578125,-49.596472
4434,6.5625,-76.180248
4435,6.5625,-102.73434
4436,6.546875,-129.27322
4437,6.53125,-155.7657
4438,6.515625,-182.22618
4439,6.515625,-208.62358
4440,6.5,-234.9722
4441,6.5,-261.24668
4442,6.484375,-287.44998
4443,6.484375,-313.55698
4444,6.46875,-339.5817
4445,6.46875,-365.4991
4446,6.453125,-391.31208
4447,6.4375,-417.00128
4448,6.4375,-442.569568
4449,6.421875,-467.997736
4450,6.421875,-493.2886
4451,6.40625,-518.42316
4452,6.390625,-543.4095
4453,6.390625,-568.21816
4454,6.390625,-592.8572
4455,6.375,-617.3132
4456,6.359375,-641.5784
4457,6.359375,-665.645
4458,6.34375,-689.5052
4459,6.34375,-713.1512
4460,6.34375,-736.5754
4461,6.328125,-759.77016
4462,6.328125,-782.7328
4463,6.328125,-805.4413
4464,6.3125,-827.9076
4465,6.3125,-850.11
4466,6.3125,-872.05052
4467,6.3125,-893.7128
4468,6.296875,-915.09908
4469,6.296875,-936.19292
4470,6.28125,-956.99668
4471,6.28125,-977.494464
4472,6.28125,-997.6925
4473,6.28125,-1017.5671
4474,6.28125,-1037.1244
4475,6.265625,-1056.3536
4476,6.265625,-1075.2485
4477,6.265625,-1093.7987
4478,6.265625,-1112.0099
4479,6.265625,-1129.8605
4480,6.265625,-1147.3598
4481,6.25,-1164.4905
4482,6.25,-1181.2507
4483,6.25,-1197.6349
4484,6.25,-1213.6409
4485,6.25,-1229.2564
4486,6.25,-1244.4828
4487,6.25,-1259.3084
4488,6.25,-1273.7346
4489,6.25,-1287.7504
4490,6.265625,-1301.3568
4491,6.265625,-1314.5436
4492,6.265625,-1327.3116
4493,6.265625,-1339.6512
4494,6.265625,-1351.5634
4495,6.265625,-1363.0411
4496,6.28125,-1374.0807
4497,6.3125,-1384.6781
4498,6.328125,-1394.8297
4499,6.328125,-1404.5318
4500,6.34375,-1413.7812
4501,6.34375,-1422.5744
4502,6.34375,-1430.9083
4503,6.359375,-1438.78
4504,6.359375,-1446.1881
4505,6.375,-1453.1268
4506,6.375,-1459.5963
4507,6.375,-1465.5906
4508,6.390625,-1471.1123
4509,6.40625,-1476.1556
4510,6.421875,-1480.7217
4511,6.421875,-1484.8049
4512,6.4375,-1488.4064
4513,6.4375,-1491.5231
4514,6.453125,-1494.1549
4515,6.453125,-1496.3003
4516,6.46875,-1497.9579
4517,6.46875,-1499.1267
4518,6.5,-1499.8068
4519,6.5,-1499.997
4520,6.5,-1499.697
4521,6.515625,-1498.9068
4522,6.515625,-1497.6261
4523,6.53125,-1495.8551
4524,6.546875,-1493.5942
4525,6.5625,-1490.8438
4526,6.578125,-1487.6036
4527,6.578125,-1483.8758
4528,6.578125,-1479.6598
4529,6.609375,-1474.9585
4530,6.625,-1469.771
4531,6.640625,-1464.1008
4532,6.640625,-1457.9474
4533,6.65625,-1451.3148
4534,6.65625,-1444.2024
4535,6.671875,-1436.6133
4536,6.6875,-1428.5497
4537,6.6875,-1420.016
4538,6.6875,-1411.009
4539,6.71875,-1401.5391
4540,6.734375,-1391.6011
4541,6.765625,-1381.2062
4542,6.765625,-1370.349
4543,6.765625,-1359.0394
4544,6.796875,-1347.2788
4545,6.8125,-1335.0704
4546,6.8125,-1322.4156
4547,6.828125,-1309.3236
4548,6.84375,-1295.7928
4549,6.859375,-1281.8332
4550,6.859375,-1267.4432
4551,6.875,-1252.6334
4552,6.890625,-1237.4022
4553,6.90625,-1221.7609
4554,6.90625,-1205.7076
4555,6.921875,-1189.2545
4556,6.9375,-1172.396
4557,6.9375,-1155.1516
4558,6.953125,-1137.5162
4559,6.96875,-1119.499
4560,6.984375,-1101.1057
4561,6.984375,-1082.3422
4562,7.0,-1063.2145
4563,7.015625,-1043.7286
4564,7.03125,-1023.88696
4565,7.046875,-1003.7082
4566,7.046875,-983.18208
4567,7.0625,-962.32792
4568,7.0625,-941.14384
4569,7.09375,-919.6456
4570,7.109375,-897.8311
4571,7.109375,-875.71656
4572,7.109375,-853.3001
4573,7.140625,-830.59816
4574,7.15625,-807.6088
4575,7.15625,-784.349236
4576,7.171875,-760.8172
4577,7.1875,-737.0253
4578,7.1875,-712.98148
4579,7.203125,-688.6934
4580,7.21875,-664.16924
4581,7.21875,-639.41708
4582,7.25,-614.44508
4583,7.25,-589.26136
4584,7.265625,-563.87448
4585,7.265625,-538.29268
4586,7.28125,-512.51916
4587,7.296875,-486.5731
4588,7.296875,-460.45792
4589,7.3125,-434.1822
4590,7.328125,-407.74924
4591,7.328125,-381.17884
4592,7.34375,-354.46884
4593,7.34375,-327.63922
4594,7.359375,-300.68788
4595,7.375,-273.6294
4596,7.375,-246.472816
4597,7.375,-219.232976
4598,7.390625,-191.902
4599,7.40625,-164.5118
4600,7.40625,-137.05455
4601,7.421875,-109.54522
4602,7.421875,-81.993064
4603,7.4375,-54.40742
4604,7.4375,-26.7918932
4605,7.4375,0.82699656
4606,7.453125,28.462768
4607,7.46875,56.08888
4608,7.46875,83.70166
4609,7.46875,111.291732
4610,7.484375,138.85538
4611,7.484375,166.37181
4612,7.484375,193.84302
4613,7.5,221.24824
4614,7.515625,248.58948
4615,7.515625,275.85168
4616,7.53125,303.02548
4617,7.53125,330.09598
4618,7.53125,357.065068
4619,7.546875,383.9179
4620,7.546875,410.64516
4621,7.5625,437.23228
4622,7.5625,463.686336
4623,7.5625,489.97656
4624,7.578125,516.1154
4625,7.578125,542.0777
4626,7.578125,567.8598
4627,7.59375,593.45276
4628,7.59375,618.85296
4629,7.59375,644.0411
4630,7.609375,669.01876
4631,7.609375,693.7669
4632,7.609375,718.2871
4633,7.609375,742.5608
4634,7.609375,766.5895
4635,7.609375,790.35468
4636,7.609375,813.858036
4637,7.625,837.0815
4638,7.625,860.02652
4639,7.625,882.68024
4640,7.625,905.0346
4641,7.625,927.08184
4642,7.640625,948.814
4643,7.640625,970.2236
4644,7.640625,991.3028
4645,7.640625,1012.0443
4646,7.640625,1032.4407
4647,7.640625,1052.4846
4648,7.640625,1072.1731
4649,7.640625,1091.4908
4650,7.640625,1110.4391
4651,7.640625,1128.9994
4652,7.640625,1147.1803
4653,7.640625,1164.964
4654,7.640625,1182.3513
4655,7.640625,1199.3324
4656,7.640625,1215.901
4657,7.640625,1232.048
4658,7.640625,1247.774
4659,7.640625,1263.0668
4660,7.640625,1277.9303
4661,7.640625,1292.3468
4662,7.640625,1306.3228
4663,7.640625,1319.8416
4664,7.640625,1332.9094
4665,7.640625,1345.5108
4666,7.640625,1357.6511
4667,7.640625,1369.3163
4668,7.640625,1380.5114
4669,7.625,1391.225
4670,7.625,1401.4576
4671,7.625,1411.2013
4672,7.625,1420.456
4673,7.625,1429.2148
4674,7.625,1437.4778
4675,7.625,1445.2383
4676,7.609375,1452.4964
4677,7.609375,1459.2464
4678,7.609375,1465.4885
4679,7.609375,1471.2175
4680,7.609375,1476.4346
4681,7.609375,1481.133
4682,7.59375,1485.3151
4683,7.59375,1488.9754
4684,7.59375,1492.1152
4685,7.59375,1494.7307
4686,7.578125,1496.8228
4687,7.578125,1498.3886
4688,7.578125,1499.4285
4689,7.5625,1499.9413
4690,7.5625,1499.9263
4691,7.5625,1499.3837
4692,7.5625,1498.3128
4693,7.5625,1496.7141
4694,7.546875,1494.5872
4695,7.546875,1491.9335
4696,7.53125,1488.7523
4697,7.53125,1485.046
4698,7.53125,1480.813
4699,7.53125,1476.0579
4700,7.515625,1470.7793
4701,7.515625,1464.9798
4702,7.515625,1458.6611
4703,7.5,1451.8264
4704,7.5,1444.4736
4705,7.484375,1436.611
4706,7.484375,1428.2348
4707,7.46875,1419.3522
4708,7.46875,1409.9647
4709,7.453125,1400.0753
4710,7.4375,1389.685
4711,7.4375,1378.8015
4712,7.4375,1367.4262
4713,7.4375,1355.5628
4714,7.421875,1343.2128
4715,7.40625,1330.3851
4716,7.40625,1317.0791
4717,7.40625,1303.3043
4718,7.390625,1289.0571
4719,7.375,1274.3536
4720,7.375,1259.1901
4721,7.375,1243.5778
4722,7.359375,1227.5124
4723,7.34375,1211.0123
4724,7.34375,1194.0701
4725,7.328125,1176.7047
4726,7.328125,1158.9084
4727,7.3125,1140.7018
4728,7.3125,1122.0762
4729,7.3125,1103.0492
4730,7.28125,1083.6236
4731,7.28125,1063.8063
4732,7.265625,1043.5998
4733,7.25,1023.01952
4734,7.25,1002.0643
4735,7.234375,980.749632
4736,7.21875,959.0745
4737,7.21875,937.0553
4738,7.203125,914.6907
4739,7.1875,891.997536
4740,7.171875,868.97468
4741,7.15625,845.6349
4742,7.140625,821.9862
4743,7.140625,798.04176
4744,7.140625,773.7956
4745,7.140625,749.2757
4746,7.09375,724.471
4747,7.09375,699.4102
4748,7.078125,674.08216
4749,7.078125,648.51084
4750,7.046875,622.7004
4751,7.015625,596.66004
4752,7.0,570.3937
4753,7.0,543.92116
4754,6.984375,517.2414
4755,6.984375,490.3746
4756,6.953125,463.3196
4757,6.953125,436.09696
4758,6.9375,408.70544
4759,6.921875,381.1659
4760,6.90625,353.4772
4761,6.890625,325.66036
4762,6.875,297.70864
4763,6.859375,269.65454
4764,6.84375,241.4913
4765,6.828125,213.23472
4766,6.828125,184.89502
4767,6.796875,156.48244
4768,6.78125,128.00728
4769,6.765625,99.479864
4770,6.765625,70.90483
4771,6.734375,42.3097
4772,6.734375,13.682003
4773,6.703125,-14.950678
4774,6.6875,-43.58935
4775,6.671875,-72.21213
4776,6.65625,-100.81999
4777,6.65625,-129.39105
4778,6.65625,-157.92628
4779,6.65625,-186.40382
4780,6.609375,-214.824624
4781,6.578125,-243.16688
4782,6.5625,-271.43712
4783,6.5625,-299.60244
4784,6.53125,-327.66934
4785,6.515625,-355.6218
4786,6.515625,-383.44956
4787,6.5,-411.14232
4788,6.484375,-438.689832
4789,6.46875,-466.0819
4790,6.453125,-493.31384
4791,6.4375,-520.35924
4792,6.421875,-547.22976
4793,6.40625,-573.89904
4794,6.375,-600.3681
4795,6.359375,-626.61632
4796,6.359375,-652.6444
4797,6.34375,-678.4323
4798,6.328125,-703.98068
4799,6.328125,-729.2697
4800,6.3125,-754.3001
4801,6.3125,-779.0524
4802,6.296875,-803.5272
4803,6.296875,-827.7104
4804,6.28125,-851.5929
4805,6.28125,-875.1608
4806,6.265625,-898.4195
4807,6.265625,-921.341536
4808,6.25,-943.9366
4809,6.25,-966.178
4810,6.234375,-988.07512
4811,6.234375,-1009.6064
4812,6.21875,-1030.7681
4813,6.21875,-1051.552
4814,6.21875,-1071.9544
4815,6.203125,-1091.9591
4816,6.203125,-1111.5669
4817,6.1875,-1130.762
4818,6.1875,-1149.5449
4819,6.1875,-1167.9009
4820,6.1875,-1185.8301
4821,6.171875,-1203.3185
4822,6.171875,-1220.3663
4823,6.171875,-1236.9602
4824,6.171875,-1253.1035
4825,6.15625,-1268.777
4826,6.15625,-1283.9869
4827,6.15625,-1298.7154
4828,6.15625,-1312.9686
4829,6.15625,-1326.7291
4830,6.15625,-1340.0027
4831,6.15625,-1352.7737
4832,6.15625,-1365.047
4833,6.15625,-1376.8102
4834,6.171875,-1388.0634
4835,6.171875,-1398.7956
4836,6.1875,-1409.0108
4837,6.1875,-1418.6988
4838,6.1875,-1427.8595
4839,6.1875,-1436.4855
4840,6.203125,-1444.5765
4841,6.203125,-1452.1261
4842,6.21875,-1459.1356
4843,6.21875,-1465.5963
4844,6.21875,-1471.5095
4845,6.21875,-1476.8704
4846,6.234375,-1481.6794
4847,6.25,-1485.931
4848,6.25,-1489.6264
4849,6.25,-1492.7609
4850,6.265625,-1495.3353
4851,6.28125,-1497.3468
4852,6.28125,-1498.7955
4853,6.296875,-1499.6797
4854,6.296875,-1499.9988
4855,6.3125,-1499.7526
4856,6.328125,-1498.9407
4857,6.34375,-1497.563
4858,6.34375,-1495.6195
4859,6.359375,-1493.1113
4860,6.359375,-1490.038
4861,6.375,-1486.4016
4862,6.390625,-1482.2016
4863,6.40625,-1477.4403
4864,6.40625,-1472.1189
4865,6.40625,-1466.2402
4866,6.421875,-1459.8027
4867,6.4375,-1452.8135
4868,6.453125,-1445.2709
4869,6.46875,-1437.1787
4870,6.484375,-1428.5399
4871,6.5,-1419.3572
4872,6.5,-1409.632
4873,6.515625,-1399.3733
4874,6.53125,-1388.5768
4875,6.546875,-1377.2526
4876,6.578125,-1365.4002
4877,6.578125,-1353.0282
4878,6.59375,-1340.1364
4879,6.609375,-1326.737
4880,6.625,-1312.8218
4881,6.640625,-1298.4089
4882,6.65625,-1283.4955
4883,6.671875,-1268.0926
4884,6.6875,-1252.2
4885,6.6875,-1235.8295
4886,6.703125,-1218.9773
4887,6.71875,-1201.6628
4888,6.734375,-1183.8789
4889,6.75,-1165.646
4890,6.75,-1146.9601
4891,6.75,-1127.8318
4892,6.78125,-1108.2642
4893,6.796875,-1088.2761
4894,6.8125,-1067.8594
4895,6.8125,-1047.0333
4896,6.84375,-1025.7977
4897,6.859375,-1004.17304
4898,6.875,-982.1502
4899,6.890625,-959.7504
4900,6.90625,-936.9734
4901,6.90625,-913.8363
4902,6.921875,-890.33908
4903,6.9375,-866.49476
4904,6.953125,-842.3126
4905,6.96875,-817.80632
4906,6.984375,-792.9757
4907,7.0,-767.8347
4908,7.0,-742.3931
4909,7.015625,-716.6654
4910,7.015625,-690.646336
4911,7.046875,-664.3659
4912,7.078125,-637.8137
4913,7.09375,-611.0153
4914,7.09375,-583.9757
4915,7.109375,-556.70524
4916,7.125,-529.209
4917,7.140625,-501.5081
4918,7.15625,-473.6024
4919,7.171875,-445.518836
4920,7.1875,-417.2465
4921,7.1875,-388.81252
4922,7.203125,-360.21136
4923,7.21875,-331.47608
4924,7.234375,-302.60108
4925,7.25,-273.60872
4926,7.265625,-244.49898
4927,7.28125,-215.28862
4928,7.296875,-185.98898
4929,7.296875,-156.61711
4930,7.328125,-127.167272
4931,7.328125,-97.67369
4932,7.34375,-68.124984
4933,7.359375,-38.555484
4934,7.359375,-8.95381
4935,7.375,20.65135
4936,7.390625,50.259904
4937,7.40625,79.84315
4938,7.40625,109.4124
4939,7.421875,138.93896
4940,7.4375,168.42268
4941,7.4375,197.84066
4942,7.4375,227.192684
4943,7.46875,256.45596
4944,7.46875,285.63022
4945,7.484375,314.6928
4946,7.5,343.64904
4947,7.5,372.4652
4948,7.5,401.1466
4949,7.515625,429.6764
4950,7.53125,458.04324
4951,7.53125,486.236032
4952,7.546875,514.24348
4953,7.546875,542.05456
4954,7.5625,569.65824
4955,7.5625,597.0436
4956,7.578125,624.2048
4957,7.578125,651.1156
4958,7.59375,677.7859
4959,7.59375,704.1895
4960,7.609375,730.32624
4961,7.625,756.17552
4962,7.625,781.7368
4963,7.640625,806.99024
4964,7.640625,831.9353
4965,7.640625,856.552368
4966,7.65625,880.845632
4967,7.65625,904.7867
4968,7.671875,928.37976
4969,7.671875,951.6064
4970,7.671875,974.4702
4971,7.6875,996.9445
4972,7.6875,1019.03768
4973,7.6875,1040.7235
4974,7.703125,1062.0099
4975,7.703125,1082.8758
4976,7.703125,1103.3169
4977,7.71875,1123.3248
4978,7.71875,1142.8952
4979,7.71875,1162.0122
4980,7.734375,1180.6756
4981,7.734375,1198.8672
4982,7.734375,1216.5933
4983,7.734375,1233.836
4984,7.734375,1250.5985
4985,7.75,1266.8606
4986,7.75,1282.6252
4987,7.75,1297.8798
4988,7.75,1312.6235
4989,7.765625,1326.8475
4990,7.765625,1340.5458
4991,7.765625,1353.7102
4992,7.765625,1366.3423
4993,7.765625,1378.4274
4994,7.78125,1389.9694
4995,7.78125,1400.9566
4996,7.78125,1411.3867
4997,7.78125,1421.2551
4998,7.78125,1430.5594
4999,7.78125,1439.2919
5000,7.796875,1447.4506
5001,7.796875,1455.0318
5002,7.796875,1462.0337
5003,7.796875,1468.4502
5004,7.796875,1474.2811
5005,7.8125,1479.5214
5006,7.8125,1484.1713
5007,7.8125,1488.2254
5008,7.8125,1491.684
5009,7.828125,1494.544
5010,7.828125,1496.8056
5011,7.828125,1498.4654
5012,7.828125,1499.5243
5013,7.828125,1499.9801
5014,7.828125,1499.8331
5015,7.828125,1499.0829
5016,7.828125,1497.7289
5017,7.828125,1495.7723
5018,7.828125,1493.212
5019,7.828125,1490.0503
5020,7.828125,1486.2865
5021,7.828125,1481.9235
5022,7.828125,1476.9609
5023,7.828125,1471.4024
5024,7.828125,1465.2477
5025,7.828125,1458.5012
5026,7.828125,1451.163
5027,7.828125,1443.2382
5028,7.828125,1434.7267
5029,7.828125,1425.6351
5030,7.828125,1415.9612
5031,7.828125,1405.716
5032,7.8125,1394.8954
5033,7.8125,1383.512
5034,7.8125,1371.5634
5035,7.8125,1359.0564
5036,7.8125,1345.9933
5037,7.8125,1332.3865
5038,7.8125,1318.2311
5039,7.8125,1303.5403
5040,7.8125,1288.3142
5041,7.8125,1272.5675
5042,7.8125,1256.2944
5043,7.796875,1239.5104
5044,7.796875,1222.2154
5045,7.796875,1204.4231
5046,7.796875,1186.1334
5047,7.796875,1167.3607
5048,7.796875,1148.1012
5049,7.796875,1128.3773
5050,7.78125,1108.1858
5051,7.78125,1087.5381
5052,7.78125,1066.4425
5053,7.78125,1044.9116
5054,7.78125,1022.9414
5055,7.78125,1000.5575
5056,7.765625,977.75164
5057,7.765625,954.5458
5058,7.765625,930.9451
5059,7.765625,906.95884
5060,7.765625,882.592064
5061,7.75,857.8637
5062,7.75,832.7791
5063,7.75,807.3484
5064,7.75,781.5769
5065,7.75,755.48488
5066,7.734375,729.072736
5067,7.734375,702.36132
5068,7.734375,675.34608
5069,7.734375,648.0585
5070,7.71875,620.4941
5071,7.71875,592.67456
5072,7.71875,564.59548
5073,7.71875,536.28924
5074,7.703125,507.74616
5075,7.703125,478.9993
5076,7.6875,450.038816
5077,7.6875,420.8983
5078,7.6875,391.5677
5079,7.6875,362.07552
5080,7.6875,332.4284
5081,7.671875,302.63844
5082,7.671875,272.71224
5083,7.65625,242.673368
5084,7.65625,212.5229
5085,7.640625,182.284532
5086,7.640625,151.9594
5087,7.640625,121.57137
5088,7.640625,91.121608
5089,7.625,60.634104
5090,7.609375,30.110048
5091,7.609375,-0.432211232
5092,7.609375,-30.980011
5093,7.59375,-61.51496
5094,7.578125,-92.04153
5095,7.578125,-122.52418
5096,7.5625,-152.97304
5097,7.5625,-183.35264
5098,7.546875,-213.67308
5099,7.546875,-243.90466
5100,7.53125,-274.04044
5101,7.53125,-304.0678
5102,7.515625,-333.97976
5103,7.515625,-363.75262
5104,7.5,-393.385
5105,7.5,-422.85344
5106,7.484375,-452.156616
5107,7.46875,-481.2711
5108,7.46875,-510.1956
5109,7.46875,-538.90716
5110,7.453125,-567.40436
5111,7.4375,-595.6645
5112,7.4375,-623.6914
5113,7.421875,-651.45232
5114,7.421875,-678.9512
5115,7.40625,-706.1709
5116,7.40625,-733.10016
5117,7.390625,-759.7274
5118,7.375,-786.0462
5119,7.375,-812.030768
5120,7.359375,-837.6892
5121,7.359375,-862.9963
5122,7.34375,-887.9461
5123,7.34375,-912.5277
5124,7.328125,-936.7353
5125,7.328125,-960.5494
5126,7.328125,-983.96856
5127,7.296875,-1006.9741
5128,7.28125,-1029.5646
5129,7.265625,-1051.7219
5130,7.25,-1073.445
5131,7.25,-1094.7197
5132,7.234375,-1115.5374
5133,7.21875,-1135.8849
5134,7.21875,-1155.7649
5135,7.203125,-1175.1537
5136,7.1875,-1194.054
5137,7.1875,-1212.4537
5138,7.171875,-1230.3483
5139,7.171875,-1247.72
5140,7.15625,-1264.574
5141,7.140625,-1280.8904
5142,7.140625,-1296.6742
5143,7.125,-1311.9093
5144,7.109375,-1326.5948
5145,7.09375,-1340.7186
5146,7.09375,-1354.2798
5147,7.09375,-1367.2671
5148,7.078125,-1379.6796
5149,7.046875,-1391.5072
5150,7.046875,-1402.7488
5151,7.03125,-1413.3952
5152,7.03125,-1423.4454
5153,7.015625,-1432.893
5154,7.0,-1441.7333
5155,6.984375,-1449.961
5156,6.984375,-1457.5768
5157,6.96875,-1464.571
5158,6.96875,-1470.9459
5159,6.953125,-1476.6935
5160,6.9375,-1481.8153
5161,6.921875,-1486.3059
5162,6.921875,-1490.1644
5163,6.90625,-1493.3871
5164,6.890625,-1495.9746
5165,6.875,-1497.9237
5166,6.875,-1499.2341
5167,6.859375,-1499.9043
5168,6.859375,-1499.934
5169,6.828125,-1499.3228
5170,6.734375,-1498.0702
5171,6.71875,-1496.177
5172,6.71875,-1493.6431
5173,6.703125,-1490.4692
5174,6.703125,-1486.6566
5175,6.6875,-1482.2073
5176,6.671875,-1477.1202
5177,6.65625,-1471.401
5178,6.65625,-1465.0474
5179,6.65625,-1458.0666
5180,6.65625,-1450.456
5181,6.625,-1442.2228
5182,6.625,-1433.3686
5183,6.609375,-1423.8971
5184,6.609375,-1413.8097
5185,6.59375,-1403.1145
5186,6.578125,-1391.8116
5187,6.578125,-1379.9122
5188,6.5625,-1367.4121
5189,6.5625,-1354.3231
5190,6.546875,-1340.6433
5191,6.546875,-1326.3881
5192,6.53125,-1311.5558
5193,6.515625,-1296.1578
5194,6.515625,-1280.195
5195,6.515625,-1263.6765
5196,6.5,-1246.6092
5197,6.5,-1229.0004
5198,6.484375,-1210.8569
5199,6.484375,-1192.1869
5200,6.46875,-1172.9978
5201,6.453125,-1153.2976
5202,6.453125,-1133.0946
5203,6.453125,-1112.3974
5204,6.453125,-1091.2107
5205,6.453125,-1069.551
5206,6.421875,-1047.4198
5207,6.421875,-1024.8385
5208,6.421875,-1001.80024
5209,6.40625,-978.32712
5210,6.40625,-954.4208
5211,6.390625,-930.0954
5212,6.390625,-905.3613
5213,6.390625,-880.2338
5214,6.390625,-854.7144
5215,6.375,-828.823236
5216,6.375,-802.55704
5217,6.375,-775.9464
5218,6.375,-748.983136
5219,6.375,-721.6986
5220,6.375,-694.0845
5221,6.359375,-666.17284
5222,6.359375,-637.95524
5223,6.359375,-609.45936
5224,6.359375,-580.69224
5225,6.359375,-551.6663
5226,6.359375,-522.3888
5227,6.359375,-492.88296
5228,6.34375,-463.15088
5229,6.34375,-433.216232
5230,6.34375,-403.081184
5231,6.34375,-372.76968
5232,6.34375,-342.2839
5233,6.34375,-311.64822
5234,6.34375,-280.86488
5235,6.34375,-249.952732
5236,6.359375,-218.925368
5237,6.359375,-187.801968
5238,6.359375,-156.57914
5239,6.359375,-125.29328
5240,6.359375,-93.93529
5241,6.359375,-62.541736
5242,6.359375,-31.103558
5243,6.359375,0.3482998
5244,6.375,31.805724
5245,6.375,63.254876
5246,6.375,94.687616
5247,6.375,126.07867
5248,6.375,157.42556
5249,6.375,188.703108
5250,6.375,219.90882
5251,6.390625,251.01754
5252,6.390625,282.02684
5253,6.390625,312.91162
5254,6.40625,343.6695
5255,6.40625,374.2756
5256,6.40625,404.7329
5257,6.40625,435.00584
5258,6.421875,465.0974
5259,6.421875,494.98868
5260,6.421875,524.6663
5261,6.421875,554.11708
5262,6.421875,583.32776
5263,6.4375,612.2853
5264,6.4375,640.9819
5265,6.4375,669.3892
5266,6.4375,697.51496
5267,6.4375,725.3313
5268,6.453125,752.835636
5269,6.453125,780.0057
5270,6.453125,806.8391
5271,6.46875,833.313968
5272,6.46875,859.428
5273,6.46875,885.1597
5274,6.46875,910.5071
5275,6.46875,935.449136
5276,6.484375,959.98816
5277,6.484375,984.0953
5278,6.484375,1007.77268
5279,6.484375,1031.0049
5280,6.5,1053.7818
5281,6.5,1076.0926
5282,6.5,1097.9272
5283,6.5,1119.2758
5284,6.515625,1140.1321
5285,6.515625,1160.4752
5286,6.515625,1180.3108
5287,6.515625,1199.6186
5288,6.515625,1218.397
5289,6.515625,1236.6268
5290,6.515625,1254.313
5291,6.53125,1271.4375
5292,6.53125,1287.9988
5293,6.53125,1303.9857
5294,6.53125,1319.3909
5295,6.53125,1334.2045
5296,6.546875,1348.4248
5297,6.546875,1362.0402
5298,6.546875,1375.0512
5299,6.546875,1387.4424
5300,6.546875,1399.2167
5301,6.546875,1410.3602
5302,6.5625,1420.8755
5303,6.5625,1430.7498
5304,6.5625,1439.9855
5305,6.5625,1448.5715
5306,6.5625,1456.5099
5307,6.5625,1463.7921
5308,6.5625,1470.4171
5309,6.5625,1476.3793
5310,6.5625,1481.6777
5311,6.578125,1486.3069
5312,6.578125,1490.2678
5313,6.578125,1493.5564
5314,6.578125,1496.1709
5315,6.578125,1498.1094
5316,6.578125,1499.3714
5317,6.578125,1499.9557
5318,6.578125,1499.8614
5319,6.578125,1499.0888
5320,6.578125,1497.6371
5321,6.578125,1495.507
5322,6.578125,1492.6988
5323,6.578125,1489.2138
5324,6.578125,1485.053
5325,6.578125,1480.2179
5326,6.578125,1474.7094
5327,6.578125,1468.5326
5328,6.578125,1461.6857
5329,6.5625,1454.1749
5330,6.5625,1446.0005
5331,6.5625,1437.169
5332,6.5625,1427.6804
5333,6.5625,1417.5426
5334,6.5625,1406.7561
5335,6.5625,1395.3291
5336,6.5625,1383.2627
5337,6.5625,1370.5637
5338,6.546875,1357.2379
5339,6.53125,1343.2933
5340,6.53125,1328.7285
5341,6.53125,1313.56
5342,6.53125,1297.7868
5343,6.53125,1281.418
5344,6.53125,1264.4579
5345,6.515625,1246.9231
5346,6.515625,1228.809
5347,6.515625,1210.1361
5348,6.515625,1190.8996
5349,6.515625,1171.1183
5350,6.515625,1150.7936
5351,6.515625,1129.9418
5352,6.515625,1108.5648
5353,6.5,1086.68
5354,6.5,1064.2888
5355,6.5,1041.4097
5356,6.5,1018.0446
5357,6.5,994.21216
5358,6.5,969.91048
5359,6.5,945.16752
5360,6.484375,919.9815
5361,6.484375,894.3681
5362,6.484375,868.3388
5363,6.484375,841.9101
5364,6.46875,815.0798
5365,6.46875,787.8742
5366,6.46875,760.30092
5367,6.46875,732.3725
5368,6.46875,704.09656
5369,6.46875,675.50104
5370,6.453125,646.57876
5371,6.453125,617.35804
5372,6.453125,587.842
5373,6.453125,558.05456
5374,6.453125,527.9987
5375,6.453125,497.698936
5376,6.4375,467.1583
5377,6.4375,436.40168
5378,6.4375,405.4267
5379,6.4375,374.269632
5380,6.4375,342.92824
5381,6.421875,311.42244
5382,6.421875,279.7668
5383,6.421875,247.98154
5384,6.421875,216.06436
5385,6.421875,184.046936
5386,6.40625,151.9385
5387,6.40625,119.75383
5388,6.40625,87.502148
5389,6.40625,55.215536
5390,6.40625,22.886122
5391,6.40625,-9.453932
5392,6.40625,-41.80103
5393,6.40625,-74.12868
5394,6.40625,-106.43327
5395,6.390625,-138.68831
5396,6.390625,-170.89016
5397,6.390625,-203.0124
5398,6.390625,-235.051384
5399,6.390625,-266.98076
5400,6.390625,-298.80256
5401,6.390625,-330.4793
5402,6.390625,-362.013
5403,6.390625,-393.38324
5404,6.390625,-424.57524
5405,6.390625,-455.57436
5406,6.390625,-486.3714
5407,6.390625,-516.9356
5408,6.390625,-547.2742
5409,6.390625,-577.35656
5410,6.390625,-607.1741
5411,6.390625,-636.7125
5412,6.390625,-665.963
5413,6.390625,-694.90136
5414,6.390625,-723.5242
5415,6.390625,-751.8076
5416,6.390625,-779.7483
5417,6.390625,-807.3231
5418,6.390625,-834.5284
5419,6.390625,-861.3419
5420,6.390625,-887.7647
5421,6.40625,-913.765568
5422,6.40625,-939.346
5423,6.40625,-964.48892
5424,6.40625,-989.1825
5425,6.40625,-1013.41468
5426,6.40625,-1037.1741
5427,6.421875,-1060.4488
5428,6.421875,-1083.232
5429,6.421875,-1105.5007
5430,6.421875,-1127.2596
5431,6.4375,-1148.4868
5432,6.4375,-1169.1793
5433,6.4375,-1189.3163
5434,6.4375,-1208.9022
5435,6.4375,-1227.917
5436,6.453125,-1246.358
5437,6.453125,-1264.2128
5438,6.453125,-1281.4726
5439,6.453125,-1298.1264
5440,6.46875,-1314.1714
5441,6.46875,-1329.5941
5442,6.46875,-1344.3952
5443,6.46875,-1358.5565
5444,6.484375,-1372.079
5445,6.484375,-1384.953
5446,6.5,-1397.1722
5447,6.5,-1408.7307
5448,6.5,-1419.6243
5449,6.5,-1429.8417
5450,6.515625,-1439.3852
5451,6.515625,-1448.2448
5452,6.515625,-1456.4187
5453,6.53125,-1463.8987
5454,6.53125,-1470.686
5455,6.546875,-1476.7736
5456,6.546875,-1482.1598
5457,6.546875,-1486.8403
5458,6.5625,-1490.8144
5459,6.5625,-1494.0775
5460,6.578125,-1496.6292
5461,6.578125,-1498.467
5462,6.578125,-1499.5906
5463,6.59375,-1499.9983
5464,6.609375,-1499.6897
5465,6.625,-1498.6648
5466,6.625,-1496.9235
5467,6.625,-1494.4662
5468,6.640625,-1491.294
5469,6.640625,-1487.4076
5470,6.65625,-1482.8079
5471,6.65625,-1477.4993
5472,6.671875,-1471.4801
5473,6.671875,-1464.7561
5474,6.6875,-1457.3276
5475,6.6875,-1449.2004
5476,6.703125,-1440.3752
5477,6.703125,-1430.859
5478,6.703125,-1420.6526
5479,6.734375,-1409.7642
5480,6.734375,-1398.1947
5481,6.734375,-1385.9535
5482,6.75,-1373.0396
5483,6.765625,-1359.4678
5484,6.765625,-1345.2373
5485,6.78125,-1330.3569
5486,6.78125,-1314.8336
5487,6.796875,-1298.6743
5488,6.796875,-1281.8867
5489,6.8125,-1264.4784
5490,6.828125,-1246.4542
5491,6.828125,-1227.8323
5492,6.84375,-1208.6083
5493,6.84375,-1188.801
5494,6.859375,-1168.4127
5495,6.859375,-1147.4602
5496,6.875,-1125.9498
5497,6.875,-1103.8915
5498,6.875,-1081.2877
5499,6.890625,-1058.165
5500,6.90625,-1034.5222
5501,6.90625,-1010.3788
5502,6.921875,-985.73784
5503,6.921875,-960.6194
5504,6.9375,-935.02232
5505,7.0,-908.9765
5506,7.015625,-882.4764
5507,7.015625,-855.5528
5508,7.015625,-828.1999
5509,7.03125,-800.44996
5510,7.046875,-772.2967
5511,7.046875,-743.7683
5512,7.0625,-714.87352
5513,7.078125,-685.62632
5514,7.078125,-656.03548
5515,7.078125,-626.1255
5516,7.09375,-595.9004
5517,7.09375,-565.3852
5518,7.109375,-534.5841
5519,7.109375,-503.5226
5520,7.109375,-472.20496
5521,7.125,-440.65708
5522,7.125,-408.883432
5523,7.140625,-376.910216
5524,7.140625,-344.7365
5525,7.15625,-312.40004
5526,7.15625,-279.89424
5527,7.15625,-247.25726
5528,7.15625,-214.482532
5529,7.171875,-181.608616
5530,7.1875,-148.62882
5531,7.1875,-115.58199
5532,7.203125,-82.461496
5533,7.203125,-49.300616
5534,7.203125,-16.104156
5535,7.21875,17.094474
5536,7.21875,50.30189
5537,7.21875,83.48464
5538,7.21875,116.63786
5539,7.21875,149.73386
5540,7.234375,182.76772
5541,7.234375,215.71186
5542,7.25,248.56698
5543,7.25,281.2943
5544,7.25,313.89462
5545,7.25,346.3462
5546,7.25,378.63288
5547,7.265625,410.73328
5548,7.265625,442.64804
5549,7.265625,474.339268
5550,7.28125,505.8131
5551,7.28125,537.0377
5552,7.28125,568.00284
5553,7.28125,598.6932
5554,7.28125,629.09864
5555,7.28125,659.1885
5556,7.28125,688.96824
5557,7.28125,718.4078
5558,7.296875,747.5024
5559,7.296875,776.22752
5560,7.296875,804.57868
5561,7.296875,832.5319
5562,7.296875,860.0875
5563,7.296875,887.2127
5564,7.296875,913.9077
5565,7.296875,940.1502
5566,7.296875,965.9402
5567,7.296875,991.247
5568,7.296875,1016.07512
5569,7.296875,1040.3952
5570,7.296875,1064.2112
5571,7.296875,1087.495
5572,7.296875,1110.2507
5573,7.296875,1132.451
5574,7.296875,1154.0998
5575,7.296875,1175.175
5576,7.296875,1195.6728
5577,7.296875,1215.5759
5578,7.296875,1234.8808
5579,7.296875,1253.5709
5580,7.296875,1271.643
5581,7.296875,1289.0817
5582,7.296875,1305.8837
5583,7.296875,1322.0349
5584,7.296875,1337.5321
5585,7.296875,1352.3648
5586,7.296875,1366.5248
5587,7.296875,1380.0028
5588,7.28125,1392.7982
5589,7.28125,1404.8958
5590,7.28125,1416.2971
5591,7.28125,1426.9885
5592,7.265625,1436.9717
5593,7.265625,1446.2341
5594,7.265625,1454.7775
5595,7.265625,1462.5924
5596,7.265625,1469.6772
5597,7.25,1476.0258
5598,7.25,1481.6364
5599,7.25,1486.5034
5600,7.25,1490.6279
5601,7.25,1494.0038
5602,7.25,1496.6307
5603,7.234375,1498.5065
5604,7.234375,1499.63
5605,7.21875,1500.0
5606,7.21875,1499.616
5607,7.21875,1498.4782
5608,7.21875,1496.586
5609,7.21875,1493.9406
5610,7.203125,1490.5425
5611,7.203125,1486.3933
5612,7.203125,1481.4948
5613,7.1875,1475.8486
5614,7.1875,1469.4566
5615,7.171875,1462.3247
5616,7.171875,1454.4514
5617,7.171875,1445.8441
5618,7.15625,1436.504
5619,7.15625,1426.4385
5620,7.15625,1415.6487
5621,7.15625,1404.1437
5622,7.140625,1391.9248
5623,7.140625,1379.002
5624,7.125,1365.3772
5625,7.125,1351.0614
5626,7.109375,1336.0543
5627,7.109375,1320.373
5628,7.09375,1304.0174
5629,7.09375,1286.9984
5630,7.09375,1269.3238
5631,7.078125,1251.0026
5632,7.0625,1232.0433
5633,7.046875,1212.4558
5634,7.046875,1192.2494
5635,7.03125,1171.434
5636,7.03125,1150.0162
5637,7.03125,1128.014
5638,7.015625,1105.4308
5639,7.0,1082.2893
5640,7.0,1058.5853
5641,6.984375,1034.3426
5642,6.984375,1009.5651
5643,6.984375,984.26904
5644,6.953125,958.467136
5645,6.9375,932.1769
5646,6.9375,905.40232
5647,6.921875,878.16616
5648,6.921875,850.46784
5649,6.90625,822.34032
5650,6.890625,793.7785
5651,6.890625,764.8161
5652,6.890625,735.4482
5653,6.859375,705.7095
5654,6.84375,675.59464
5655,6.84375,645.1395
5656,6.828125,614.3388
5657,6.828125,583.22364
5658,6.8125,551.8046
5659,6.8125,520.0923
5660,6.796875,488.11352
5661,6.78125,455.87376
5662,6.765625,423.4002
5663,6.765625,390.69852
5664,6.75,357.7964
5665,6.734375,324.6995
5666,6.71875,291.42468
5667,6.71875,258.0114
5668,6.703125,224.44306
5669,6.703125,190.77064
5670,6.671875,156.97746
5671,6.65625,123.10352
5672,6.65625,89.15483
5673,6.640625,55.17167
5674,6.625,21.137248
5675,6.515625,-12.908067
5676,6.515625,-46.95817
5677,6.5,-80.98406
5678,6.484375,-114.97963
5679,6.46875,-148.91588
5680,6.46875,-182.78666
5681,6.453125,-216.55178
5682,6.4375,-250.22776
5683,6.4375,-283.77448
5684,6.421875,-317.197
5685,6.421875,-350.44428
5686,6.40625,-383.52156
5687,6.390625,-416.400416
5688,6.375,-449.07484
5689,6.375,-481.5168
5690,6.359375,-513.72032
5691,6.359375,-545.6684
5692,6.359375,-577.33376
5693,6.359375,-608.6998
5694,6.328125,-639.76076
5695,6.3125,-670.5002
5696,6.3125,-700.8916
5697,6.3125,-730.9193
5698,6.3125,-760.5874
5699,6.296875,-789.8506
5700,6.28125,-818.72264
5701,6.28125,-847.15952
5702,6.265625,-875.1655
5703,6.265625,-902.7256
5704,6.25,-929.81584
5705,6.25,-956.4311
5706,6.25,-982.557
5707,6.25,-1008.1624
5708,6.234375,-1033.2595
5709,6.234375,-1057.8098
5710,6.21875,-1081.8247
5711,6.21875,-1105.2752
5712,6.21875,-1128.1564
5713,6.21875,-1150.4414
5714,6.203125,-1172.1404
5715,6.203125,-1193.227
5716,6.203125,-1213.6969
5717,6.203125,-1233.5324
5718,6.203125,-1252.7229
5719,6.203125,-1271.2645
5720,6.203125,-1289.147
5721,6.203125,-1306.3546
5722,6.203125,-1322.8837
5723,6.203125,-1338.7198
5724,6.203125,-1353.8596
5725,6.203125,-1368.2898
5726,6.203125,-1382.0071
5727,6.203125,-1394.9994
5728,6.203125,-1407.264
5729,6.203125,-1418.7936
5730,6.21875,-1429.5781
5731,6.21875,-1439.6116
5732,6.21875,-1448.892
5733,6.21875,-1457.4108
5734,6.21875,-1465.1686
5735,6.21875,-1472.153
5736,6.234375,-1478.365
5737,6.234375,-1483.7991
5738,6.25,-1488.4551
5739,6.25,-1492.3254
5740,6.25,-1495.4118
5741,6.25,-1497.7088
5742,6.28125,-1499.2169
5743,6.28125,-1499.9346
5744,6.28125,-1499.8607
5745,6.296875,-1498.9949
5746,6.3125,-1497.3369
5747,6.3125,-1494.8887
5748,6.3125,-1491.6487
5749,6.328125,-1487.6214
5750,6.34375,-1482.8047
5751,6.34375,-1477.2034
5752,6.359375,-1470.8206
5753,6.359375,-1463.657
5754,6.375,-1455.7157
5755,6.390625,-1447.0032
5756,6.40625,-1437.5239
5757,6.40625,-1427.2797
5758,6.4375,-1416.2749
5759,6.4375,-1404.5189
5760,6.453125,-1392.0136
5761,6.46875,-1378.7692
5762,6.484375,-1364.7881
5763,6.484375,-1350.0822
5764,6.5,-1334.6537
5765,6.515625,-1318.5159
5766,6.53125,-1301.6714
5767,6.546875,-1284.1346
5768,6.5625,-1265.9087
5769,6.578125,-1247.0089
5770,6.578125,-1227.4388
5771,6.59375,-1207.2151
5772,6.609375,-1186.3412
5773,6.625,-1164.8351
5774,6.640625,-1142.6935
5775,6.65625,-1119.9495
5776,6.671875,-1096.6005
5777,6.671875,-1072.6582
5778,6.703125,-1048.1432
5779,6.71875,-1023.0684
5780,6.734375,-997.4301
5781,6.75,-971.2672
5782,6.75,-944.5765
5783,6.75,-917.3715
5784,6.78125,-889.6758
5785,6.796875,-861.4945
5786,6.8125,-832.852
5787,6.8125,-803.753968
5788,6.828125,-774.2253
5789,6.84375,-744.2717
5790,6.84375,-713.9092
5791,6.84375,-683.17376
5792,6.875,-652.0515
5793,6.890625,-620.5791
5794,6.90625,-588.7736
5795,6.921875,-556.6414
5796,6.9375,-524.19948
5797,6.9375,-491.475736
5798,6.9375,-458.4878
5799,6.984375,-425.24244
5800,7.0,-391.7573
5801,7.0,-358.06124
5802,7.03125,-324.16132
5803,7.03125,-290.0868
5804,7.046875,-255.84474
5805,7.078125,-221.4648
5806,7.078125,-186.954132
5807,7.078125,-152.34264
5808,7.109375,-117.63757
5809,7.125,-82.86902
5810,7.125,-48.044316
5811,7.15625,-13.193658
5812,7.15625,21.675566
5813,7.171875,56.54451
5814,7.171875,91.38288
5815,7.1875,126.17184
5816,7.203125,160.90394
5817,7.21875,195.549
5818,7.234375,230.11082
5819,7.25,264.53674
5820,7.25,298.83064
5821,7.25,332.97376
5822,7.265625,366.93636
5823,7.28125,400.711068
5824,7.296875,434.26836
5825,7.296875,467.59012
5826,7.3125,500.67972
5827,7.328125,533.48664
5828,7.328125,566.02516
5829,7.34375,598.256
5830,7.34375,630.16156
5831,7.359375,661.7349
5832,7.375,692.948336
5833,7.375,723.79484
5834,7.375,754.25732
5835,7.375,784.2992
5836,7.375,813.9334
5837,7.40625,843.123936
5838,7.40625,871.8644
5839,7.421875,900.12936
5840,7.4375,927.90344
5841,7.4375,955.18024
5842,7.4375,981.9444
5843,7.5,1008.1724
5844,7.515625,1033.858
5845,7.515625,1058.9789
5846,7.53125,1083.5289
5847,7.53125,1107.4866
5848,7.53125,1130.8461
5849,7.53125,1153.5869
5850,7.53125,1175.7036
5851,7.546875,1197.1766
5852,7.546875,1218.0008
5853,7.546875,1238.1577
5854,7.546875,1257.6488
5855,7.5625,1276.4441
5856,7.5625,1294.5452
5857,7.5625,1311.9362
5858,7.5625,1328.6128
5859,7.5625,1344.5652
5860,7.5625,1359.7789
5861,7.5625,1374.2458
5862,7.578125,1387.9666
5863,7.578125,1400.9198
5864,7.578125,1413.1107
5865,7.578125,1424.5203
5866,7.578125,1435.1531
5867,7.578125,1444.9923
5868,7.578125,1454.042
5869,7.59375,1462.2878
5870,7.59375,1469.7329
5871,7.59375,1476.3655
5872,7.59375,1482.188
5873,7.59375,1487.1912
5874,7.59375,1491.3766
5875,7.59375,1494.7386
5876,7.59375,1497.2753
5877,7.59375,1498.9857
5878,7.59375,1499.8682
5879,7.59375,1499.9212
5880,7.59375,1499.1446
5881,7.59375,1497.5393
5882,7.59375,1495.1042
5883,7.59375,1491.8416
5884,7.59375,1487.7515
5885,7.59375,1482.8373
5886,7.59375,1477.0996
5887,7.59375,1470.5432
5888,7.59375,1463.1692
5889,7.59375,1454.9835
5890,7.59375,1445.9878
5891,7.578125,1436.1896
5892,7.578125,1425.5906
5893,7.578125,1414.1998
5894,7.578125,1402.0196
5895,7.578125,1389.0603
5896,7.578125,1375.3198
5897,7.578125,1360.8188
5898,7.5625,1345.556
5899,7.5625,1329.5446
5900,7.5625,1312.7821
5901,7.5625,1295.294
5902,7.5625,1277.0785
5903,7.5625,1258.1453
5904,7.5625,1238.5105
5905,7.5625,1218.1853
5906,7.5625,1197.1671
5907,7.5625,1175.4877
5908,7.5625,1153.1377
5909,7.546875,1130.1511
5910,7.546875,1106.5182
5911,7.53125,1082.2748
5912,7.53125,1057.4104
5913,7.53125,1031.9545
5914,7.53125,1005.9216
5915,7.53125,979.31716
5916,7.53125,952.1559
5917,7.53125,924.4702
5918,7.515625,896.2488
5919,7.515625,867.5251
5920,7.515625,838.3057
5921,7.5,808.6259
5922,7.5,778.4733
5923,7.5,747.8839
5924,7.5,716.86472
5925,7.5,685.44308
5926,7.484375,653.62616
5927,7.484375,621.442
5928,7.484375,588.8982
5929,7.46875,556.02324
5930,7.46875,522.82496
5931,7.453125,489.33252
5932,7.453125,455.5539
5933,7.453125,421.5188
5934,7.453125,387.23536
5935,7.4375,352.73376
5936,7.4375,318.02228
5937,7.421875,283.13152
5938,7.421875,248.05862
5939,7.40625,212.85702
5940,7.40625,177.524
5941,7.40625,142.09079
5942,7.40625,106.55454
5943,7.390625,70.96951
5944,7.375,35.33296
5945,7.375,-0.335008
5946,7.375,-36.002784
5947,7.375,-71.66164
5948,7.359375,-107.27994
5949,7.359375,-142.83752
5950,7.34375,-178.33702
5951,7.34375,-213.73548
5952,7.328125,-249.0128
5953,7.328125,-284.1603
5954,7.328125,-319.1467
5955,7.3125,-353.963268
5956,7.296875,-388.5901
5957,7.296875,-422.9853
5958,7.28125,-457.16236
5959,7.28125,-491.079736
5960,7.265625,-524.7182
5961,7.265625,-558.06916
5962,7.25,-591.11348
5963,7.25,-623.82152
5964,7.234375,-656.1851
5965,7.21875,-688.16504
5966,7.21875,-719.7737
5967,7.21875,-750.9724
5968,7.203125,-781.7532
5969,7.203125,-812.0885
5970,7.1875,-841.97048
5971,7.1875,-871.3724
5972,7.171875,-900.2865
5973,7.15625,-928.68696
5974,7.15625,-956.5663
5975,7.140625,-983.89952
5976,7.140625,-1010.6879
5977,7.125,-1036.8901
5978,7.109375,-1062.5082
5979,7.109375,-1087.5187
5980,7.09375,-1111.9153
5981,7.09375,-1135.6832
5982,7.078125,-1158.801
5983,7.078125,-1181.2556
5984,7.0625,-1203.0475
5985,7.046875,-1224.1434
5986,7.046875,-1244.5446
5987,7.03125,-1264.2385
5988,7.03125,-1283.2074
5989,7.015625,-1301.4403
5990,7.0,-1318.9379
5991,7.0,-1335.6727
5992,7.0,-1351.651
5993,6.984375,-1366.8527
5994,6.96875,-1381.2689
5995,6.953125,-1394.8956
5996,6.953125,-1407.7203
5997,6.9375,-1419.7394
5998,6.9375,-1430.945
5999,6.921875,-1441.3236
6000,6.921875,-1450.8788
6001,6.90625,-1459.5982
6002,6.890625,-1467.4791
6003,6.890625,-1474.5121
6004,6.875,-1480.6992
6005,6.875,-1486.0322
6006,6.859375,-1490.5094
6007,6.84375,-1494.1264
6008,6.84375,-1496.8817
6009,6.84375,-1498.7724
6010,6.828125,-1499.7977
6011,6.8125,-1499.9564
6012,6.8125,-1499.2479
6013,6.8125,-1497.6724
6014,6.71875,-1495.2298
6015,6.703125,-1491.9221
6016,6.703125,-1487.7498
6017,6.6875,-1482.7158
6018,6.671875,-1476.8215
6019,6.671875,-1470.0715
6020,6.65625,-1462.4673
6021,6.65625,-1454.0123
6022,6.65625,-1444.714
6023,6.640625,-1434.5775
6024,6.640625,-1423.6017
6025,6.625,-1411.8027
6026,6.625,-1399.1802
6027,6.609375,-1385.7405
6028,6.609375,-1371.4955
6029,6.59375,-1356.4532
6030,6.59375,-1340.6124
6031,6.59375,-1323.9967
6032,6.578125,-1306.5998
6033,6.578125,-1288.4479
6034,6.5625,-1269.534
6035,6.5625,-1249.8868
6036,6.5625,-1229.4985
6037,6.546875,-1208.3936
6038,6.546875,-1186.5839
6039,6.53125,-1164.0752
6040,6.53125,-1140.88
6041,6.53125,-1117.0264
6042,6.515625,-1092.5052
6043,6.515625,-1067.3461
6044,6.515625,-1041.5552
6045,6.5,-1015.1638
6046,6.5,-988.1623
6047,6.5,-960.582768
6048,6.484375,-932.432464
6049,6.484375,-903.73624
6050,6.484375,-874.501936
6051,6.46875,-844.755568
6052,6.46875,-814.5048
6053,6.46875,-783.7768
6054,6.453125,-752.57944
6055,6.453125,-720.9409
6056,6.453125,-688.8695
6057,6.453125,-656.3939
6058,6.4375,-623.5227
6059,6.4375,-590.28548
6060,6.4375,-556.691
6061,6.4375,-522.7588
6062,6.4375,-488.519268
6063,6.421875,-453.992568
6064,6.421875,-419.188032
6065,6.421875,-384.125832
6066,6.421875,-348.83752
6067,6.421875,-313.3439
6068,6.40625,-277.64336
6069,6.40625,-241.7905
6070,6.40625,-205.77256
6071,6.40625,-169.64464
6072,6.40625,-133.40535
6073,6.40625,-97.07595
6074,6.40625,-60.68929
6075,6.40625,-24.25537
6076,6.40625,12.204316
6077,6.40625,48.64535
6078,6.40625,85.08052
6079,6.390625,121.45398
6080,6.390625,157.77844
6081,6.390625,194.00956
6082,6.390625,230.125932
6083,6.390625,266.11744
6084,6.390625,301.9626
6085,6.390625,337.628932
6086,6.390625,373.1064
6087,6.390625,408.35164
6088,6.390625,443.376984
6089,6.390625,478.139336
6090,6.390625,512.6289
6091,6.390625,546.8142
6092,6.390625,580.68568
6093,6.390625,614.2123
6094,6.390625,647.3845
6095,6.40625,680.17208
6096,6.40625,712.5656
6097,6.40625,744.53544
6098,6.40625,776.0725
6099,6.40625,807.1479
6100,6.40625,837.75256
6101,6.40625,867.8585
6102,6.40625,897.46624
6103,6.40625,926.53
6104,6.40625,955.0508
6105,6.40625,983.00224
6106,6.40625,1010.3848
6107,6.40625,1037.1561
6108,6.40625,1063.317
6109,6.40625,1088.8512
6110,6.40625,1113.7352
6111,6.40625,1137.9616
6112,6.40625,1161.5079
6113,6.40625,1184.3605
6114,6.40625,1206.5188
6115,6.40625,1227.9488
6116,6.421875,1248.6572
6117,6.421875,1268.6122
6118,6.421875,1287.82
6119,6.421875,1306.2562
6120,6.421875,1323.91
6121,6.421875,1340.776
6122,6.421875,1356.8433
6123,6.421875,1372.092
6124,6.421875,1386.5272
6125,6.421875,1400.1302
6126,6.421875,1412.897
6127,6.421875,1424.8116
6128,6.421875,1435.8778
6129,6.421875,1446.0813
6130,6.421875,1455.4186
6131,6.421875,1463.8808
6132,6.421875,1471.4651
6133,6.421875,1478.1642
6134,6.421875,1483.9756
6135,6.421875,1488.8937
6136,6.421875,1492.9166
6137,6.421875,1496.0403
6138,6.421875,1498.2633
6139,6.421875,1499.5831
6140,6.421875,1499.9993
6141,6.421875,1499.5106
6142,6.421875,1498.1171
6143,6.421875,1495.8186
6144,6.421875,1492.6168
6145,6.421875,1488.5137
6146,6.421875,1483.51
6147,6.421875,1477.608
6148,6.421875,1470.8126
6149,6.421875,1463.1279
6150,6.40625,1454.553
6151,6.40625,1445.1006
6152,6.40625,1434.7706
6153,6.40625,1423.5685
6154,6.40625,1411.504
6155,6.40625,1398.5804
6156,6.40625,1384.8091
6157,6.40625,1370.1937
6158,6.40625,1354.7474
6159,6.40625,1338.4744
6160,6.40625,1321.3888
6161,6.40625,1303.496
6162,6.40625,1284.8054
6163,6.390625,1265.3404
6164,6.390625,1245.0944
6165,6.390625,1224.0913
6166,6.390625,1202.337
6167,6.390625,1179.8584
6168,6.390625,1156.648
6169,6.390625,1132.7334
6170,6.390625,1108.1213
6171,6.390625,1082.8345
6172,6.375,1056.8799
6173,6.375,1030.2811
6174,6.375,1003.0544
6175,6.375,975.207632
6176,6.375,946.75732
6177,6.375,917.72904
6178,6.375,888.1317
6179,6.375,857.98252
6180,6.375,827.30916
6181,6.359375,796.13024
6182,6.359375,764.4551
6183,6.359375,732.3125
6184,6.359375,699.7121
6185,6.359375,666.68368
6186,6.359375,633.22656
6187,6.34375,599.39216
6188,6.34375,565.18024
6189,6.34375,530.6221
6190,6.34375,495.71736
6191,6.34375,460.51948
6192,6.34375,425.01744
6193,6.34375,389.2656
6194,6.34375,353.26392
6195,6.34375,317.03428
6196,6.34375,280.60996
6197,6.34375,244.00204
6198,6.34375,207.24422
6199,6.34375,170.34768
6200,6.34375,133.34644
6201,6.34375,96.25178
6202,6.34375,59.08648
6203,6.34375,21.896246
6204,6.34375,-15.33034
6205,6.34375,-52.54748
6206,6.34375,-89.73226
6207,6.34375,-126.87318
6208,6.34375,-163.94728
6209,6.34375,-200.92028
6210,6.34375,-237.78064
6211,6.359375,-274.48306
6212,6.359375,-311.0386
6213,6.359375,-347.4021
6214,6.359375,-383.56212
6215,6.359375,-419.48524
6216,6.359375,-455.160068
6217,6.359375,-490.5535
6218,6.375,-525.6544
6219,6.375,-560.4301
6220,6.375,-594.86976
6221,6.375,-628.94116
6222,6.375,-662.6335
6223,6.375,-695.91544
6224,6.390625,-728.786436
6225,6.390625,-761.1956
6226,6.390625,-793.1428
6227,6.40625,-824.5982
6228,6.40625,-855.551632
6229,6.40625,-885.98344
6230,6.421875,-915.865232
6231,6.421875,-945.17832
6232,6.421875,-973.92208
6233,6.4375,-1002.0518
6234,6.4375,-1029.5675
6235,6.4375,-1056.4512
6236,6.453125,-1082.6778
6237,6.453125,-1108.2386
6238,6.453125,-1133.11
6239,6.453125,-1157.2832
6240,6.453125,-1180.7357
6241,6.46875,-1203.4598
6242,6.484375,-1225.4406
6243,6.484375,-1246.6508
6244,6.484375,-1267.0966
6245,6.5,-1286.7457
6246,6.515625,-1305.604
6247,6.515625,-1323.6472
6248,6.515625,-1340.8692
6249,6.53125,-1357.2488
6250,6.53125,-1372.7902
6251,6.546875,-1387.4735
6252,6.546875,-1401.2937
6253,6.5625,-1414.2376
6254,6.578125,-1426.3004
6255,6.578125,-1437.4674
6256,6.578125,-1447.7414
6257,6.578125,-1457.1088
6258,6.59375,-1465.5663
6259,6.609375,-1473.1054
6260,6.625,-1479.7234
6261,6.625,-1485.4137
6262,6.625,-1490.1741
6263,6.640625,-1494.0005
6264,6.65625,-1496.8893
6265,6.671875,-1498.8384
6266,6.671875,-1499.8468
6267,6.6875,-1499.9131
6268,6.6875,-1499.0369
6269,6.6875,-1497.2179
6270,6.703125,-1494.4574
6271,6.71875,-1490.7571
6272,6.71875,-1486.1162
6273,6.734375,-1480.5414
6274,6.75,-1474.0328
6275,6.75,-1466.5938
6276,6.765625,-1458.2307
6277,6.78125,-1448.9462
6278,6.78125,-1438.748
6279,6.796875,-1427.6394
6280,6.796875,-1415.6304
6281,6.8125,-1402.7244
6282,6.8125,-1388.9329
6283,6.828125,-1374.2601
6284,6.84375,-1358.7196
6285,6.84375,-1342.3158
6286,6.859375,-1325.0585
6287,6.859375,-1306.9689
6288,6.875,-1288.0415
6289,6.875,-1268.2993
6290,6.890625,-1247.7483
6291,6.90625,-1226.414
6292,6.921875,-1204.29
6293,6.921875,-1181.4033
6294,6.921875,-1157.7609
6295,6.9375,-1133.3845
6296,6.9375,-1108.2821
6297,6.953125,-1082.4768
6298,6.96875,-1055.9768
6299,6.96875,-1028.8066
6300,6.96875,-1000.9751
6301,6.984375,-972.50792
6302,7.0,-943.41436
6303,7.015625,-913.7213
6304,7.015625,-883.4385
6305,7.03125,-852.59392
6306,7.03125,-821.1978
6307,7.046875,-789.279236
6308,7.0625,-756.84868
6309,7.078125,-723.92632
6310,7.078125,-690.5429
6311,7.09375,-656.7197
6312,7.09375,-622.4678
6313,7.09375,-587.8086
6314,7.109375,-552.7746
6315,7.109375,-517.3881
6316,7.109375,-481.64996
6317,7.140625,-445.61528
6318,7.140625,-409.2742
6319,7.140625,-372.682736
6320,7.140625,-335.83102
6321,7.15625,-298.77588
6322,7.171875,-261.50732
6323,7.171875,-224.08278
6324,7.1875,-186.492308
6325,7.203125,-148.79386
6326,7.203125,-110.97742
6327,7.203125,-73.089908
6328,7.21875,-35.155588
6329,7.21875,2.812688
6330,7.234375,40.7906
6331,7.234375,78.742352
6332,7.25,116.64364
6333,7.25,154.4815
6334,7.25,192.23162
6335,7.25,229.85832
6336,7.25,267.34872
6337,7.265625,304.66742
6338,7.265625,341.80156
6339,7.265625,378.71604
6340,7.28125,415.39804
6341,7.28125,451.81296
6342,7.28125,487.94812
6343,7.296875,523.7693
6344,7.296875,559.26404
6345,7.296875,594.3987
6346,7.296875,629.161
6347,7.328125,663.518
6348,7.328125,697.457636
6349,7.328125,730.9477
6350,7.328125,763.9862
6351,7.328125,796.5219
6352,7.34375,828.5534
6353,7.34375,860.0502
6354,7.34375,891.0101
6355,7.34375,921.3853
6356,7.34375,951.1744
6357,7.34375,980.3574
6358,7.34375,1008.90652
6359,7.34375,1036.8116
6360,7.34375,1064.0459
6361,7.34375,1090.5997
6362,7.34375,1116.4474
6363,7.34375,1141.5798
6364,7.34375,1165.9728
6365,7.34375,1189.6173
6366,7.34375,1212.491
6367,7.34375,1234.5852
6368,7.34375,1255.8851
6369,7.34375,1276.3639
6370,7.328125,1296.0266
6371,7.328125,1314.8476
6372,7.328125,1332.8202
6373,7.328125,1349.9219
6374,7.328125,1366.1566
6375,7.328125,1381.5032
6376,7.328125,1395.9557
6377,7.328125,1409.5002
6378,7.328125,1422.1317
6379,7.328125,1433.834
6380,7.3125,1444.61
6381,7.3125,1454.445
6382,7.3125,1463.3354
6383,7.3125,1471.2723
6384,7.296875,1478.2523
6385,7.296875,1484.2702
6386,7.296875,1489.3196
6387,7.296875,1493.3973
6388,7.28125,1496.5016
6389,7.28125,1498.6289
6390,7.265625,1499.7781
6391,7.265625,1499.9476
6392,7.265625,1499.1366
6393,7.265625,1497.3458
6394,7.25,1494.5754
6395,7.25,1490.8265
6396,7.25,1486.1018
6397,7.25,1480.4049
6398,7.25,1473.7349
6399,7.234375,1466.1016
6400,7.234375,1457.5058
6401,7.21875,1447.9522
6402,7.21875,1437.4492
6403,7.21875,1426.0005
6404,7.203125,1413.6164
6405,7.203125,1400.301
6406,7.203125,1386.0621
6407,7.1875,1370.9177
6408,7.1875,1354.8636
6409,7.171875,1337.9244
6410,7.171875,1320.0958
6411,7.171875,1301.3992
6412,7.15625,1281.8411
6413,7.15625,1261.4457
6414,7.15625,1240.2081
6415,7.15625,1218.154
6416,7.140625,1195.2912
6417,7.125,1171.6483
6418,7.125,1147.2192
6419,7.109375,1122.0342
6420,7.109375,1096.1019
6421,7.109375,1069.4466
6422,7.09375,1042.078
6423,7.09375,1014.0216
6424,7.078125,985.28768
6425,7.078125,955.9031
6426,7.0625,925.8784
6427,7.0625,895.24208
6428,7.046875,864.00492
6429,7.03125,832.1967
6430,7.03125,799.819
6431,7.03125,766.9218
6432,7.015625,733.5074
6433,7.0,699.6075
6434,7.0,665.22408
6435,6.984375,630.41032
6436,6.984375,595.1686
6437,6.984375,559.5325
6438,6.96875,523.50416
6439,6.953125,487.13944
6440,6.9375,450.4299
6441,6.9375,413.432352
6442,6.921875,376.1495
6443,6.90625,338.6058
6444,6.90625,300.83722
6445,6.90625,262.85754
6446,6.890625,224.691908
6447,6.875,186.3882
6448,6.875,147.93785
6449,6.859375,109.40049
6450,6.84375,70.76751
6451,6.828125,32.08742
6452,6.828125,-6.6140256
6453,6.828125,-45.322512
6454,6.796875,-84.01223
6455,6.796875,-122.64595
6456,6.796875,-161.19794
6457,6.765625,-199.653808
6458,6.75,-237.98782
6459,6.734375,-276.16304
6460,6.71875,-314.16516
6461,6.71875,-351.9575
6462,6.71875,-389.5259
6463,6.703125,-426.83404
6464,6.703125,-463.8679
6465,6.671875,-500.59168
6466,6.65625,-536.99148
6467,6.65625,-573.0321
6468,6.640625,-608.6999
6469,6.640625,-643.96024
6470,6.625,-678.79984
6471,6.625,-713.1849
6472,6.609375,-747.10224
6473,6.59375,-780.52872
6474,6.59375,-813.43192
6475,6.578125,-845.78976
6476,6.578125,-877.5897
6477,6.578125,-908.81
6478,6.53125,-939.42032
6479,6.53125,-969.4
6480,6.53125,-998.7462
6481,6.53125,-1027.4126
6482,6.515625,-1055.3973
6483,6.5,-1082.6806
6484,6.5,-1109.2357
6485,6.5,-1135.0524
6486,6.484375,-1160.1055
6487,6.46875,-1184.385
6488,6.46875,-1207.8739
6489,6.453125,-1230.5426
6490,6.453125,-1252.3955
6491,6.4375,-1273.3981
6492,6.4375,-1293.5546
6493,6.421875,-1312.8386
6494,6.421875,-1331.2372
6495,6.421875,-1348.743
6496,6.40625,-1365.3434
6497,6.40625,-1381.0218
6498,6.390625,-1395.7721
6499,6.390625,-1409.5753
6500,6.375,-1422.434
6501,6.375,-1434.3312
6502,6.375,-1445.2617
6503,6.359375,-1455.2148
6504,6.359375,-1464.186
6505,6.359375,-1472.1661
6506,6.34375,-1479.1518
6507,6.34375,-1485.1359
6508,6.34375,-1490.1155
6509,6.34375,-1494.0854
6510,6.34375,-1497.0437
6511,6.328125,-1498.9869
6512,6.328125,-1499.914
6513,6.328125,-1499.8234
6514,6.3125,-1498.7147
6515,6.3125,-1496.5886
6516,6.3125,-1493.4457
6517,6.3125,-1489.287
6518,6.3125,-1484.1162
6519,6.3125,-1477.9369
6520,6.3125,-1470.7485
6521,6.3125,-1462.5621
6522,6.3125,-1453.3784
6523,6.3125,-1443.2028
6524,6.3125,-1432.0446
6525,6.3125,-1419.9077
6526,6.3125,-1406.8037
6527,6.3125,-1392.737
6528,6.328125,-1377.7213
6529,6.328125,-1361.7617
6530,6.328125,-1344.8734
6531,6.34375,-1327.0625
6532,6.34375,-1308.3406
6533,6.34375,-1288.7312
6534,6.34375,-1268.2301
6535,6.34375,-1246.8626
6536,6.34375,-1224.6433
6537,6.34375,-1201.5806
6538,6.359375,-1177.6893
6539,6.375,-1152.9926
6540,6.375,-1127.4996
6541,6.375,-1101.2429
6542,6.375,-1074.2169
6543,6.390625,-1046.4553
6544,6.390625,-1017.9689
6545,6.40625,-988.7848
6546,6.40625,-958.91452
6547,6.421875,-928.3869
6548,6.421875,-897.213536
6549,6.4375,-865.42472
6550,6.4375,-833.0328
6551,6.453125,-800.0691
6552,6.453125,-766.5464
6553,6.453125,-732.4873
6554,6.46875,-697.9248
6555,6.46875,-662.88276
6556,6.46875,-627.37476
6557,6.484375,-591.4354
6558,6.5,-555.06824
6559,6.515625,-518.32968
6560,6.515625,-481.2236
6561,6.53125,-443.775432
6562,6.53125,-406.02156
6563,6.546875,-367.98804
6564,6.5625,-329.6787
6565,6.5625,-291.1533
6566,6.578125,-252.40468
6567,6.578125,-213.49322
6568,6.59375,-174.4118
6569,6.59375,-135.22139
6570,6.609375,-95.91483
6571,6.609375,-56.553456
6572,6.625,-17.130152
6573,6.640625,22.304994
6574,6.640625,61.724728
6575,6.65625,101.11321
6576,6.65625,140.44316
6577,6.671875,179.66456
6578,6.671875,218.78436
6579,6.671875,257.7527
6580,6.6875,296.55376
6581,6.703125,335.14938
6582,6.71875,373.512832
6583,6.71875,411.6285
6584,6.734375,449.4698
6585,6.734375,486.99936
6586,6.734375,524.2018
6587,6.765625,561.0405
6588,6.765625,597.50036
6589,6.765625,633.5453
6590,6.765625,669.1605
6591,6.796875,704.3109
6592,6.796875,738.9819
6593,6.796875,773.13908
6594,6.8125,806.77816
6595,6.828125,839.8461
6596,6.828125,872.3393
6597,6.84375,904.22536
6598,6.84375,935.491
6599,6.859375,966.1139
6600,6.859375,996.0637
6601,6.875,1025.3193
6602,6.875,1053.8768
6603,6.875,1081.6913
6604,6.890625,1108.7593
6605,6.890625,1135.0612
6606,6.890625,1160.5708
6607,6.90625,1185.2775
6608,6.90625,1209.1562
6609,6.90625,1232.197
6610,6.921875,1254.3768
6611,6.921875,1275.686
6612,6.921875,1296.1033
6613,6.9375,1315.6198
6614,6.9375,1334.2211
6615,6.9375,1351.8833
6616,6.9375,1368.6092
6617,6.9375,1384.3765
6618,6.953125,1399.1741
6619,6.953125,1412.9956
6620,6.953125,1425.8302
6621,6.96875,1437.6652
6622,6.96875,1448.4918
6623,6.96875,1458.3056
6624,6.984375,1467.0984
6625,6.984375,1474.8612
6626,6.984375,1481.5906
6627,6.984375,1487.279
6628,6.984375,1491.9241
6629,6.984375,1495.5204
6630,6.984375,1498.0662
6631,7.0,1499.5585
6632,7.0,1499.9962
6633,7.0,1499.3783
6634,7.0,1497.7048
6635,7.0,1494.9768
6636,7.0,1491.1951
6637,7.0,1486.3612
6638,7.0,1480.4797
6639,7.0,1473.5547
6640,7.015625,1465.5885
6641,7.015625,1456.5858
6642,7.015625,1446.5554
6643,7.015625,1435.5042
6644,7.015625,1423.4326
6645,7.015625,1410.3594
6646,7.015625,1396.286
6647,7.015625,1381.2218
6648,7.015625,1365.1812
6649,7.015625,1348.1705
6650,7.015625,1330.2063
6651,7.015625,1311.2955
6652,7.015625,1291.4568
6653,7.0,1270.698
6654,7.0,1249.0331
6655,7.0,1226.4898
6656,7.0,1203.0642
6657,7.0,1178.7859
6658,7.0,1153.6719
6659,7.0,1127.7324
6660,7.0,1100.9851
6661,7.0,1073.4646
6662,7.0,1045.166
6663,7.0,1016.1253
6664,7.0,986.3543
6665,6.984375,955.8825
6666,6.984375,924.7225
6667,6.984375,892.90492
6668,6.984375,860.44332
6669,6.984375,827.379
6670,6.96875,793.7072
6671,6.96875,759.47032
6672,6.96875,724.6729
6673,6.96875,689.36932
6674,6.96875,653.56432
6675,6.953125,617.29364
6676,6.953125,580.5726
6677,6.953125,543.4375
6678,6.953125,505.90416
6679,6.953125,468.009968
6680,6.9375,429.75996
6681,6.9375,391.21404
6682,6.9375,352.37776
6683,6.921875,313.27856
6684,6.921875,273.9555
6685,6.921875,234.436684
6686,6.90625,194.727632
6687,6.90625,154.89066
6688,6.859375,114.9315
6689,6.84375,74.87869
6690,6.84375,34.772276
6691,6.84375,-5.370468
6692,6.828125,-45.50937
6693,6.828125,-85.6271
6694,6.828125,-125.69486
6695,6.8125,-165.66114
6696,6.8125,-205.53132
6697,6.8125,-245.24276
6698,6.796875,-284.80084
6699,6.796875,-324.15444
6700,6.78125,-363.27536
6701,6.78125,-402.14644
6702,6.78125,-440.73964
6703,6.765625,-479.0161
6704,6.765625,-516.959
6705,6.765625,-554.5195
6706,6.75,-591.7025
6707,6.75,-628.4598
6708,6.75,-664.775
6709,6.734375,-700.61176
6710,6.734375,-735.954036
6711,6.71875,-770.7662
6712,6.71875,-805.0328
6713,6.703125,-838.71908
6714,6.703125,-871.8102
6715,6.703125,-904.2725
6716,6.6875,-936.09176
6717,6.6875,-967.23552
6718,6.6875,-997.698368
6719,6.6875,-1027.4321
6720,6.671875,-1056.4322
6721,6.671875,-1084.6692
6722,6.65625,-1112.1304
6723,6.65625,-1138.7949
6724,6.65625,-1164.6361
6725,6.65625,-1189.6348
6726,6.640625,-1213.7866
6727,6.640625,-1237.0532
6728,6.640625,-1259.4308
6729,6.625,-1280.9025
6730,6.625,-1301.446
6731,6.609375,-1321.0524
6732,6.609375,-1339.701
6733,6.609375,-1357.3836
6734,6.609375,-1374.0816
6735,6.59375,-1389.7872
6736,6.59375,-1404.4844
6737,6.59375,-1418.166
6738,6.59375,-1430.8214
6739,6.59375,-1442.4341
6740,6.578125,-1453.0051
6741,6.578125,-1462.52
6742,6.578125,-1470.974
6743,6.578125,-1478.356
6744,6.578125,-1484.6668
6745,6.578125,-1489.8971
6746,6.5625,-1494.0441
6747,6.5625,-1497.1033
6748,6.5625,-1499.0723
6749,6.5625,-1499.9498
6750,6.5625,-1499.7344
6751,6.5625,-1498.4256
6752,6.5625,-1496.0237
6753,6.546875,-1492.5306
6754,6.546875,-1487.9474
6755,6.546875,-1482.2783
6756,6.546875,-1475.5255
6757,6.546875,-1467.6928
6758,6.546875,-1458.7877
6759,6.546875,-1448.8168
6760,6.546875,-1437.784
6761,6.546875,-1425.7002
6762,6.546875,-1412.5703
6763,6.546875,-1398.4031
6764,6.546875,-1383.2124
6765,6.546875,-1367.0095
6766,6.546875,-1349.796
6767,6.546875,-1331.5989
6768,6.546875,-1312.421
6769,6.546875,-1292.2758
6770,6.546875,-1271.1831
6771,6.546875,-1249.1524
6772,6.546875,-1226.2052
6773,6.546875,-1202.3586
6774,6.546875,-1177.616
6775,6.546875,-1152.0086
6776,6.546875,-1125.5552
6777,6.5625,-1098.2673
6778,6.5625,-1070.1726
6779,6.5625,-1041.2833
6780,6.5625,-1011.62008
6781,6.5625,-981.2214
6782,6.5625,-950.0835
6783,6.578125,-918.24648
6784,6.578125,-885.7335
6785,6.578125,-852.5594
6786,6.578125,-818.7477
6787,6.578125,-784.3328
6788,6.578125,-749.3301
6789,6.578125,-713.7749
6790,6.578125,-677.6833
6791,6.59375,-641.1021
6792,6.59375,-604.02732
6793,6.59375,-566.5068
6794,6.59375,-528.5574
6795,6.59375,-490.21764
6796,6.609375,-451.50496
6797,6.609375,-412.447636
6798,6.609375,-373.08544
6799,6.625,-333.4474
6800,6.625,-293.5516
6801,6.625,-253.43866
6802,6.625,-213.12692
6803,6.625,-172.65744
6804,6.640625,-132.03736
6805,6.640625,-91.33087
6806,6.640625,-50.545308
6807,6.640625,-9.710846
6808,6.65625,31.130816
6809,6.65625,71.949392
6810,6.65625,112.73746
6811,6.65625,153.43046
6812,6.65625,194.032352
6813,6.65625,234.47882
6814,6.671875,274.77376
6815,6.671875,314.85336
6816,6.671875,354.72136
6817,6.6875,394.31456
6818,6.6875,433.63676
6819,6.6875,472.6255
6820,6.6875,511.28432
6821,6.6875,549.5626
6822,6.6875,587.4319
6823,6.703125,624.8743
6824,6.703125,661.8617
6825,6.703125,698.34576
6826,6.703125,734.3297
6827,6.703125,769.7662
6828,6.71875,804.63837
6829,6.71875,838.9104
6830,6.71875,872.56584
6831,6.71875,905.561
6832,6.71875,937.8984
6833,6.71875,969.5355
6834,6.71875,1000.457
6835,6.71875,1030.631
6836,6.734375,1060.0428
6837,6.734375,1088.6624
6838,6.734375,1116.4755
6839,6.734375,1143.4608
6840,6.734375,1169.5903
6841,6.734375,1194.8445
6842,6.734375,1219.2109
6843,6.734375,1242.6644
6844,6.734375,1265.1934
6845,6.734375,1286.7802
6846,6.734375,1307.4024
6847,6.734375,1327.0442
6848,6.734375,1345.7013
6849,6.734375,1363.3436
6850,6.734375,1379.9678
6851,6.734375,1395.5602
6852,6.734375,1410.1047
6853,6.71875,1423.5903
6854,6.71875,1436.0136
6855,6.71875,1447.354
6856,6.71875,1457.6123
6857,6.71875,1466.7718
6858,6.71875,1474.8328
6859,6.71875,1481.7837
6860,6.71875,1487.6193
6861,6.71875,1492.3364
6862,6.703125,1495.9298
6863,6.703125,1498.3971
6864,6.703125,1499.7356
6865,6.703125,1499.9435
6866,6.6875,1499.0205
6867,6.6875,1496.9667
6868,6.6875,1493.7826
6869,6.6875,1489.4712
6870,6.6875,1484.0339
6871,6.6875,1477.4779
6872,6.671875,1469.8021
6873,6.671875,1461.0159
6874,6.671875,1451.1228
6875,6.65625,1440.1327
6876,6.65625,1428.0503
6877,6.65625,1414.8878
6878,6.65625,1400.6508
6879,6.65625,1385.3538
6880,6.65625,1369.0037
6881,6.640625,1351.6168
6882,6.640625,1333.196
6883,6.640625,1313.7699
6884,6.625,1293.3426
6885,6.625,1271.9349
6886,6.625,1249.5566
6887,6.609375,1226.2239
6888,6.609375,1201.9606
6889,6.59375,1176.785
6890,6.59375,1150.7016
6891,6.59375,1123.7516
6892,6.59375,1095.9404
6893,6.59375,1067.2884
6894,6.59375,1037.8252
6895,6.578125,1007.5645
6896,6.5625,976.5374
6897,6.5625,944.7586
6898,6.546875,912.26088
6899,6.546875,879.0596
6900,6.53125,845.1889
6901,6.53125,810.66504
6902,6.53125,775.52344
6903,6.515625,739.7811
6904,6.515625,703.4648
6905,6.515625,666.62216
6906,6.5,629.2505
6907,6.5,591.3986
6908,6.484375,553.08484
6909,6.484375,514.35944
6910,6.484375,475.21984
6911,6.46875,435.71716
6912,6.46875,395.870536
6913,6.453125,355.721336
6914,6.453125,315.28904
6915,6.4375,274.61556
6916,6.4375,233.72076
6917,6.421875,192.6471
6918,6.421875,151.41462
6919,6.421875,110.06622
6920,6.40625,68.62211
6921,6.40625,27.125424
6922,6.390625,-14.403486
6923,6.390625,-55.921352
6924,6.375,-97.407776
6925,6.375,-138.81949
6926,6.375,-180.14746
6927,6.375,-221.3258
6928,6.375,-262.34558
6929,6.359375,-303.1639
6930,6.359375,-343.77176
6931,6.359375,-384.1043
6932,6.359375,-424.15276
6933,6.34375,-463.88608
6934,6.34375,-503.26268
6935,6.34375,-542.2628
6936,6.34375,-580.84576
6937,6.34375,-618.9921
6938,6.34375,-656.662
6939,6.328125,-693.8364
6940,6.328125,-730.4763
6941,6.328125,-766.56332
6942,6.328125,-802.059636
6943,6.328125,-836.94712
6944,6.328125,-871.19852
6945,6.328125,-904.76856
6946,6.328125,-937.6588
6947,6.328125,-969.8251
6948,6.328125,-1001.2426
6949,6.3125,-1031.8955
6950,6.3125,-1061.7594
6951,6.3125,-1090.8026
6952,6.3125,-1119.0105
6953,6.328125,-1146.3456
6954,6.328125,-1172.8091
6955,6.328125,-1198.365
6956,6.328125,-1223.0004
6957,6.328125,-1246.6891
6958,6.328125,-1269.4186
6959,6.328125,-1291.165
6960,6.328125,-1311.9168
6961,6.328125,-1331.6518
6962,6.34375,-1350.3599
6963,6.34375,-1368.0208
6964,6.34375,-1384.6296
6965,6.34375,-1400.1597
6966,6.34375,-1414.6072
6967,6.359375,-1427.9566
6968,6.359375,-1440.2006
6969,6.359375,-1451.329
6970,6.375,-1461.3295
6971,6.375,-1470.1944
6972,6.375,-1477.9187
6973,6.375,-1484.4955
6974,6.390625,-1489.9174
6975,6.390625,-1494.1813
6976,6.390625,-1497.282
6977,6.40625,-1499.2172
6978,6.40625,-1499.9855
6979,6.421875,-1499.5853
6980,6.421875,-1498.016
6981,6.4375,-1495.2796
6982,6.4375,-1491.3755
6983,6.453125,-1486.3081
6984,6.453125,-1480.0812
6985,6.46875,-1472.6974
6986,6.46875,-1464.1618
6987,6.484375,-1454.4855
6988,6.484375,-1443.6676
6989,6.484375,-1431.7218
6990,6.5,-1418.6572
6991,6.515625,-1404.4801
6992,6.515625,-1389.2007
6993,6.53125,-1372.8345
6994,6.546875,-1355.3896
6995,6.5625,-1336.8839
6996,6.5625,-1317.3263
6997,6.5625,-1296.7429
6998,6.578125,-1275.1326
6999,6.578125,-1252.5232
7000,6.59375,-1228.9259
7001,6.609375,-1204.365
7002,6.609375,-1178.8461
7003,6.625,-1152.4092
7004,6.640625,-1125.0608
7005,6.640625,-1096.8295
7006,6.65625,-1067.7292
7007,6.65625,-1037.7908
7008,6.671875,-1007.0289
7009,6.671875,-975.46708
7010,6.703125,-943.1384
7011,6.703125,-910.0684
7012,6.71875,-876.27384
7013,6.734375,-841.7805
7014,6.734375,-806.624736
7015,6.75,-770.8342
7016,6.765625,-734.417236
7017,6.78125,-697.43176
7018,6.78125,-659.8766
7019,6.796875,-621.81164
7020,6.90625,-583.23584
7021,6.921875,-544.2107
7022,6.921875,-504.73504
7023,6.921875,-464.872
7024,6.921875,-424.62036
7025,6.953125,-384.0446
7026,6.96875,-343.1435
7027,6.96875,-301.9713
7028,6.984375,-260.5606
7029,7.0,-218.93274
7030,7.0,-177.12048
7031,7.015625,-135.16815
7032,7.015625,-93.10894
7033,7.03125,-50.96466
7034,7.03125,-8.76861
7035,7.046875,33.43438
7036,7.046875,75.62234
7037,7.0625,117.75038
7038,7.078125,159.79656
7039,7.078125,201.7161
7040,7.09375,243.487024
7041,7.09375,285.06494
7042,7.109375,326.42796
7043,7.109375,367.531968
7044,7.125,408.3554
7045,7.140625,448.85476
7046,7.140625,489.008568
7047,7.15625,528.77404
7048,7.15625,568.13008
7049,7.15625,607.03468
7050,7.15625,645.4776
7051,7.171875,683.3968
7052,7.1875,720.78264
7053,7.203125,757.5951
7054,7.203125,793.82432
7055,7.21875,829.4118
7056,7.21875,864.34848
7057,7.21875,898.606
7058,7.21875,932.14744
7059,7.234375,964.955
7060,7.234375,996.993136
7061,7.25,1028.2449
7062,7.25,1058.6763
7063,7.265625,1088.2712
7064,7.265625,1116.9976
7065,7.265625,1144.8397
7066,7.265625,1171.768
7067,7.28125,1197.7671
7068,7.28125,1222.816
7069,7.296875,1246.881
7070,7.296875,1269.962
7071,7.296875,1292.0272
7072,7.296875,1313.0646
7073,7.296875,1333.046
7074,7.296875,1351.9711
7075,7.3125,1369.8135
7076,7.3125,1386.5636
7077,7.3125,1402.2029
7078,7.328125,1416.7226
7079,7.328125,1430.1067
7080,7.328125,1442.3446
7081,7.328125,1453.4291
7082,7.328125,1463.3506
7083,7.328125,1472.0976
7084,7.328125,1479.6655
7085,7.328125,1486.0471
7086,7.34375,1491.2348
7087,7.34375,1495.2246
7088,7.34375,1498.0139
7089,7.34375,1499.5992
7090,7.34375,1499.9794
7091,7.34375,1499.1532
7092,7.34375,1497.1201
7093,7.34375,1493.8828
7094,7.34375,1489.4422
7095,7.34375,1483.801
7096,7.34375,1476.9646
7097,7.34375,1468.9386
7098,7.34375,1459.7241
7099,7.34375,1449.3357
7100,7.34375,1437.7727
7101,7.34375,1425.0532
7102,7.34375,1411.181
7103,7.34375,1396.166
7104,7.34375,1380.0243
7105,7.34375,1362.7637
7106,7.34375,1344.3973
7107,7.34375,1324.9502
7108,7.34375,1304.4216
7109,7.34375,1282.8445
7110,7.34375,1260.2182
7111,7.34375,1236.5725
7112,7.34375,1211.9198
7113,7.34375,1186.2933
7114,7.34375,1159.6926
7115,7.328125,1132.153
7116,7.328125,1103.6886
7117,7.328125,1074.3301
7118,7.328125,1044.101
7119,7.328125,1013.0177
7120,7.328125,981.1045
7121,7.328125,948.3955
7122,7.328125,914.9082
7123,7.328125,880.67848
7124,7.328125,845.72456
7125,7.3125,810.084
7126,7.3125,773.7758
7127,7.296875,736.83908
7128,7.296875,699.2936
7129,7.296875,661.16944
7130,7.296875,622.50756
7131,7.296875,583.33952
7132,7.28125,543.68632
7133,7.28125,503.59072
7134,7.28125,463.06364
7135,7.265625,422.17032
7136,7.265625,380.922168
7137,7.265625,339.352668
7138,7.265625,297.50656
7139,7.25,255.41796
7140,7.25,213.098576
7141,7.25,170.61668
7142,7.234375,127.97286
7143,7.21875,85.236
7144,7.21875,42.40672
7145,7.21875,-0.44575346
7146,7.203125,-43.32074
7147,7.203125,-86.1489
7148,7.203125,-128.9295
7149,7.1875,-171.59332
7150,7.1875,-214.139568
7151,7.171875,-256.51064
7152,7.171875,-298.67188
7153,7.15625,-340.59996
7154,7.15625,-382.26028
7155,7.15625,-423.60756
7156,7.140625,-464.6188
7157,7.140625,-505.23864
7158,7.125,-545.466
7159,7.125,-585.2462
7160,7.109375,-624.55708
7161,7.109375,-663.3556
7162,7.109375,-701.6201
7163,7.09375,-739.3089
7164,7.09375,-776.4007
7165,7.078125,-812.855
7166,7.078125,-848.6513
7167,7.078125,-883.7503
7168,7.078125,-918.1324
7169,7.0625,-951.75976
7170,7.046875,-984.6135
7171,7.046875,-1016.6575
7172,7.03125,-1047.8817
7173,7.03125,-1078.2351
7174,7.015625,-1107.7091
7175,7.015625,-1136.2711
7176,7.015625,-1163.9049
7177,7.0,-1190.5868
7178,7.0,-1216.2876
7179,7.0,-1240.9858
7180,6.984375,-1264.6736
7181,6.96875,-1287.3121
7182,6.96875,-1308.9002
7183,6.953125,-1329.4026
7184,6.953125,-1348.8182
7185,6.9375,-1367.115
7186,6.9375,-1384.2921
7187,6.921875,-1400.3212
7188,6.921875,-1415.2013
7189,6.921875,-1428.9077
7190,6.84375,-1441.4398
7191,6.828125,-1452.7794
7192,6.828125,-1462.9172
7193,6.8125,-1471.847
7194,6.8125,-1479.5606
7195,6.8125,-1486.0474
7196,6.8125,-1491.3064
7197,6.796875,-1495.33
7198,6.78125,-1498.1151
7199,6.78125,-1499.6583
7200,6.765625,-1499.9584
7201,6.765625,-1499.0145
7202,6.765625,-1496.8265
7203,6.75,-1493.3964
7204,6.75,-1488.7255
7205,6.734375,-1482.8185
7206,6.734375,-1475.6782
7207,6.71875,-1467.312
7208,6.71875,-1457.7242
7209,6.703125,-1446.9247
7210,6.703125,-1434.9192
7211,6.703125,-1421.7166
7212,6.6875,-1407.331
7213,6.6875,-1391.7745
7214,6.6875,-1375.0554
7215,6.671875,-1357.1916
7216,6.671875,-1338.1874
7217,6.671875,-1318.0735
7218,6.671875,-1296.856
7219,6.671875,-1274.5576
7220,6.65625,-1251.1844
7221,6.65625,-1226.774
7222,6.640625,-1201.327
7223,6.640625,-1174.8843
7224,6.640625,-1147.454
7225,6.625,-1119.0582
7226,6.625,-1089.728
7227,6.625,-1059.4795
7228,6.625,-1028.3457
7229,6.609375,-996.344
7230,6.609375,-963.5006
7231,6.59375,-929.8603
7232,6.59375,-895.4241
7233,6.59375,-860.2386
7234,6.59375,-824.3331
7235,6.578125,-787.727936
7236,6.578125,-750.4533
7237,6.578125,-712.56
7238,6.578125,-674.049536
7239,6.578125,-634.97408
7240,6.578125,-595.35584
7241,6.5625,-555.2383
7242,6.5625,-514.6443
7243,6.5625,-473.6293
7244,6.5625,-432.1952
7245,6.5625,-390.3982
7246,6.546875,-348.2623
7247,6.546875,-305.83386
7248,6.546875,-263.13728
7249,6.546875,-220.21952
7250,6.53125,-177.093952
7251,6.53125,-133.83076
7252,6.53125,-90.44363
7253,6.53125,-46.980404
7254,6.53125,-3.4662036
7255,6.53125,40.050916
7256,6.515625,83.545748
7257,6.515625,126.981608
7258,6.515625,170.310468
7259,6.515625,213.49582
7260,6.515625,256.5238
7261,6.515625,299.3242
7262,6.515625,341.88336
7263,6.515625,384.1652
7264,6.5,426.12276
7265,6.5,467.7316
7266,6.5,508.94548
7267,6.5,549.7402
7268,6.5,590.0704
7269,6.5,629.9125
7270,6.5,669.2221
7271,6.5,707.976
7272,6.5,746.1312
7273,6.5,783.6651
7274,6.484375,820.5454
7275,6.484375,856.7216
7276,6.484375,892.1912
7277,6.484375,926.9051
7278,6.484375,960.8425
7279,6.484375,993.95704
7280,6.484375,1026.2462
7281,6.484375,1057.6652
7282,6.484375,1088.1951
7283,6.484375,1117.8016
7284,6.46875,1146.4673
7285,6.46875,1174.1527
7286,6.46875,1200.8556
7287,6.46875,1226.5384
7288,6.46875,1251.1859
7289,6.46875,1274.7702
7290,6.46875,1297.277
7291,6.453125,1318.6862
7292,6.453125,1338.9736
7293,6.453125,1358.1221
7294,6.453125,1376.1198
7295,6.453125,1392.9463
7296,6.453125,1408.5911
7297,6.453125,1423.04
7298,6.4375,1436.2767
7299,6.4375,1448.2896
7300,6.4375,1459.071
7301,6.4375,1468.6112
7302,6.4375,1476.8988
7303,6.4375,1483.9266
7304,6.4375,1489.6916
7305,6.421875,1494.1837
7306,6.421875,1497.4021
7307,6.421875,1499.3411
7308,6.421875,1499.9999
7309,6.421875,1499.377
7310,6.421875,1497.472
7311,6.421875,1494.2875
7312,6.40625,1489.8232
7313,6.40625,1484.086
7314,6.40625,1477.0757
7315,6.40625,1468.8009
7316,6.390625,1459.2689
7317,6.390625,1448.4848
7318,6.390625,1436.4567
7319,6.390625,1423.2014
7320,6.375,1408.7194
7321,6.375,1393.0296
7322,6.375,1376.1408
7323,6.375,1358.0716
7324,6.375,1338.8323
7325,6.375,1318.4495
7326,6.359375,1296.9241
7327,6.359375,1274.285
7328,6.359375,1250.5455
7329,6.359375,1225.7316
7330,6.34375,1199.8577
7331,6.34375,1172.9524
7332,6.34375,1145.0315
7333,6.34375,1116.1182
7334,6.34375,1086.2446
7335,6.34375,1055.436
7336,6.328125,1023.7111
7337,6.328125,991.10488
7338,6.328125,957.6364
7339,6.328125,923.3341
7340,6.3125,888.23616
7341,6.3125,852.37256
7342,6.3125,815.76483
7343,6.3125,778.44384
7344,6.3125,740.45132
7345,6.296875,701.80992
7346,6.296875,662.5627
7347,6.296875,622.7436
7348,6.296875,582.36584
7349,6.296875,541.4956
7350,6.28125,500.13604
7351,6.28125,458.3551
7352,6.28125,416.1561
7353,6.28125,373.6082
7354,6.28125,330.71496
7355,6.28125,287.53556
7356,6.28125,244.1073
7357,6.265625,200.45648
7358,6.265625,156.62068
7359,6.265625,112.660616
7360,6.265625,68.58015
7361,6.265625,24.440228
7362,6.265625,-19.7323168
7363,6.265625,-63.88775
7364,6.265625,-107.98778
7365,6.265625,-152.00554
7366,6.265625,-195.90276
7367,6.28125,-239.62992
7368,6.28125,-283.16028
7369,6.28125,-326.44472
7370,6.28125,-369.4567
7371,6.28125,-412.14764
7372,6.28125,-454.49132
7373,6.28125,-496.439816
7374,6.28125,-537.9674
7375,6.296875,-579.027
7376,6.296875,-619.59324
7377,6.296875,-659.6306
7378,6.3125,-699.0935
7379,6.3125,-737.947636
7380,6.3125,-776.16892
7381,6.3125,-813.723636
7382,6.328125,-850.569
7383,6.328125,-886.67288
7384,6.34375,-922.01292
7385,6.34375,-956.5576
7386,6.34375,-990.267664
7387,6.34375,-1023.1218
7388,6.359375,-1055.0829
7389,6.375,-1086.1227
7390,6.375,-1116.2296
7391,6.375,-1145.3536
7392,6.390625,-1173.4913
7393,6.390625,-1200.5961
7394,6.40625,-1226.6648
7395,6.40625,-1251.6603
7396,6.421875,-1275.5607
7397,6.421875,-1298.351
7398,6.4375,-1320.0101
7399,6.4375,-1340.5083
7400,6.453125,-1359.8426
7401,6.46875,-1377.9855
7402,6.46875,-1394.9252
7403,6.484375,-1410.6381
7404,6.484375,-1425.1221
7405,6.5,-1438.356
7406,6.515625,-1450.3312
7407,6.515625,-1461.0338
7408,6.53125,-1470.4564
7409,6.53125,-1478.5879
7410,6.5625,-1485.4227
7411,6.5625,-1490.9528
7412,6.578125,-1495.1738
7413,6.578125,-1498.0808
7414,6.59375,-1499.6713
7415,6.609375,-1499.943
7416,6.625,-1498.8952
7417,6.625,-1496.5287
7418,6.640625,-1492.8444
7419,6.65625,-1487.8458
7420,6.65625,-1481.534
7421,6.671875,-1473.919
7422,6.671875,-1465.003
7423,6.671875,-1454.7964
7424,6.703125,-1443.3015
7425,6.71875,-1430.5369
7426,6.71875,-1416.5072
7427,6.734375,-1401.2241
7428,6.75,-1384.7042
7429,6.765625,-1366.9624
7430,6.765625,-1348.0039
7431,6.78125,-1327.86
7432,6.796875,-1306.5324
7433,6.8125,-1284.0557
7434,6.828125,-1260.4322
7435,6.828125,-1235.6941
7436,6.84375,-1209.8632
7437,6.859375,-1182.9552
7438,6.859375,-1155.0005
7439,6.875,-1126.0164
7440,6.890625,-1096.0276
7441,6.90625,-1065.076
7442,6.90625,-1033.165
7443,6.921875,-1000.3384
7444,6.9375,-966.61668
7445,6.953125,-932.0378
7446,6.96875,-896.6325
7447,6.96875,-860.423
7448,6.984375,-823.4405
7449,7.015625,-785.7272
7450,7.015625,-747.30664
7451,7.03125,-708.2225
7452,7.03125,-668.4992
7453,7.046875,-628.18192
7454,7.046875,-587.296
7455,7.078125,-545.8881
7456,7.078125,-503.98416
7457,7.09375,-461.63196
7458,7.09375,-418.858216
7459,7.109375,-375.71176
7460,7.109375,-332.2087
7461,7.125,-288.42096
7462,7.140625,-244.36511
7463,7.15625,-200.091632
7464,7.15625,-155.61716
7465,7.171875,-111.01534
7466,7.171875,-66.303152
7467,7.1875,-21.520406
7468,7.203125,23.28154
7469,7.203125,68.06272
7470,7.203125,112.806
7471,7.21875,157.43716
7472,7.21875,201.95048
7473,7.234375,246.2721
7474,7.234375,290.3962
7475,7.25,334.2496
7476,7.25,377.8265
7477,7.25,421.05448
7478,7.265625,463.9279
7479,7.265625,506.38608
7480,7.28125,548.3912
7481,7.28125,589.91616
7482,7.296875,630.9232
7483,7.296875,671.355
7484,7.3125,711.2059
7485,7.3125,750.4193
7486,7.328125,788.97
7487,7.328125,826.8133
7488,7.328125,863.9151
7489,7.34375,900.2515
7490,7.34375,935.7893
7491,7.34375,970.48696
7492,7.34375,1004.3222
7493,7.34375,1037.2555
7494,7.359375,1069.2652
7495,7.359375,1100.3143
7496,7.359375,1130.3824
7497,7.375,1159.4342
7498,7.375,1187.4508
7499,7.375,1214.3994
7500,7.390625,1240.2686
7501,7.390625,1265.015
7502,7.390625,1288.6289
7503,7.40625,1311.0828
7504,7.40625,1332.3614
7505,7.40625,1352.445
7506,7.40625,1371.3094
7507,7.40625,1388.9381
7508,7.40625,1405.3231
7509,7.421875,1420.4365
7510,7.421875,1434.2726
7511,7.421875,1446.8178
7512,7.4375,1458.0569
7513,7.4375,1467.9824
7514,7.4375,1476.5823
7515,7.4375,1483.8502
7516,7.4375,1489.7776
7517,7.4375,1494.36
7518,7.4375,1497.5913
7519,7.4375,1499.4692
7520,7.4375,1499.9908
7521,7.4375,1499.1556
7522,7.4375,1496.963
7523,7.453125,1493.4152
7524,7.453125,1488.5151
7525,7.453125,1482.2658
7526,7.453125,1474.6716
7527,7.453125,1465.7411
7528,7.453125,1455.4792
7529,7.453125,1443.9009
7530,7.453125,1431.0072
7531,7.453125,1416.8152
7532,7.453125,1401.3338
7533,7.453125,1384.5802
7534,7.453125,1366.5654
7535,7.453125,1347.3097
7536,7.453125,1326.8251
7537,7.453125,1305.1349
7538,7.4375,1282.2529
7539,7.4375,1258.2054
7540,7.4375,1233.0076
7541,7.4375,1206.6815
7542,7.4375,1179.2576
7543,7.4375,1150.7604
7544,7.4375,1121.2085
7545,7.4375,1090.6359
7546,7.4375,1059.0541
7547,7.4375,1026.5155
7548,7.4375,993.03332
7549,7.421875,958.6372
7550,7.421875,923.3672
7551,7.421875,887.2552
7552,7.421875,850.3153
7553,7.421875,812.609
7554,7.40625,774.1418
7555,7.40625,734.9776
7556,7.40625,695.12224
7557,7.40625,654.64216
7558,7.40625,613.54332
7559,7.390625,571.8943
7560,7.390625,529.7013
7561,7.390625,487.0239
7562,7.390625,443.90104
7563,7.375,400.361184
7564,7.375,356.44388
7565,7.375,312.21146
7566,7.359375,267.6708
7567,7.359375,222.885
7568,7.359375,177.88368
7569,7.34375,132.71934
7570,7.34375,87.43339
7571,7.34375,42.05586
7572,7.34375,-3.3716712
7573,7.328125,-48.79611
7574,7.328125,-94.1872
7575,7.328125,-139.49185
7576,7.3125,-184.67984
7577,7.3125,-229.69822
7578,7.296875,-274.51696
7579,7.296875,-319.0835
7580,7.296875,-363.36796
7581,7.28125,-407.318432
7582,7.28125,-450.90546
7583,7.265625,-494.08856
7584,7.265625,-536.817
7585,7.25,-579.05164
7586,7.25,-620.76384
7587,7.25,-661.9148
7588,7.234375,-702.4562
7589,7.234375,-742.3506
7590,7.21875,-781.57108
7591,7.21875,-820.08072
7592,7.21875,-857.8345
7593,7.203125,-894.80648
7594,7.203125,-930.95304
7595,7.1875,-966.24092
7596,7.1875,-1000.6546
7597,7.171875,-1034.136
7598,7.171875,-1066.6791
7599,7.15625,-1098.2367
7600,7.15625,-1128.7798
7601,7.140625,-1158.2874
7602,7.140625,-1186.7244
7603,7.140625,-1214.0713
7604,7.140625,-1240.3018
7605,7.109375,-1265.3788
7606,7.109375,-1289.2972
7607,7.109375,-1312.0222
7608,7.09375,-1333.538
7609,7.09375,-1353.8138
7610,7.078125,-1372.8456
7611,7.0625,-1390.6054
7612,7.0625,-1407.0804
7613,7.046875,-1422.2512
7614,7.046875,-1436.1066
7615,7.03125,-1448.63
7616,7.03125,-1459.8125
7617,7.03125,-1469.6402
7618,7.015625,-1478.1061
7619,7.015625,-1485.1997
7620,7.015625,-1490.9154
7621,7.0,-1495.2463
7622,7.0,-1498.1888
7623,6.984375,-1499.7389
7624,6.96875,-1499.8949
7625,6.96875,-1498.6564
7626,6.953125,-1496.0226
7627,6.953125,-1491.9974
7628,6.9375,-1486.5829
7629,6.921875,-1479.7846
7630,6.921875,-1471.6044
7631,6.921875,-1462.0557
7632,6.90625,-1451.1426
7633,6.90625,-1438.8742
7634,6.890625,-1425.2644
7635,6.890625,-1410.3223
7636,6.875,-1394.0647
7637,6.859375,-1376.5024
7638,6.859375,-1357.6558
7639,6.859375,-1337.537
7640,6.84375,-1316.1697
7641,6.84375,-1293.5678
7642,6.828125,-1269.7576
7643,6.828125,-1244.7549
7644,6.828125,-1218.5824
7645,6.8125,-1191.2775
7646,6.796875,-1162.8448
7647,6.796875,-1133.3245
7648,6.78125,-1102.7439
7649,6.78125,-1071.1238
7650,6.765625,-1038.4928
7651,6.765625,-1004.8895
7652,6.75,-970.3365
7653,6.75,-934.8834
7654,6.734375,-898.5366
7655,6.734375,-861.3476
7656,6.71875,-823.3416
7657,6.703125,-784.5636
7658,6.703125,-745.03984
7659,6.703125,-704.8171
7660,6.6875,-663.9227
7661,6.6875,-622.40516
7662,6.671875,-580.2928
7663,6.671875,-537.6354
7664,6.671875,-494.45148
7665,6.65625,-450.81364
7666,6.65625,-406.741168
7667,6.640625,-362.2863
7668,6.640625,-317.47964
7669,6.625,-272.36316
7670,6.625,-226.99034
7671,6.609375,-181.40392
7672,6.609375,-135.62398
7673,6.59375,-89.727716
7674,6.59375,-43.735536
7675,6.59375,2.3092918
7676,6.59375,48.35194
7677,6.578125,94.349016
7678,6.5625,140.27997
7679,6.5625,186.06722
7680,6.5625,231.70164
7681,6.546875,277.11736
7682,6.546875,322.2715
7683,6.53125,367.1326
7684,6.53125,411.64696
7685,6.515625,455.783536
7686,6.515625,499.50028
7687,6.515625,542.73416
7688,6.5,585.4763
7689,6.5,627.6648
7690,6.484375,669.26996
7691,6.484375,710.2317
7692,6.484375,750.541536
7693,6.46875,790.1409
7694,6.421875,829.0018
7695,6.40625,867.0775
7696,6.40625,904.3411
7697,6.40625,940.7477
7698,6.40625,976.2716
7699,6.390625,1010.8614
7700,6.375,1044.5096
7701,6.375,1077.1752
7702,6.375,1108.8184
7703,6.375,1139.4094
7704,6.375,1168.9262
7705,6.359375,1197.333
7706,6.359375,1224.6096
7707,6.34375,1250.7229
7708,6.34375,1275.654
7709,6.34375,1299.3786
7710,6.328125,1321.8673
7711,6.328125,1343.0992
7712,6.328125,1363.0587
7713,6.3125,1381.726
7714,6.3125,1399.078
7715,6.3125,1415.0982
7716,6.296875,1429.7784
7717,6.296875,1443.0932
7718,6.296875,1455.0393
7719,6.28125,1465.596
7720,6.28125,1474.7604
7721,6.28125,1482.5165
7722,6.28125,1488.8622
7723,6.265625,1493.7862
7724,6.265625,1497.2869
7725,6.265625,1499.3582
7726,6.25,1499.9979
7727,6.25,1499.2054
7728,6.25,1496.9802
7729,6.234375,1493.3256
7730,6.234375,1488.2417
7731,6.21875,1481.7349
7732,6.21875,1473.8093
7733,6.21875,1464.4764
7734,6.203125,1453.7378
7735,6.203125,1441.6078
7736,6.203125,1428.0946
7737,6.1875,1413.2141
7738,6.1875,1396.9762
7739,6.1875,1379.4
7740,6.171875,1360.4977
7741,6.171875,1340.2912
7742,6.171875,1318.7949
7743,6.15625,1296.0338
7744,6.15625,1272.0238
7745,6.15625,1246.7936
7746,6.140625,1220.3605
7747,6.140625,1192.756
7748,6.140625,1163.9994
7749,6.140625,1134.1174
7750,6.125,1103.1459
7751,6.125,1071.1144
7752,6.125,1038.0454
7753,6.109375,1003.97016
7754,6.109375,968.9293
7755,6.109375,932.95656
7756,6.109375,896.0682
7757,6.09375,858.32652
7758,6.09375,819.7494
7759,6.09375,780.37336
7760,6.09375,740.2456
7761,6.09375,699.3948
7762,6.078125,657.87
7763,6.078125,615.70076
7764,6.078125,572.9379
7765,6.078125,529.61208
7766,6.078125,485.76448
7767,6.078125,441.459
7768,6.0625,396.70564
7769,6.0625,351.5692
7770,6.0625,306.09338
7771,6.0625,260.3107
7772,6.0625,214.265232
7773,6.0625,168.01266
7774,6.0625,121.597732
7775,6.0625,75.05383
7776,6.0625,28.425916
7777,6.0625,-18.229496
7778,6.0625,-64.8787
7779,6.0625,-111.46512
7780,6.078125,-157.95502
7781,6.078125,-204.29198
7782,6.078125,-250.442352
7783,6.078125,-296.3501
7784,6.078125,-341.98184
7785,6.09375,-387.2821
7786,6.09375,-432.21792
7787,6.09375,-476.7346
7788,6.109375,-520.79956
7789,6.109375,-564.35924
7790,6.125,-607.38184
7791,6.125,-649.8251
7792,6.125,-691.6372
7793,6.140625,-732.7775
7794,6.140625,-773.21608
7795,6.140625,-812.9127
7796,6.15625,-851.819136
7797,6.15625,-889.8974
7798,6.171875,-927.12856
7799,6.1875,-963.44868
7800,6.203125,-998.848736
7801,6.203125,-1033.268
7802,6.21875,-1066.6978
7803,6.21875,-1099.0807
7804,6.234375,-1130.4087
7805,6.25,-1160.6277
7806,6.25,-1189.7301
7807,6.265625,-1217.6658
7808,6.28125,-1244.4275
7809,6.28125,-1269.9752
7810,6.296875,-1294.284
7811,6.296875,-1317.3358
7812,6.328125,-1339.1069
7813,6.34375,-1359.5704
7814,6.34375,-1378.7063
7815,6.359375,-1396.5001
7816,6.375,-1412.9335
7817,6.390625,-1427.9857
7818,6.40625,-1441.6454
7819,6.40625,-1453.8954
7820,6.40625,-1464.726
7821,6.453125,-1474.1212
7822,6.46875,-1482.0786
7823,6.46875,-1488.5852
7824,6.46875,-1493.6356
7825,6.515625,-1497.2233
7826,6.515625,-1499.3453
7827,6.546875,-1499.9977
7828,6.5625,-1499.1798
7829,6.5625,-1496.8923
7830,6.59375,-1493.1364
7831,6.59375,-1487.916
7832,6.609375,-1481.2345
7833,6.625,-1473.0974
7834,6.640625,-1463.514
7835,6.65625,-1452.4939
7836,6.671875,-1440.0414
7837,6.6875,-1426.1774
7838,6.703125,-1410.9087
7839,6.734375,-1394.2492
7840,6.75,-1376.2189
7841,6.765625,-1356.8356
7842,6.78125,-1336.1079
7843,6.796875,-1314.0708
7844,6.8125,-1290.7295
7845,6.828125,-1266.1234
7846,6.84375,-1240.2584
7847,6.859375,-1213.1718
7848,6.875,-1184.89
7849,6.890625,-1155.4337
7850,6.90625,-1124.8386
7851,6.921875,-1093.1271
7852,6.9375,-1060.3297
7853,6.953125,-1026.4862
7854,6.984375,-991.6301
7855,6.984375,-955.78684
7856,7.015625,-918.9912
7857,7.03125,-881.28816
7858,7.03125,-842.70532
7859,7.0625,-803.2996
7860,7.078125,-763.08092
7861,7.09375,-722.108
7862,7.21875,-680.41112
7863,7.25,-638.0413
7864,7.265625,-595.0301
7865,7.265625,-551.4302
7866,7.28125,-507.27388
7867,7.296875,-462.615432
7868,7.328125,-417.48804
7869,7.328125,-371.9472
7870,7.359375,-326.01566
7871,7.375,-279.7722
7872,7.375,-233.2402
7873,7.390625,-186.476984
7874,7.40625,-139.51753
7875,7.421875,-92.40829
7876,7.421875,-45.207336
7877,7.453125,2.0384724
7878,7.46875,49.293692
7879,7.46875,96.5114
7880,7.484375,143.63326
7881,7.484375,190.6238
7882,7.515625,237.4249
7883,7.515625,283.99008
7884,7.515625,330.29536
7885,7.546875,376.26104
7886,7.5625,421.8746
7887,7.5625,467.06836
7888,7.578125,511.79728
7889,7.59375,556.02748
7890,7.609375,599.7041
7891,7.609375,642.79392
7892,7.625,685.25368
7893,7.625,727.0205
7894,7.625,768.082736
7895,7.640625,808.37912
7896,7.65625,847.87896
7897,7.671875,886.52376
7898,7.671875,924.30252
7899,7.6875,961.1589
7900,7.6875,997.0645
7901,7.6875,1031.9745
7902,7.703125,1065.862
7903,7.71875,1098.6848
7904,7.71875,1130.4175
7905,7.734375,1161.0204
7906,7.734375,1190.4697
7907,7.734375,1218.7286
7908,7.75,1245.7752
7909,7.765625,1271.5754
7910,7.765625,1296.1092
7911,7.78125,1319.3456
7912,7.78125,1341.2666
7913,7.78125,1361.8444
7914,7.78125,1381.0629
7915,7.78125,1398.9018
7916,7.796875,1415.3384
7917,7.796875,1430.3563
7918,7.796875,1443.9465
7919,7.8125,1456.0853
7920,7.8125,1466.7662
7921,7.8125,1475.9776
7922,7.828125,1483.707
7923,7.828125,1489.9472
7924,7.84375,1494.6936
7925,7.84375,1497.9375
7926,7.84375,1499.6774
7927,7.84375,1499.9099
7928,7.84375,1498.6343
7929,7.84375,1495.8522
7930,7.859375,1491.5638
7931,7.859375,1485.7746
7932,7.859375,1478.4902
7933,7.859375,1469.716
7934,7.875,1459.4594
7935,7.875,1447.7357
7936,7.875,1434.548
7937,7.875,1419.9144
7938,7.875,1403.8461
7939,7.875,1386.3667
7940,7.890625,1367.481
7941,7.890625,1347.2157
7942,7.890625,1325.5862
7943,7.890625,1302.619
7944,7.890625,1278.3313
7945,7.90625,1252.7529
7946,7.90625,1225.903
7947,7.90625,1197.8147
7948,7.90625,1168.5094
7949,7.90625,1138.0231
7950,7.90625,1106.379
7951,7.90625,1073.6162
7952,7.90625,1039.7596
7953,7.90625,1004.85128
7954,7.90625,968.9089
7955,7.90625,931.9944
7956,7.90625,894.12744
7957,7.921875,855.3551
7958,7.921875,815.707136
7959,7.921875,775.22296
7960,7.921875,733.95304
7961,7.921875,691.9393
7962,7.921875,649.20356
7963,7.921875,605.8197
7964,7.921875,561.8003
7965,7.921875,517.22144
7966,7.921875,472.09608
7967,7.921875,426.5023
7968,7.921875,380.45352
7969,7.9375,334.0293
7970,7.9375,287.24348
7971,7.9375,240.17692
7972,7.9375,192.8437
7973,7.9375,145.32574
7974,7.9375,97.63724
7975,7.9375,49.849384
7976,7.9375,1.99937152
7977,7.9375,-45.841236
7978,7.9375,-93.65805
7979,7.9375,-141.37948
7980,7.9375,-188.968284
7981,7.9375,-236.35324
7982,7.9375,-283.52
7983,7.9375,-330.3977
7984,7.9375,-376.9497
7985,7.9375,-423.11728
7986,7.9375,-468.86416
7987,7.9375,-514.1327
7988,7.9375,-558.88724
7989,7.9375,-603.0712
7990,7.9375,-646.6499
7991,7.9375,-689.5682
7992,7.9375,-731.7921
7993,7.9375,-773.2684
7994,7.9375,-813.964
7995,7.921875,-853.837
7996,7.921875,-892.8367
7997,7.921875,-930.9232
7998,7.921875,-968.0663
7999,7.921875,-1004.2273
8000,7.921875,-1039.3602
8001,7.921875,-1073.4291
8002,7.921875,-1106.4144
8003,7.921875,-1138.2512
8004,7.921875,-1168.9512
8005,7.921875,-1198.4385
8006,7.921875,-1226.7109
8007,7.921875,-1253.7124
8008,7.921875,-1279.4531
8009,7.921875,-1303.8689
8010,7.921875,-1326.958
8011,7.921875,-1348.6746
8012,7.921875,-1369.0266
8013,7.921875,-1387.963
8014,7.921875,-1405.4824
8015,7.90625,-1421.5575
8016,7.90625,-1436.1715
8017,7.90625,-1449.3098
8018,7.90625,-1460.9638
8019,7.90625,-1471.115
8020,7.90625,-1479.7528
8021,7.90625,-1486.8716
8022,7.90625,-1492.4595
8023,7.90625,-1496.5105
8024,7.90625,-1499.0209
8025,7.90625,-1499.9878
8026,7.90625,-1499.4096
8027,7.90625,-1497.286
8028,7.90625,-1493.6172
8029,7.90625,-1488.4105
8030,7.90625,-1481.6662
8031,7.90625,-1473.3936
8032,7.890625,-1463.596
8033,7.890625,-1452.287
8034,7.890625,-1439.4785
8035,7.890625,-1425.1836
8036,7.875,-1409.4171
8037,7.875,-1392.1868
8038,7.875,-1373.5176
8039,7.875,-1353.4287
8040,7.875,-1331.9306
8041,7.875,-1309.0656
8042,7.875,-1284.8241
8043,7.875,-1259.2645
8044,7.875,-1232.4022
8045,7.859375,-1204.2514
8046,7.859375,-1174.8533
8047,7.859375,-1144.2389
8048,7.859375,-1112.4241
8049,7.859375,-1079.4563
8050,7.859375,-1045.3696
8051,7.859375,-1010.1996
8052,7.859375,-973.96492
8053,7.84375,-936.7199
8054,7.84375,-898.503
8055,7.84375,-859.33512
8056,7.84375,-819.29408
8057,7.84375,-778.3835
8058,7.84375,-736.6446
8059,7.84375,-694.1603
8060,7.84375,-650.9345
8061,7.828125,-607.03216
8062,7.828125,-562.4988
8063,7.828125,-517.35924
8064,7.828125,-471.6815
8065,7.828125,-425.53488
8066,7.8125,-378.90164
8067,7.8125,-331.89616
8068,7.8125,-284.5229
8069,7.8125,-236.853268
8070,7.8125,-188.91432
8071,7.796875,-140.80124
8072,7.796875,-92.51868
8073,7.796875,-44.139668
8074,7.78125,4.3082356
8075,7.78125,52.72877
8076,7.78125,101.14002
8077,7.78125,149.42285
8078,7.78125,197.549784
8079,7.78125,245.493216
8080,7.765625,293.1802
8081,7.765625,340.561
8082,7.765625,387.6083
8083,7.765625,434.22844
8084,7.75,480.43848
8085,7.75,526.1244
8086,7.75,571.2603
8087,7.75,615.8199
8088,7.734375,659.73516
8089,7.734375,702.98032
8090,7.734375,745.4694
8091,7.734375,787.1979
8092,7.734375,828.1019
8093,7.71875,868.1574
8094,7.71875,907.2845
8095,7.71875,945.4791
8096,7.71875,982.6999
8097,7.703125,1018.8727
8098,7.703125,1053.9936
8099,7.6875,1088.0088
8100,7.6875,1120.8822
8101,7.6875,1152.5794
8102,7.6875,1183.0813
8103,7.671875,1212.3406
8104,7.671875,1240.3265
8105,7.65625,1267.0222
8106,7.65625,1292.3856
8107,7.65625,1316.3905
8108,7.640625,1339.0115
8109,7.640625,1360.2345
8110,7.640625,1380.026
8111,7.640625,1398.3655
8112,7.625,1415.2334
8113,7.609375,1430.6192
8114,7.609375,1444.4979
8115,7.609375,1456.8555
8116,7.59375,1467.6784
8117,7.578125,1476.9594
8118,7.578125,1484.6835
8119,7.578125,1490.8422
8120,7.5625,1495.4309
8121,7.546875,1498.4408
8122,7.53125,1499.871
8123,7.53125,1499.7182
8124,7.53125,1497.9823
8125,7.515625,1494.664
8126,7.515625,1489.7668
8127,7.5,1483.2962
8128,7.5,1475.2546
8129,7.484375,1465.6534
8130,7.46875,1454.5027
8131,7.46875,1441.8142
8132,7.453125,1427.5944
8133,7.453125,1411.8639
8134,7.4375,1394.6393
8135,7.4375,1375.9388
8136,7.4375,1355.7726
8137,7.40625,1334.17
8138,7.40625,1311.1547
8139,7.40625,1286.7502
8140,7.390625,1260.9707
8141,7.375,1233.854
8142,7.375,1205.4294
8143,7.359375,1175.7125
8144,7.34375,1144.7479
8145,7.34375,1112.5686
8146,7.328125,1079.2086
8147,7.3125,1044.687
8148,7.3125,1009.0725
8149,7.296875,972.3698
8150,7.296875,934.61632
8151,7.296875,895.8877
8152,7.296875,856.1885
8153,7.25,815.57908
8154,7.234375,774.0828
8155,7.21875,731.7829
8156,7.203125,688.68468
8157,7.203125,644.85348
8158,7.1875,600.31508
8159,7.15625,555.13716
8160,7.15625,509.367968
8161,7.15625,463.05624
8162,7.125,416.25124
8163,7.125,368.9807
8164,7.09375,321.31676
8165,7.078125,273.31024
8166,7.078125,224.98968
8167,7.046875,176.42902
8168,7.03125,127.68008
8169,7.03125,78.79488
8170,7.015625,29.802716
8171,7.0,-19.221286
8172,6.984375,-68.224752
8173,6.96875,-117.15535
8174,6.953125,-165.98355
8175,6.9375,-214.6343
8176,6.921875,-263.05554
8177,6.90625,-311.19556
8178,6.890625,-359.02504
8179,6.875,-406.47036
8180,6.875,-453.480616
8181,6.84375,-500.00564
8182,6.828125,-546.0169
8183,6.8125,-591.44324
8184,6.796875,-636.25684
8185,6.796875,-680.3678
8186,6.78125,-723.77
8187,6.765625,-766.39624
8188,6.75,-808.2008
8189,6.734375,-849.1577
8190,6.71875,-889.20332
8191,6.703125,-928.2947
8192,6.6875,-966.38984
8193,6.671875,-1003.4478
8194,6.65625,-1039.4454
8195,6.65625,-1074.3426
8196,6.640625,-1108.0692
8197,6.625,-1140.6205
8198,6.609375,-1171.931
8199,6.59375,-1202.0101
8200,6.578125,-1230.7827
8201,6.453125,-1258.2444
8202,6.4375,-1284.34
8203,6.421875,-1309.0773
8204,6.421875,-1332.4044
8205,6.40625,-1354.2865
8206,6.390625,-1374.7202
8207,6.390625,-1393.6818
8208,6.359375,-1411.1328
8209,6.359375,-1427.0709
8210,6.34375,-1441.4704
8211,6.34375,-1454.3158
8212,6.328125,-1465.598
8213,6.328125,-1475.2986
8214,6.3125,-1483.4071
8215,6.3125,-1489.9147
8216,6.296875,-1494.8164
8217,6.296875,-1498.1035
8218,6.28125,-1499.7723
8219,6.28125,-1499.821
8220,6.28125,-1498.2488
8221,6.265625,-1495.0566
8222,6.25,-1490.2479
8223,6.25,-1483.8247
8224,6.25,-1475.7958
8225,6.25,-1466.1698
8226,6.234375,-1454.9625
8227,6.234375,-1442.1698
8228,6.234375,-1427.8148
8229,6.234375,-1411.9134
8230,6.21875,-1394.4826
8231,6.21875,-1375.532
8232,6.21875,-1355.0902
8233,6.21875,-1333.1793
8234,6.21875,-1309.8229
8235,6.21875,-1285.0347
8236,6.21875,-1258.8518
8237,6.21875,-1231.3028
8238,6.21875,-1202.4178
8239,6.21875,-1172.2136
8240,6.21875,-1140.7362
8241,6.21875,-1108.0196
8242,6.21875,-1074.0996
8243,6.21875,-1038.9963
8244,6.21875,-1002.7465
8245,6.21875,-965.423
8246,6.21875,-927.04984
8247,6.21875,-887.6503
8248,6.234375,-847.2849
8249,6.234375,-805.9974
8250,6.234375,-763.8329
8251,6.234375,-720.79692
8252,6.25,-676.9956
8253,6.25,-632.4569
8254,6.25,-587.22924
8255,6.25,-541.31932
8256,6.265625,-494.84032
8257,6.265625,-447.82184
8258,6.28125,-400.31512
8259,6.28125,-352.32748
8260,6.296875,-303.97742
8261,6.296875,-255.295668
8262,6.296875,-206.31266
8263,6.3125,-157.10428
8264,6.328125,-107.72432
8265,6.328125,-58.203824
8266,6.34375,-8.642584
8267,6.34375,40.950972
8268,6.359375,90.522608
8269,6.359375,139.9724
8270,6.375,189.291868
8271,6.375,238.40422
8272,6.390625,287.27814
8273,6.390625,335.81512
8274,6.40625,383.9846
8275,6.421875,431.7778
8276,6.421875,479.07592
8277,6.4375,525.8708
8278,6.4375,572.068
8279,6.453125,617.6803
8280,6.453125,662.61484
8281,6.46875,706.8022
8282,6.46875,750.234436
8283,6.484375,792.84344
8284,6.5,834.6016
8285,6.5,875.44308
8286,6.515625,915.3049
8287,6.515625,954.197664
8288,6.53125,992.0243
8289,6.546875,1028.7781
8290,6.546875,1064.401
8291,6.546875,1098.8536
8292,6.546875,1132.1134
8293,6.578125,1164.1276
8294,6.578125,1194.8606
8295,6.59375,1224.279
8296,6.59375,1252.363
8297,6.59375,1279.0678
8298,6.609375,1304.3523
8299,6.609375,1328.2232
8300,6.625,1350.6298
8301,6.625,1371.5474
8302,6.640625,1390.9532
8303,6.640625,1408.8336
8304,6.65625,1425.1524
8305,6.65625,1439.9065
8306,6.65625,1453.072
8307,6.65625,1464.639
8308,6.671875,1474.5886
8309,6.671875,1482.9098
8310,6.6875,1489.5933
8311,6.6875,1494.6334
8312,6.703125,1498.0216
8313,6.703125,1499.7534
8314,6.71875,1499.8286
8315,6.71875,1498.2449
8316,6.71875,1495.0033
8317,6.71875,1490.1078
8318,6.734375,1483.5636
8319,6.734375,1475.3738
8320,6.75,1465.5503
8321,6.75,1454.1036
8322,6.75,1441.0468
8323,6.75,1426.3799
8324,6.765625,1410.1383
8325,6.765625,1392.3338
8326,6.765625,1372.9858
8327,6.78125,1352.1061
8328,6.78125,1329.7262
8329,6.796875,1305.8712
8330,6.796875,1280.5674
8331,6.796875,1253.8176
8332,6.796875,1225.6875
8333,6.796875,1196.1963
8334,6.8125,1165.3768
8335,6.8125,1133.2482
8336,6.8125,1099.8444
8337,6.8125,1065.2332
8338,6.8125,1029.4379
8339,6.8125,992.48132
8340,6.828125,954.402832
8341,6.828125,915.27984
8342,6.828125,875.13852
8343,6.828125,833.98568
8344,6.828125,791.9227
8345,6.828125,748.977968
8346,6.828125,705.199168
8347,6.84375,660.594
8348,6.84375,615.2728
8349,6.84375,569.2447
8350,6.84375,522.603
8351,6.84375,475.357168
8352,6.84375,427.55908
8353,6.84375,379.30576
8354,6.84375,330.60696
8355,6.84375,281.539
8356,6.84375,232.13408
8357,6.84375,182.49244
8358,6.84375,132.62426
8359,6.84375,82.60784
8360,6.84375,32.47622
8361,6.84375,-17.668846
8362,6.84375,-67.81703
8363,6.84375,-117.88934
8364,6.84375,-167.85254
8365,6.84375,-217.60516
8366,6.84375,-267.13688
8367,6.84375,-316.39188
8368,6.84375,-365.2701
8369,6.84375,-413.76136
8370,6.84375,-461.76716
8371,6.84375,-509.299
8372,6.84375,-556.2596
8373,6.84375,-602.5962
8374,6.84375,-648.23624
8375,6.84375,-693.1905
8376,6.84375,-737.36648
8377,6.84375,-780.695
8378,6.84375,-823.1671
8379,6.84375,-864.733632
8380,6.84375,-905.3285
8381,6.84375,-944.88824
8382,6.84375,-983.4044
8383,6.84375,-1020.8322
8384,6.828125,-1057.1119
8385,6.828125,-1092.2028
8386,6.828125,-1126.0498
8387,6.828125,-1158.6606
8388,6.828125,-1189.9672
8389,6.828125,-1219.934
8390,6.828125,-1248.5275
8391,6.828125,-1275.7274
8392,6.828125,-1301.4899
8393,6.828125,-1325.7858
8394,6.828125,-1348.5779
8395,6.828125,-1369.8704
8396,6.828125,-1389.6179
8397,6.828125,-1407.7982
8398,6.828125,-1424.3908
8399,6.828125,-1439.3832
8400,6.828125,-1452.751
8401,6.8125,-1464.4788
8402,6.8125,-1474.5534
8403,6.8125,-1482.9668
8404,6.8125,-1489.7048
8405,6.8125,-1494.7615
8406,6.8125,-1498.1267
8407,6.8125,-1499.7994
8408,6.8125,-1499.7761
8409,6.8125,-1498.0568
8410,6.8125,-1494.6432
8411,6.8125,-1489.5368
8412,6.8125,-1482.7442
8413,6.8125,-1474.2732
8414,6.8125,-1464.1286
8415,6.8125,-1452.3252
8416,6.8125,-1438.8764
8417,6.8125,-1423.7972
8418,6.8125,-1407.1052
8419,6.8125,-1388.8016
8420,6.8125,-1368.931
8421,6.8125,-1347.5082
8422,6.8125,-1324.5574
8423,6.8125,-1300.0817
8424,6.8125,-1274.141
8425,6.8125,-1246.7543
8426,6.8125,-1217.9391
8427,6.8125,-1187.7402
8428,6.8125,-1156.1922
8429,6.8125,-1123.3154
8430,6.8125,-1089.1771
8431,6.8125,-1053.7853
8432,6.8125,-1017.17832
8433,6.8125,-979.4311
8434,6.8125,-940.552368
8435,6.8125,-900.60312
8436,6.8125,-859.6102
8437,6.8125,-817.6573
8438,6.8125,-774.7738
8439,6.8125,-730.9686
8440,6.8125,-686.3503
8441,6.8125,-640.9295
8442,6.8125,-594.79892
8443,6.8125,-547.9482
8444,6.8125,-500.47216
8445,6.8125,-452.44688
8446,6.8125,-403.88364
8447,6.8125,-354.8595
8448,6.8125,-305.408
8449,6.8125,-255.630192
8450,6.8125,-205.538016
8451,6.8125,-155.1883
8452,6.8125,-104.684008
8453,6.8125,-54.037256
8454,6.8125,-3.3287318
8455,6.8125,47.3836
8456,6.8125,98.06459
8457,6.8125,148.63338
8458,6.8125,199.0094
8459,6.796875,249.20304
8460,6.796875,299.11128
8461,6.796875,348.676936
8462,6.796875,397.82116
8463,6.796875,446.55392
8464,6.796875,494.77472
8465,6.796875,542.4284
8466,6.796875,589.43916
8467,6.796875,635.81632
8468,6.796875,681.464
8469,6.796875,726.3297
8470,6.796875,770.3622
8471,6.796875,813.52984
8472,6.78125,855.76332
8473,6.78125,896.99568
8474,6.78125,937.2167
8475,6.78125,976.3788
8476,6.78125,1014.4186
8477,6.78125,1051.2924
8478,6.78125,1086.9578
8479,6.78125,1121.389
8480,6.765625,1154.5302
8481,6.765625,1186.3429
8482,6.765625,1216.7909
8483,6.765625,1245.8517
8484,6.765625,1273.4779
8485,6.765625,1299.6377
8486,6.75,1324.3009
8487,6.75,1347.4492
8488,6.75,1369.0447
8489,6.75,1389.062
8490,6.75,1407.4785
8491,6.75,1424.2872
8492,6.75,1439.445
8493,6.734375,1452.9421
8494,6.734375,1464.7633
8495,6.71875,1474.8989
8496,6.71875,1483.3316
8497,6.71875,1490.0514
8498,6.703125,1495.0527
8499,6.703125,1498.3264
8500,6.703125,1499.8684
8501,6.6875,1499.677
8502,6.6875,1497.7515
8503,6.6875,1494.0934
8504,6.671875,1488.707
8505,6.671875,1481.5988
8506,6.671875,1472.7723
8507,6.65625,1462.241
8508,6.65625,1450.0166
8509,6.65625,1436.1069
8510,6.65625,1420.5404
8511,6.640625,1403.3213
8512,6.640625,1384.4673
8513,6.625,1364.017
8514,6.625,1341.9861
8515,6.609375,1318.3783
8516,6.609375,1293.2517
8517,6.609375,1266.6129
8518,6.609375,1238.5168
8519,6.59375,1208.9706
8520,6.59375,1178.0068
8521,6.578125,1145.6891
8522,6.578125,1112.026
8523,6.578125,1077.0709
8524,6.578125,1040.8479
8525,6.5625,1003.43144
8526,6.546875,964.8316
8527,6.546875,925.09176
8528,6.53125,884.2936
8529,6.53125,842.44808
8530,6.53125,799.64136
8531,6.515625,755.8651
8532,6.515625,711.2285
8533,6.515625,665.7435
8534,6.5,619.483
8535,6.5,572.5007
8536,6.5,524.82996
8537,6.484375,476.5473
8538,6.484375,427.73092
8539,6.46875,378.3719
8540,6.46875,328.5713
8541,6.421875,278.40968
8542,6.40625,227.90082
8543,6.40625,177.10326
8544,6.390625,126.0988
8545,6.390625,74.96992
8546,6.390625,23.73064
8547,6.375,-27.559236
8548,6.375,-78.816892
8549,6.375,-129.98239
8550,6.375,-180.9732
8551,6.359375,-231.797852
8552,6.359375,-282.35124
8553,6.359375,-332.57422
8554,6.34375,-382.408
8555,6.34375,-431.81616
8556,6.34375,-480.7186
8557,6.34375,-529.058
8558,6.328125,-576.7566
8559,6.328125,-623.82184
8560,6.328125,-670.15576
8561,6.328125,-715.7041
8562,6.3125,-760.4134
8563,6.3125,-804.2506
8564,6.3125,-847.144064
8565,6.3125,-889.0436
8566,6.3125,-929.899968
8567,6.3125,-969.68252
8568,6.3125,-1008.3265
8569,6.3125,-1045.7862
8570,6.296875,-1082.0178
8571,6.296875,-1117.009
8572,6.296875,-1150.6716
8573,6.296875,-1182.9816
8574,6.296875,-1213.901
8575,6.296875,-1243.4064
8576,6.296875,-1271.4488
8577,6.296875,-1297.9955
8578,6.296875,-1323.015
8579,6.296875,-1346.4983
8580,6.296875,-1368.3851
8581,6.296875,-1388.6606
8582,6.296875,-1407.301
8583,6.3125,-1424.2914
8584,6.3125,-1439.6095
8585,6.3125,-1453.2238
8586,6.3125,-1465.1252
8587,6.3125,-1475.3084
8588,6.3125,-1483.746
8589,6.3125,-1490.4335
8590,6.328125,-1495.3627
8591,6.328125,-1498.53
8592,6.328125,-1499.9263
8593,6.328125,-1499.5516
8594,6.34375,-1497.405
8595,6.34375,-1493.489
8596,6.34375,-1487.805
8597,6.34375,-1480.3651
8598,6.359375,-1471.1758
8599,6.359375,-1460.2374
8600,6.359375,-1447.5764
8601,6.375,-1433.1964
8602,6.375,-1417.1273
8603,6.375,-1399.3656
8604,6.390625,-1379.9547
8605,6.390625,-1358.9004
8606,6.40625,-1336.2464
8607,6.40625,-1311.9885
8608,6.421875,-1286.1863
8609,6.421875,-1258.8476
8610,6.4375,-1230.0293
8611,6.4375,-1199.726
8612,6.453125,-1168.013
8613,6.453125,-1134.8998
8614,6.46875,-1100.4394
8615,6.46875,-1064.673
8616,6.46875,-1027.6261
8617,6.484375,-989.3754
8618,6.5,-949.93288
8619,6.5,-909.34344
8620,6.515625,-867.6914
8621,6.515625,-824.9894
8622,6.53125,-781.3064
8623,6.546875,-736.69432
8624,6.546875,-691.186036
8625,6.578125,-644.8551
8626,6.578125,-597.7567
8627,6.578125,-549.94684
8628,6.59375,-501.46096
8629,6.609375,-452.37772
8630,6.625,-402.75564
8631,6.625,-352.6315
8632,6.625,-302.10936
8633,6.65625,-251.2048
8634,6.65625,-200.00076
8635,6.671875,-148.53548
8636,6.671875,-96.892948
8637,6.6875,-45.134792
8638,6.6875,6.6772184
8639,6.703125,58.50413
8640,6.71875,110.23834
8641,6.734375,161.86377
8642,6.734375,213.29588
8643,6.75,264.49572
8644,6.765625,315.37944
8645,6.765625,365.8861
8646,6.78125,415.95544
8647,6.78125,465.5493
8648,6.78125,514.5861
8649,6.796875,563.0072
8650,6.796875,610.7547
8651,6.828125,657.79208
8652,6.828125,704.0416
8653,6.828125,749.4482
8654,6.859375,793.9766
8655,6.859375,837.5534
8656,6.875,880.1264
8657,6.875,921.6444
8658,6.875,962.05776
8659,6.890625,1001.33512
8660,6.90625,1039.4111
8661,6.90625,1076.2564
8662,6.921875,1111.7938
8663,6.921875,1146.0123
8664,6.921875,1178.8548
8665,6.921875,1210.2818
8666,6.953125,1240.2687
8667,6.953125,1268.765
8668,6.96875,1295.7366
8669,6.96875,1321.1509
8670,6.96875,1344.9878
8671,6.984375,1367.2069
8672,6.984375,1387.7815
8673,7.0,1406.6948
8674,7.0,1423.9075
8675,7.0,1439.4138
8676,7.015625,1453.193
8677,7.015625,1465.2164
8678,7.015625,1475.4758
8679,7.03125,1483.9657
8680,7.03125,1490.6632
8681,7.03125,1495.5665
8682,7.046875,1498.6652
8683,7.046875,1499.9582
8684,7.046875,1499.4418
8685,7.046875,1497.1168
8686,7.0625,1492.9841
8687,7.0625,1487.0494
8688,7.0625,1479.3159
8689,7.078125,1469.7998
8690,7.078125,1458.5043
8691,7.078125,1445.4468
8692,7.078125,1430.636
8693,7.09375,1414.0954
8694,7.09375,1395.8534
8695,7.09375,1375.9067
8696,7.09375,1354.3048
8697,7.09375,1331.0548
8698,7.09375,1306.2051
8699,7.109375,1279.7521
8700,7.109375,1251.7489
8701,7.109375,1222.2429
8702,7.109375,1191.2438
8703,7.109375,1158.7871
8704,7.109375,1124.9407
8705,7.109375,1089.716
8706,7.109375,1053.1702
8707,7.109375,1015.33068
8708,7.125,976.2766
8709,7.125,936.02092
8710,7.125,894.629664
8711,7.125,852.13384
8712,7.125,808.622436
8713,7.125,764.1102
8714,7.109375,718.6699
8715,7.109375,672.336368
8716,7.109375,625.1856
8717,7.109375,577.27484
8718,7.109375,528.6839
8719,7.109375,479.40744
8720,7.109375,429.54772
8721,7.109375,379.16548
8722,7.109375,328.32188
8723,7.09375,277.05636
8724,7.09375,225.4535
8725,7.09375,173.5761
8726,7.09375,121.487336
8727,7.09375,69.22779
8728,7.09375,16.88387
8729,7.09375,-35.48063
8730,7.078125,-87.80189
8731,7.078125,-140.03892
8732,7.078125,-192.105152
8733,7.078125,-243.93702
8734,7.078125,-295.47136
8735,7.0625,-346.66756
8736,7.0625,-397.44052
8737,7.0625,-447.72824
8738,7.046875,-497.46936
8739,7.046875,-546.62448
8740,7.046875,-595.1326
8741,7.046875,-642.8923
8742,7.046875,-689.86632
8743,7.046875,-736.0174
8744,7.03125,-781.2683
8745,7.03125,-825.5637
8746,7.03125,-868.8681
8747,7.015625,-911.10892
8748,7.015625,-952.2346
8749,7.015625,-992.19464
8750,7.0,-1030.9568
8751,7.0,-1068.4558
8752,7.0,-1104.6459
8753,7.0,-1139.4826
8754,7.0,-1172.9376
8755,6.984375,-1204.9544
8756,6.984375,-1235.4935
8757,6.984375,-1264.5302
8758,6.984375,-1292.003
8759,6.96875,-1317.9028
8760,6.96875,-1342.1953
8761,6.953125,-1364.8296
8762,6.953125,-1385.7977
8763,6.953125,-1405.0636
8764,6.9375,-1422.6035
8765,6.9375,-1438.4026
8766,6.9375,-1452.4275
8767,6.9375,-1464.6782
8768,6.921875,-1475.1226
8769,6.921875,-1483.7566
8770,6.921875,-1490.5625
8771,6.921875,-1495.5394
8772,6.90625,-1498.6735
8773,6.90625,-1499.9636
8774,6.90625,-1499.4071
8775,6.90625,-1497.0028
8776,6.890625,-1492.7555
8777,6.890625,-1486.6668
8778,6.890625,-1478.7455
8779,6.875,-1469.0015
8780,6.875,-1457.4413
8781,6.875,-1444.0831
8782,6.875,-1428.9503
8783,6.859375,-1412.0408
8784,6.859375,-1393.3962
8785,6.859375,-1373.0233
8786,6.859375,-1350.9552
8787,6.84375,-1327.2081
8788,6.84375,-1301.8324
8789,6.84375,-1274.837
8790,6.84375,-1246.2662
8791,6.84375,-1216.1553
8792,6.828125,-1184.5272
8793,6.828125,-1151.4341
8794,6.828125,-1116.9168
8795,6.8125,-1081.002
8796,6.8125,-1043.7654
8797,6.8125,-1005.22084
8798,6.8125,-965.431632
8799,6.796875,-924.42948
8800,6.796875,-882.28176
8801,6.796875,-839.040832
8802,6.78125,-794.7604
8803,6.78125,-749.49508
8804,6.78125,-703.28092
8805,6.78125,-656.19464
8806,6.765625,-608.2946
8807,6.765625,-559.61896
8808,6.765625,-510.2487
8809,6.765625,-460.2451
8810,6.75,-409.67024
8811,6.75,-358.5647
8812,6.75,-307.0137
8813,6.75,-255.08134
8814,6.75,-202.83206
8815,6.734375,-150.30806
8816,6.734375,-97.59716
8817,6.734375,-44.76491
8818,6.71875,8.122994
8819,6.71875,61.02367
8820,6.71875,113.87123
8821,6.71875,166.5542
8822,6.703125,219.02992
8823,6.703125,271.25558
8824,6.703125,323.1434
8825,6.703125,374.62872
8826,6.6875,425.6475
8827,6.6875,476.17944
8828,6.6875,526.0959
8829,6.671875,575.35656
8830,6.671875,623.8999
8831,6.671875,671.7065
8832,6.671875,718.6542
8833,6.65625,764.7053
8834,6.65625,809.80224
8835,6.65625,853.92648
8836,6.65625,896.9651
8837,6.640625,938.88368
8838,6.640625,979.647168
8839,6.640625,1019.18632
8840,6.625,1057.4516
8841,6.625,1094.4109
8842,6.625,1129.9862
8843,6.625,1164.1637
8844,6.609375,1196.8986
8845,6.609375,1228.122
8846,6.609375,1257.8215
8847,6.609375,1285.9463
8848,6.59375,1312.4612
8849,6.578125,1337.3432
8850,6.578125,1360.5398
8851,6.578125,1382.0508
8852,6.578125,1401.8206
8853,6.5625,1419.841
8854,6.5625,1436.0742
8855,6.5625,1450.5195
8856,6.546875,1463.1392
8857,6.546875,1473.928
8858,6.546875,1482.8667
8859,6.53125,1489.9441
8860,6.53125,1495.1532
8861,6.515625,1498.4829
8862,6.515625,1499.9319
8863,6.515625,1499.4958
8864,6.515625,1497.1758
8865,6.5,1492.9726
8866,6.5,1486.8954
8867,6.5,1478.9424
8868,6.484375,1469.1282
8869,6.46875,1457.4652
8870,6.46875,1443.9742
8871,6.46875,1428.6537
8872,6.453125,1411.5337
8873,6.453125,1392.6443
8874,6.453125,1371.993
8875,6.4375,1349.6038
8876,6.375,1325.5131
8877,6.359375,1299.7514
8878,6.359375,1272.3633
8879,6.34375,1243.3472
8880,6.34375,1212.7622
8881,6.34375,1180.647
8882,6.328125,1147.0422
8883,6.328125,1111.9748
8884,6.3125,1075.5032
8885,6.3125,1037.6901
8886,6.3125,998.5505
8887,6.296875,958.1324
8888,6.296875,916.5033
8889,6.28125,873.7159
8890,6.28125,829.82416
8891,6.28125,784.86416
8892,6.265625,738.9113
8893,6.265625,692.0238
8894,6.25,644.26084
8895,6.25,595.662
8896,6.25,546.30896
8897,6.25,496.26428
8898,6.25,445.5913
8899,6.25,394.332068
8900,6.21875,342.5732
8901,6.21875,290.38024
8902,6.21875,237.81932
8903,6.203125,184.91162
8904,6.203125,131.79202
8905,6.203125,78.50527
8906,6.1875,25.11896
8907,6.1875,-28.322094
8908,6.1875,-81.727192
8909,6.1875,-135.02856
8910,6.171875,-188.18124
8911,6.171875,-241.094852
8912,6.171875,-293.70218
8913,6.171875,-345.9364
8914,6.171875,-397.75316
8915,6.15625,-449.06424
8916,6.15625,-499.80436
8917,6.15625,-549.90892
8918,6.15625,-599.3353
8919,6.15625,-647.99896
8920,6.15625,-695.838
8921,6.15625,-742.81144
8922,6.15625,-788.81932
8923,6.15625,-833.84232
8924,6.15625,-877.8219
8925,6.15625,-920.6645
8926,6.15625,-962.3344
8927,6.15625,-1002.8126
8928,6.15625,-1041.9949
8929,6.171875,-1079.865
8930,6.171875,-1116.3419
8931,6.171875,-1151.4252
8932,6.1875,-1185.024
8933,6.1875,-1217.1243
8934,6.1875,-1247.6577
8935,6.203125,-1276.6235
8936,6.203125,-1303.9463
8937,6.203125,-1329.6148
8938,6.21875,-1353.574
8939,6.21875,-1375.8229
8940,6.21875,-1396.3038
8941,6.234375,-1415.0078
8942,6.25,-1431.8949
8943,6.25,-1446.9641
8944,6.25,-1460.181
8945,6.265625,-1471.524
8946,6.28125,-1480.9885
8947,6.28125,-1488.5597
8948,6.28125,-1494.2217
8949,6.28125,-1497.972
8950,6.3125,-1499.803
8951,6.3125,-1499.7122
8952,6.328125,-1497.6986
8953,6.328125,-1493.7644
8954,6.34375,-1487.9175
8955,6.359375,-1480.1566
8956,6.375,-1470.4961
8957,6.390625,-1458.9481
8958,6.40625,-1445.5338
8959,6.421875,-1430.252
8960,6.421875,-1413.1328
8961,6.421875,-1394.1984
8962,6.46875,-1373.473
8963,6.46875,-1350.9734
8964,6.484375,-1326.7476
8965,6.5,-1300.8059
8966,6.515625,-1273.192
8967,6.515625,-1243.9282
8968,6.546875,-1213.0638
8969,6.5625,-1180.6387
8970,6.578125,-1146.6942
8971,6.59375,-1111.2589
8972,6.59375,-1074.3924
8973,6.609375,-1036.1422
8974,6.625,-996.5577
8975,6.640625,-955.67208
8976,6.65625,-913.5547
8977,6.65625,-870.2597
8978,6.6875,-825.84296
8979,6.703125,-780.3422
8980,6.71875,-733.834836
8981,6.734375,-686.3808
8982,6.75,-638.0412
8983,6.765625,-588.85752
8984,6.78125,-538.9135
8985,6.78125,-488.2737
8986,6.8125,-437.003432
8987,6.828125,-385.14684
8988,6.84375,-332.7925
8989,6.859375,-279.9857
8990,6.859375,-226.83934
8991,6.890625,-173.37714
8992,6.90625,-119.6907
8993,6.921875,-65.84946
8994,6.9375,-11.900163
8995,6.953125,42.064532
8996,6.953125,95.97478
8997,6.984375,149.76079
8998,6.984375,203.37564
8999,7.015625,256.727
9000,7.03125,309.74576
9001,7.046875,362.3632
9002,7.0625,414.5332
9003,7.078125,466.165736
9004,7.09375,517.19384
9005,7.109375,567.57244
9006,7.125,617.19368
9007,7.140625,666.0556
9008,7.15625,714.0324
9009,7.15625,761.0825
9010,7.171875,807.16424
9011,7.1875,852.197664
9012,7.203125,896.14248
9013,7.21875,938.9045
9014,7.21875,980.44712
9015,7.21875,1020.7499
9016,7.25,1059.7084
9017,7.265625,1097.3048
9018,7.265625,1133.4588
9019,7.265625,1168.168
9020,7.296875,1201.3562
9021,7.296875,1232.9669
9022,7.3125,1262.9858
9023,7.328125,1291.3602
9024,7.328125,1318.064
9025,7.34375,1343.0398
9026,7.34375,1366.2764
9027,7.359375,1387.741
9028,7.375,1407.3876
9029,7.375,1425.2072
9030,7.375,1441.1677
9031,7.390625,1455.2485
9032,7.40625,1467.4362
9033,7.40625,1477.7079
9034,7.40625,1486.0476
9035,7.421875,1492.4535
9036,7.4375,1496.9094
9037,7.4375,1499.409
9038,7.4375,1499.951
9039,7.453125,1498.5324
9040,7.453125,1495.1539
9041,7.453125,1489.8206
9042,7.46875,1482.5425
9043,7.46875,1473.3187
9044,7.5,1462.1669
9045,7.53125,1449.1013
9046,7.546875,1434.1393
9047,7.546875,1417.2928
9048,7.546875,1398.5983
9049,7.5625,1378.0642
9050,7.5625,1355.7251
9051,7.5625,1331.5996
9052,7.5625,1305.7285
9053,7.5625,1278.1455
9054,7.5625,1248.8871
9055,7.578125,1217.978
9056,7.578125,1185.471
9057,7.578125,1151.4084
9058,7.578125,1115.8351
9059,7.578125,1078.7818
9060,7.59375,1040.3121
9061,7.59375,1000.47616
9062,7.59375,959.3264
9063,7.59375,916.89884
9064,7.59375,873.2662
9065,7.59375,828.48584
9066,7.59375,782.61668
9067,7.59375,735.6989
9068,7.609375,687.8134
9069,7.609375,639.00256
9070,7.609375,589.37148
9071,7.609375,538.9438
9072,7.609375,487.80656
9073,7.609375,436.02712
9074,7.609375,383.673732
9075,7.609375,330.77056
9076,7.609375,277.4537
9077,7.609375,223.771268
9078,7.609375,169.794
9079,7.609375,115.57018
9080,7.609375,61.1711
9081,7.609375,6.714173
9082,7.609375,-47.751612
9083,7.609375,-102.200092
9084,7.609375,-156.49083
9085,7.609375,-210.575
9086,7.609375,-264.4038
9087,7.609375,-317.88332
9088,7.609375,-370.943
9089,7.609375,-423.5346
9090,7.609375,-475.5446
9091,7.609375,-526.9479
9092,7.609375,-577.6756
9093,7.609375,-627.61816
9094,7.609375,-676.7515
9095,7.609375,-724.9894
9096,7.609375,-772.28768
9097,7.59375,-818.54392
9098,7.59375,-863.735936
9099,7.59375,-907.7842
9100,7.59375,-950.648
9101,7.59375,-992.2347
9102,7.59375,-1032.524
9103,7.59375,-1071.4448
9104,7.59375,-1108.961
9105,7.59375,-1144.9914
9106,7.59375,-1179.5184
9107,7.578125,-1212.481
9108,7.578125,-1243.848
9109,7.578125,-1273.5635
9110,7.578125,-1301.577
9111,7.578125,-1327.8854
9112,7.578125,-1352.4292
9113,7.578125,-1375.167
9114,7.5625,-1396.0876
9115,7.5625,-1415.1609
9116,7.5625,-1432.3453
9117,7.5625,-1447.6327
9118,7.5625,-1460.995
9119,7.5625,-1472.4144
9120,7.5625,-1481.8794
9121,7.5625,-1489.3721
9122,7.546875,-1494.8824
9123,7.546875,-1498.4033
9124,7.546875,-1499.9303
9125,7.546875,-1499.4592
9126,7.546875,-1496.9907
9127,7.53125,-1492.526
9128,7.53125,-1486.0715
9129,7.53125,-1477.6399
9130,7.53125,-1467.2351
9131,7.53125,-1454.8688
9132,7.515625,-1440.5613
9133,7.515625,-1424.3318
9134,7.515625,-1406.2016
9135,7.515625,-1386.1868
9136,7.5,-1364.3207
9137,7.5,-1340.6328
9138,7.5,-1315.1546
9139,7.5,-1287.9084
9140,7.5,-1258.941
9141,7.484375,-1228.291
9142,7.484375,-1195.9995
9143,7.484375,-1162.095
9144,7.484375,-1126.6361
9145,7.484375,-1089.6702
9146,7.46875,-1051.2467
9147,7.46875,-1011.40016
9148,7.46875,-970.1997
9149,7.46875,-927.7004
9150,7.453125,-883.9591
9151,7.453125,-839.015536
9152,7.4375,-792.9478
9153,7.4375,-745.7977
9154,7.4375,-697.6679
9155,7.4375,-648.58264
9156,7.4375,-598.6277
9157,7.4375,-547.87
9158,7.421875,-496.35604
9159,7.421875,-444.1759
9160,7.40625,-391.3997
9161,7.40625,-338.0982
9162,7.40625,-284.32048
9163,7.40625,-230.16084
9164,7.390625,-175.69206
9165,7.390625,-120.98728
9166,7.375,-66.097148
9167,7.375,-11.118149
9168,7.375,43.875796
9169,7.375,98.83359
9170,7.359375,153.63566
9171,7.34375,208.25384
9172,7.34375,262.61438
9173,7.34375,316.5989
9174,7.328125,370.1797
9175,7.328125,423.26196
9176,7.328125,475.77436
9177,7.3125,527.6674
9178,7.3125,578.82836
9179,7.296875,629.2514
9180,7.296875,678.8053
9181,7.28125,727.464368
9182,7.265625,775.1226
9183,7.265625,821.77464
9184,7.265625,867.2987
9185,7.25,911.671
9186,7.25,954.795136
9187,7.234375,996.6656
9188,7.234375,1037.173
9189,7.21875,1076.2963
9190,7.21875,1113.9653
9191,7.203125,1150.1295
9192,7.203125,1184.7538
9193,7.1875,1217.7761
9194,7.1875,1249.1393
9195,7.171875,1278.8385
9196,7.15625,1306.8072
9197,7.15625,1332.9971
9198,7.15625,1357.3942
9199,7.140625,1379.9634
9200,7.140625,1400.6553
9201,7.125,1419.4591
9202,7.125,1436.3406
9203,7.109375,1451.2824
9204,7.09375,1464.2518
9205,7.09375,1475.2424
9206,7.078125,1484.2332
9207,7.078125,1491.2146
9208,7.0625,1496.173
9209,7.046875,1499.1007
9210,7.03125,1499.9963
9211,7.03125,1498.8561
9212,7.015625,1495.6808
9213,6.890625,1490.4747
9214,6.890625,1483.245
9215,6.875,1473.9971
9216,6.875,1462.7512
9217,6.84375,1449.5133
9218,6.84375,1434.3058
9219,6.828125,1417.1416
9220,6.828125,1398.0502
9221,6.796875,1377.0572
9222,6.78125,1354.1916
9223,6.78125,1329.4736
9224,6.765625,1302.946
9225,6.765625,1274.645
9226,6.75,1244.6089
9227,6.75,1212.8654
9228,6.71875,1179.4694
9229,6.703125,1144.4668
9230,6.6875,1107.8898
9231,6.6875,1069.8021
9232,6.6875,1030.256
9233,6.65625,989.3052
9234,6.65625,947.005536
9235,6.640625,903.39656
9236,6.640625,858.55468
9237,6.609375,812.5415
9238,6.59375,765.39984
9239,6.578125,717.2128
9240,6.5625,668.0465
9241,6.5625,617.9678
9242,6.53125,567.0451
9243,6.515625,515.3051
9244,6.515625,462.88196
9245,6.5,409.82616
9246,6.484375,356.2102
9247,6.46875,302.0626
9248,6.453125,247.52398
9249,6.4375,192.64682
9250,6.421875,137.48332
9251,6.421875,82.13161
9252,6.40625,26.667446
9253,6.390625,-28.856102
9254,6.375,-84.31726
9255,6.359375,-139.70858
9256,6.34375,-194.885584
9257,6.3125,-249.7956
9258,6.3125,-304.38574
9259,6.296875,-358.5585
9260,6.28125,-412.26156
9261,6.28125,-465.37708
9262,6.265625,-517.8759
9263,6.25,-569.664
9264,6.234375,-620.6911
9265,6.234375,-670.84516
9266,6.21875,-720.09864
9267,6.203125,-768.36308
9268,6.203125,-815.5912
9269,6.1875,-861.6795
9270,6.171875,-906.6025
9271,6.171875,-950.2791
9272,6.15625,-992.6666
9273,6.15625,-1033.6884
9274,6.15625,-1073.272
9275,6.140625,-1111.4109
9276,6.140625,-1148.0048
9277,6.125,-1183.0332
9278,6.125,-1216.4328
9279,6.125,-1248.1574
9280,6.109375,-1278.1753
9281,6.109375,-1306.4316
9282,6.09375,-1332.8877
9283,6.09375,-1357.5071
9284,6.09375,-1380.2644
9285,6.09375,-1401.1182
9286,6.09375,-1420.0396
9287,6.078125,-1437.0024
9288,6.078125,-1451.989
9289,6.078125,-1464.9714
9290,6.078125,-1475.9315
9291,6.078125,-1484.8578
9292,6.078125,-1491.7302
9293,6.078125,-1496.545
9294,6.078125,-1499.2925
9295,6.09375,-1499.9686
9296,6.09375,-1498.5708
9297,6.09375,-1495.1011
9298,6.109375,-1489.5641
9299,6.109375,-1481.9641
9300,6.109375,-1472.3135
9301,6.125,-1460.6308
9302,6.125,-1446.9226
9303,6.125,-1431.2053
9304,6.140625,-1413.506
9305,6.140625,-1393.8491
9306,6.15625,-1372.262
9307,6.15625,-1348.7643
9308,6.171875,-1323.3973
9309,6.1875,-1296.196
9310,6.1875,-1267.1859
9311,6.203125,-1236.418
9312,6.203125,-1203.9349
9313,6.21875,-1169.782
9314,6.21875,-1134.0062
9315,6.21875,-1096.6418
9316,6.25,-1057.755
9317,6.25,-1017.3997
9318,6.265625,-975.631936
9319,6.28125,-932.4739
9320,6.28125,-888.03768
9321,6.3125,-842.36744
9322,6.328125,-795.52684
9323,6.34375,-747.561136
9324,6.359375,-698.5356
9325,6.375,-648.55852
9326,6.390625,-597.6796
9327,6.40625,-545.9483
9328,6.421875,-493.43556
9329,6.4375,-440.2574
9330,6.4375,-386.4665
9331,6.453125,-332.11544
9332,6.46875,-277.27936
9333,6.484375,-222.07934
9334,6.5,-166.57002
9335,6.515625,-110.78304
9336,6.546875,-54.86438
9337,6.5625,1.153654
9338,6.5625,57.147204
9339,6.59375,113.08392
9340,6.609375,168.8856
9341,6.625,224.428852
9342,6.65625,279.6815
9343,6.65625,334.5436
9344,6.671875,388.96072
9345,6.6875,442.81248
9346,6.703125,496.0675
9347,6.71875,548.62932
9348,6.734375,600.44544
9349,6.75,651.40124
9350,6.78125,701.4669
9351,6.78125,750.551636
9352,6.796875,798.6061
9353,6.8125,845.52376
9354,6.828125,891.27736
9355,6.84375,935.80136
9356,6.859375,978.9971
9357,6.875,1020.8393
9358,6.890625,1061.2354
9359,6.90625,1100.1771
9360,6.921875,1137.5764
9361,6.9375,1173.3667
9362,6.9375,1207.5267
9363,6.953125,1240.0068
9364,6.96875,1270.7471
9365,6.984375,1299.6929
9366,7.0,1326.8273
9367,7.015625,1352.1098
9368,7.015625,1375.4936
9369,7.03125,1396.9376
9370,7.046875,1416.4292
9371,7.046875,1433.9382
9372,7.078125,1449.4322
9373,7.09375,1462.8839
9374,7.09375,1474.2858
9375,7.109375,1483.6189
9376,7.125,1490.8652
9377,7.140625,1496.0148
9378,7.140625,1499.0599
9379,7.15625,1499.9966
9380,7.15625,1498.8218
9381,7.171875,1495.5388
9382,7.265625,1490.1498
9383,7.28125,1482.6596
9384,7.296875,1473.0804
9385,7.296875,1461.426
9386,7.296875,1447.7128
9387,7.3125,1431.9531
9388,7.328125,1414.1743
9389,7.328125,1394.4017
9390,7.34375,1372.663
9391,7.34375,1348.9788
9392,7.34375,1323.391
9393,7.34375,1295.9358
9394,7.359375,1266.6518
9395,7.375,1235.5544
9396,7.375,1202.7245
9397,7.375,1168.196
9398,7.390625,1132.0176
9399,7.390625,1094.2248
9400,7.390625,1054.8855
9401,7.40625,1014.0552
9402,7.40625,971.77404
9403,7.40625,928.1184
9404,7.421875,883.14984
9405,7.421875,836.932
9406,7.421875,789.53032
9407,7.4375,740.9719
9408,7.4375,691.384
9409,7.4375,640.81724
9410,7.4375,589.3434
9411,7.453125,536.9923
9412,7.453125,483.90152
9413,7.453125,430.125068
9414,7.46875,375.7171
9415,7.46875,320.77628
9416,7.46875,265.38064
9417,7.46875,209.586
9418,7.46875,153.51671
9419,7.484375,97.20689
9420,7.484375,40.736236
9421,7.484375,-15.769388
9422,7.484375,-72.2755
9423,7.5,-128.67896
9424,7.5,-184.89964
9425,7.5,-240.88032
9426,7.5,-296.49616
9427,7.5,-351.73536
9428,7.5,-406.452184
9429,7.515625,-460.613
9430,7.515625,-514.09704
9431,7.515625,-566.8927
9432,7.515625,-618.8604
9433,7.515625,-669.96816
9434,7.515625,-720.102
9435,7.515625,-769.25068
9436,7.515625,-817.30332
9437,7.515625,-864.1726
9438,7.53125,-909.8297
9439,7.53125,-954.1904
9440,7.53125,-997.20856
9441,7.53125,-1038.8046
9442,7.53125,-1078.9033
9443,7.53125,-1117.4954
9444,7.53125,-1154.4924
9445,7.53125,-1189.8279
9446,7.53125,-1223.4797
9447,7.53125,-1255.398
9448,7.53125,-1285.523
9449,7.53125,-1313.8008
9450,7.53125,-1340.2139
9451,7.53125,-1364.722
9452,7.53125,-1387.2794
9453,7.53125,-1407.8457
9454,7.53125,-1426.4081
9455,7.53125,-1442.9376
9456,7.53125,-1457.4027
9457,7.53125,-1469.783
9458,7.515625,-1480.0603
9459,7.53125,-1488.2201
9460,7.53125,-1494.2528
9461,7.53125,-1498.146
9462,7.53125,-1499.8942
9463,7.515625,-1499.494
9464,7.515625,-1496.9452
9465,7.515625,-1492.2512
9466,7.515625,-1485.419
9467,7.515625,-1476.454
9468,7.515625,-1465.3714
9469,7.515625,-1452.1876
9470,7.515625,-1436.921
9471,7.5,-1419.5863
9472,7.5,-1400.214
9473,7.5,-1378.8322
9474,7.5,-1355.4711
9475,7.5,-1330.154
9476,7.5,-1302.9263
9477,7.5,-1273.8268
9478,7.5,-1242.8977
9479,7.5,-1210.1696
9480,7.5,-1175.7018
9481,7.5,-1139.5289
9482,7.5,-1101.732
9483,7.5,-1062.3351
9484,7.484375,-1021.4098
9485,7.484375,-979.0149
9486,7.484375,-935.21132
9487,7.484375,-890.02548
9488,7.484375,-843.5759
9489,7.46875,-795.9116
9490,7.46875,-747.1014
9491,7.46875,-697.19508
9492,7.46875,-646.2633
9493,7.46875,-594.4206
9494,7.46875,-541.7212
9495,7.46875,-488.1979
9496,7.453125,-433.9918
9497,7.453125,-379.1598
9498,7.453125,-323.75864
9499,7.453125,-267.89014
9500,7.453125,-211.63496
9501,7.4375,-155.05156
9502,7.4375,-98.26702
9503,7.4375,-41.31775
9504,7.4375,15.71409
9505,7.421875,72.70035
9506,7.421875,129.6044
9507,7.421875,186.32108
9508,7.40625,242.79094
9509,7.40625,298.88716
9510,7.40625,354.57344
9511,7.40625,409.74672
9512,7.390625,464.3489
9513,7.390625,518.2572
9514,7.375,571.4368
9515,7.375,623.78892
9516,7.375,675.2583
9517,7.375,725.729
9518,7.359375,775.1684
9519,7.359375,823.4845
9520,7.34375,870.62576
9521,7.34375,916.5043
9522,7.34375,961.036
9523,7.34375,1004.20904
9524,7.328125,1045.9243
9525,7.328125,1086.1057
9526,7.3125,1124.727
9527,7.3125,1161.7302
9528,7.3125,1197.032
9529,7.296875,1230.6092
9530,7.296875,1262.399
9531,7.296875,1292.3663
9532,7.28125,1320.444
9533,7.28125,1346.6135
9534,7.265625,1370.8253
9535,7.265625,1393.0525
9536,7.25,1413.2451
9537,7.25,1431.39
9538,7.25,1447.4523
9539,7.234375,1461.4134
9540,7.21875,1473.2466
9541,7.21875,1482.9344
9542,7.203125,1490.4603
9543,7.203125,1495.8209
9544,7.1875,1499.0017
9545,7.1875,1499.9978
9546,7.171875,1498.808
9547,7.15625,1495.4321
9548,7.15625,1489.875
9549,7.15625,1482.145
9550,7.140625,1472.2533
9551,7.125,1460.2091
9552,7.125,1446.0333
9553,7.015625,1429.747
9554,7.0,1411.3735
9555,7.0,1390.9314
9556,6.984375,1368.4573
9557,6.984375,1343.9842
9558,6.953125,1317.5477
9559,6.9375,1289.1748
9560,6.9375,1258.9171
9561,6.921875,1226.8188
9562,6.90625,1192.927
9563,6.890625,1157.262
9564,6.890625,1119.9175
9565,6.875,1080.9344
9566,6.859375,1040.3696
9567,6.84375,998.2657
9568,6.828125,954.699968
9569,6.8125,909.717936
9570,6.796875,863.4214
9571,6.78125,815.84148
9572,6.765625,767.06576
9573,6.75,717.1458
9574,6.75,666.1946
9575,6.734375,614.24616
9576,6.71875,561.39684
9577,6.6875,507.7026
9578,6.671875,453.28496
9579,6.65625,398.180432
9580,6.640625,342.46912
9581,6.640625,286.2772
9582,6.625,229.66508
9583,6.609375,172.67036
9584,6.59375,115.44461
9585,6.578125,58.049264
9586,6.578125,0.5457578
9587,6.5625,-56.958552
9588,6.546875,-114.40194
9589,6.515625,-171.65426
9590,6.515625,-228.676852
9591,6.5,-285.36298
9592,6.484375,-341.65152
9593,6.46875,-397.414836
9594,6.453125,-452.61536
9595,6.4375,-507.14932
9596,6.4375,-560.9577
9597,6.40625,-613.9186
9598,6.40625,-665.9959
9599,6.390625,-717.09176
9600,6.390625,-767.1505
9601,6.375,-816.0586
9602,6.359375,-863.7828
9603,6.34375,-910.2513
9604,6.34375,-955.3585
9605,6.34375,-999.07368
9606,6.328125,-1041.3143
9607,6.3125,-1082.0178
9608,6.3125,-1121.1395
9609,6.296875,-1158.605
9610,6.28125,-1194.3452
9611,6.28125,-1228.3488
9612,6.28125,-1260.5362
9613,6.265625,-1290.8486
9614,6.265625,-1319.265
9615,6.25,-1345.7411
9616,6.25,-1370.2261
9617,6.234375,-1392.6837
9618,6.234375,-1413.0732
9619,6.21875,-1431.3872
9620,6.21875,-1447.5817
9621,6.203125,-1461.6328
9622,6.203125,-1473.5195
9623,6.203125,-1483.2244
9624,6.203125,-1490.7356
9625,6.1875,-1496.0377
9626,6.1875,-1499.1227
9627,6.1875,-1499.9861
9628,6.1875,-1498.6249
9629,6.171875,-1495.041
9630,6.171875,-1489.24
9631,6.171875,-1481.2267
9632,6.171875,-1471.0148
9633,6.171875,-1458.6196
9634,6.171875,-1444.0594
9635,6.171875,-1427.3488
9636,6.171875,-1408.518
9637,6.171875,-1387.5948
9638,6.171875,-1364.6106
9639,6.171875,-1339.589
9640,6.171875,-1312.576
9641,6.1875,-1283.6116
9642,6.1875,-1252.7391
9643,6.1875,-1219.9908
9644,6.1875,-1185.4276
9645,6.1875,-1149.1006
9646,6.203125,-1111.0641
9647,6.203125,-1071.3424
9648,6.203125,-1030.041
9649,6.21875,-987.2059
9650,6.21875,-942.9009
9651,6.21875,-897.1735
9652,6.234375,-850.0904
9653,6.234375,-801.75884
9654,6.25,-752.23268
9655,6.25,-701.5652
9656,6.25,-649.8309
9657,6.25,-597.14776
9658,6.265625,-543.57404
9659,6.28125,-489.168
9660,6.28125,-434.01004
9661,6.296875,-378.22596
9662,6.3125,-321.87732
9663,6.3125,-265.00328
9664,6.328125,-207.75572
9665,6.328125,-150.19788
9666,6.34375,-92.39282
9667,6.34375,-34.449652
9668,6.34375,23.567894
9669,6.375,81.52732
9670,6.375,139.36488
9671,6.375,197.0395
9672,6.390625,254.39654
9673,6.40625,311.3954
9674,6.421875,367.905832
9675,6.421875,423.90976
9676,6.4375,479.25684
9677,6.453125,533.9077
9678,6.453125,587.73752
9679,6.46875,640.7289
9680,6.484375,692.739
9681,6.484375,743.731
9682,6.5,793.5883
9683,6.515625,842.2944
9684,6.515625,889.7364
9685,6.53125,935.82532
9686,6.546875,980.528
9687,6.546875,1023.776
9688,6.5625,1065.4703
9689,6.5625,1105.5809
9690,6.5625,1144.0164
9691,6.578125,1180.7631
9692,6.578125,1215.735
9693,6.59375,1248.8794
9694,6.59375,1280.1346
9695,6.625,1309.4896
9696,6.625,1336.8748
9697,6.640625,1362.2488
9698,6.640625,1385.5648
9699,6.65625,1406.814
9700,6.65625,1425.9453
9701,6.671875,1442.9297
9702,6.671875,1457.7366
9703,6.6875,1470.3595
9704,6.6875,1480.7671
9705,6.703125,1488.9437
9706,6.703125,1494.877
9707,6.703125,1498.559
9708,6.734375,1499.9812
9709,6.734375,1499.1417
9710,6.75,1496.0434
9711,6.75,1490.686
9712,6.75,1483.0791
9713,6.765625,1473.2341
9714,6.765625,1461.166
9715,6.78125,1446.8868
9716,6.78125,1430.4225
9717,6.796875,1411.798
9718,6.796875,1391.0414
9719,6.8125,1368.1744
9720,6.8125,1343.2398
9721,6.8125,1316.2748
9722,6.8125,1287.3203
9723,6.875,1256.4077
9724,6.875,1223.5947
9725,6.875,1188.917
9726,6.875,1152.454
9727,6.890625,1114.2327
9728,6.890625,1074.3245
9729,6.90625,1032.79
9730,6.90625,989.69216
9731,6.90625,945.0783
9732,6.90625,899.0144
9733,6.90625,851.6062
9734,6.921875,802.9079
9735,6.921875,752.9734
9736,6.921875,701.8973
9737,6.921875,649.7363
9738,6.9375,596.6105
9739,6.9375,542.5588
9740,6.9375,487.6838
9741,6.9375,432.0469
9742,6.9375,375.7761
9743,6.9375,318.91276
9744,6.953125,261.54256
9745,6.953125,203.79759
9746,6.953125,145.74315
9747,6.953125,87.42168
9748,6.953125,28.990126
9749,6.953125,-29.48548
9750,6.96875,-87.939128
9751,6.96875,-146.25902
9752,6.96875,-204.37914
9753,6.96875,-262.16564
9754,6.96875,-319.57576
9755,6.96875,-376.49944
9756,6.984375,-432.872
9757,6.984375,-488.56348
9758,6.984375,-543.51136
9759,6.984375,-597.6739
9760,6.984375,-650.9253
9761,6.984375,-703.1642
9762,6.984375,-754.3517
9763,6.984375,-804.3892
9764,6.984375,-853.2193
9765,6.984375,-900.72925
9766,7.0,-946.8838
9767,7.0,-991.61096
9768,6.984375,-1034.8074
9769,6.984375,-1076.441
9770,7.0,-1116.4159
9771,7.0,-1154.7164
9772,7.0,-1191.2526
9773,7.0,-1225.9553
9774,7.0,-1258.7986
9775,7.0,-1289.73
9776,7.0,-1318.689
9777,7.0,-1345.6213
9778,7.0,-1370.5068
9779,7.0,-1393.3048
9780,7.0,-1413.9629
9781,7.0,-1432.4653
9782,7.0,-1448.7755
9783,7.0,-1462.8735
9784,7.0,-1474.7308
9785,7.0,-1484.326
9786,7.0,-1491.652
9787,7.0,-1496.6948
9788,7.0,-1499.4435
9789,7.0,-1499.8936
9790,7.0,-1498.0447
9791,7.0,-1493.8974
9792,7.0,-1487.4585
9793,7.0,-1478.7416
9794,7.0,-1467.7532
9795,7.0,-1454.5078
9796,7.0,-1439.0292
9797,7.0,-1421.3414
9798,7.0,-1401.4717
9799,7.0,-1379.4413
9800,7.0,-1355.2914
9801,7.0,-1329.0592
9802,7.0,-1300.785
9803,7.0,-1270.5001
9804,7.0,-1238.2616
9805,7.0,-1204.1193
9806,7.0,-1168.111
9807,7.0,-1130.3052
9808,7.0,-1090.76
9809,7.0,-1049.5364
9810,7.0,-1006.6977
9811,7.0,-962.292336
9812,7.0,-916.405
9813,7.0,-869.106464
9814,7.0,-820.45024
9815,7.0,-770.5296
9816,7.0,-719.4214
9817,7.0,-667.20432
9818,7.0,-613.95904
9819,7.0,-559.725
9820,7.0,-504.6485
9821,6.984375,-448.79364
9822,6.984375,-392.24656
9823,6.984375,-335.0498
9824,6.984375,-277.358
9825,6.984375,-219.23806
9826,6.984375,-160.75694
9827,6.984375,-102.02747
9828,6.984375,-43.140404
9829,6.984375,15.836201
9830,6.984375,74.765464
9831,6.984375,133.60202
9832,6.984375,192.254732
9833,6.96875,250.58742
9834,6.96875,308.55508
9835,6.96875,366.04536
9836,6.96875,422.99124
9837,6.96875,479.26048
9838,6.953125,534.78816
9839,6.953125,589.5305
9840,6.953125,643.3387
9841,6.953125,696.17096
9842,6.953125,747.9046
9843,6.953125,798.5189
9844,6.9375,847.8949
9845,6.9375,895.937536
9846,6.9375,942.6097
9847,6.9375,987.82
9848,6.9375,1031.515
9849,6.9375,1073.5932
9850,6.921875,1114.0216
9851,6.921875,1152.7357
9852,6.921875,1189.6455
9853,6.921875,1224.7222
9854,6.921875,1257.8965
9855,6.90625,1289.1171
9856,6.90625,1318.3462
9857,6.90625,1345.5262
9858,6.890625,1370.6054
9859,6.890625,1393.5725
9860,6.890625,1414.3718
9861,6.875,1432.9708
9862,6.875,1449.335
9863,6.875,1463.4562
9864,6.875,1475.299
9865,6.859375,1484.8451
9866,6.859375,1492.0772
9867,6.859375,1496.991
9868,6.84375,1499.5725
9869,6.84375,1499.8175
9870,6.84375,1497.7258
9871,6.828125,1493.2986
9872,6.828125,1486.5428
9873,6.828125,1477.4732
9874,6.8125,1466.0967
9875,6.8125,1452.4285
9876,6.796875,1436.494
9877,6.796875,1418.3178
9878,6.796875,1397.9285
9879,6.78125,1375.3485
9880,6.78125,1350.6208
9881,6.765625,1323.7839
9882,6.765625,1294.8798
9883,6.765625,1263.9412
9884,6.75,1231.0272
9885,6.734375,1196.1892
9886,6.734375,1159.4818
9887,6.71875,1120.9472
9888,6.71875,1080.6592
9889,6.71875,1038.6812
9890,6.71875,995.0784
9891,6.6875,949.8839
9892,6.6875,903.2198
9893,6.6875,855.1418
9894,6.671875,805.7253
9895,6.671875,755.0279
9896,6.65625,703.1477
9897,6.65625,650.14544
9898,6.65625,596.14496
9899,6.640625,541.18932
9900,6.53125,485.3852
9901,6.53125,428.8202
9902,6.515625,371.56072
9903,6.515625,313.71836
9904,6.515625,255.383792
9905,6.5,196.64854
9906,6.484375,137.58198
9907,6.46875,78.299416
9908,6.46875,18.893904
9909,6.453125,-40.56415
9910,6.453125,-99.93563
9911,6.453125,-159.17296
9912,6.4375,-218.18282
9913,6.421875,-276.82712
9914,6.421875,-335.03638
9915,6.40625,-392.76344
9916,6.40625,-449.8505
9917,6.390625,-506.251736
9918,6.375,-561.835
9919,6.375,-616.5766
9920,6.375,-670.3266
9921,6.359375,-723.04176
9922,6.359375,-774.5985
9923,6.359375,-824.97452
9924,6.34375,-874.0317
9925,6.34375,-921.7303
9926,6.34375,-967.95868
9927,6.34375,-1012.69632
9928,6.34375,-1055.8204
9929,6.328125,-1097.2958
9930,6.3125,-1137.0256
9931,6.3125,-1174.9916
9932,6.3125,-1211.1029
9933,6.3125,-1245.2896
9934,6.296875,-1277.524
9935,6.296875,-1307.7418
9936,6.296875,-1335.9055
9937,6.296875,-1361.9588
9938,6.28125,-1385.8518
9939,6.28125,-1407.5729
9940,6.28125,-1427.0687
9941,6.28125,-1444.3082
9942,6.28125,-1459.259
9943,6.28125,-1471.9133
9944,6.28125,-1482.2388
9945,6.28125,-1490.219
9946,6.28125,-1495.8396
9947,6.28125,-1499.0969
9948,6.28125,-1499.9805
9949,6.28125,-1498.489
9950,6.28125,-1494.6249
9951,6.296875,-1488.3939
9952,6.296875,-1479.8025
9953,6.296875,-1468.8662
9954,6.296875,-1455.6023
9955,6.3125,-1440.0253
9956,6.3125,-1422.1647
9957,6.3125,-1402.0487
9958,6.3125,-1379.7092
9959,6.3125,-1355.172
9960,6.328125,-1328.4839
9961,6.328125,-1299.6875
9962,6.328125,-1268.8406
9963,6.34375,-1235.9554
9964,6.34375,-1201.1074
9965,6.34375,-1164.3516
9966,6.359375,-1125.7464
9967,6.359375,-1085.3218
9968,6.375,-1043.187
9969,6.375,-999.3941
9970,6.375,-954.01268
9971,6.390625,-907.0966
9972,6.390625,-858.7377
9973,6.40625,-809.01268
9974,6.421875,-758.0007
9975,6.421875,-705.7628
9976,6.421875,-652.4014
9977,6.421875,-597.98044
9978,6.453125,-542.6281
9979,6.453125,-486.39032
9980,6.46875,-429.377632
9981,6.46875,-371.68084
9982,6.484375,-313.39194
9983,6.484375,-254.55862
9984,6.515625,-195.34186
9985,6.53125,-135.81362
9986,6.53125,-76.068856
9987,6.53125,-16.157034
9988,6.5625,43.75771
9989,6.5625,103.60264
9990,6.578125,163.305
9991,6.578125,222.7466
9992,6.59375,281.83252
9993,6.609375,340.4907
9994,6.609375,398.5827
9995,6.625,456.06004
9996,6.625,512.8301
9997,6.640625,568.7588
9998,6.65625,623.7995
9999,6.65625,677.84248
10000,6.671875,730.8015
10001,6.671875,782.61128
10002,6.6875,833.1495
10003,6.6875,882.39232
10004,6.703125,930.20384
10005,6.703125,976.544
10006,6.71875,1021.3033
10007,6.71875,1064.4602
10008,6.734375,1105.8955
10009,6.75,1145.5742
10010,6.75,1183.4027
10011,6.765625,1219.3623
10012,6.765625,1253.3658
10013,6.78125,1285.347
10014,6.78125,1315.279
10015,6.796875,1343.1012
10016,6.796875,1368.7781
10017,6.8125,1392.2576
10018,6.8125,1413.4944
10019,6.828125,1432.4773
10020,6.828125,1449.1588
10021,6.84375,1463.5072
10022,6.84375,1475.5101
10023,6.84375,1485.1459
10024,6.859375,1492.3938
10025,6.859375,1497.2408
10026,6.875,1499.6829
10027,6.875,1499.7132
10028,6.875,1497.3307
10029,6.875,1492.541
10030,6.890625,1485.3485
10031,6.90625,1475.762
10032,6.90625,1463.799
10033,6.90625,1449.479
10034,6.90625,1432.8317
10035,6.921875,1413.8636
10036,6.921875,1392.6172
10037,6.9375,1369.1266
10038,6.9375,1343.4297
10039,6.9375,1315.5569
10040,6.9375,1285.5625
10041,6.9375,1253.4949
10042,6.953125,1219.4058
10043,6.953125,1183.3359
10044,6.953125,1145.3564
10045,6.953125,1105.5283
10046,6.953125,1063.9161
10047,6.953125,1020.57
10048,6.953125,975.5754
10049,6.96875,929.0052
10050,6.96875,880.934464
10051,6.96875,831.42176
10052,6.96875,780.5653
10053,6.984375,728.4471
10054,6.984375,675.1514
10055,6.984375,620.74368
10056,6.984375,565.3317
10057,6.984375,509.005336
10058,6.984375,451.85556
10059,6.984375,393.93072
10060,6.984375,335.39
10061,6.984375,276.30634
10062,6.984375,216.77538
10063,6.984375,156.87071
10064,6.984375,96.68909
10065,6.984375,36.373572
10066,6.984375,-24.000868
10067,6.984375,-84.3592768
10068,6.984375,-144.58092
10069,6.984375,-204.5908
10070,6.96875,-264.24622
10071,6.96875,-323.4956
10072,6.96875,-382.2422
10073,6.96875,-440.34624
10074,6.96875,-497.73588
10075,6.96875,-554.3604
10076,6.953125,-610.06324
10077,6.953125,-664.77548
10078,6.953125,-718.42832
10079,6.953125,-770.9138
10080,6.953125,-822.165636
10081,6.953125,-872.061936
10082,6.953125,-920.54116
10083,6.9375,-967.55944
10084,6.9375,-1012.9862
10085,6.9375,-1056.7818
10086,6.9375,-1098.8422
10087,6.9375,-1139.1453
10088,6.9375,-1177.5788
10089,6.921875,-1214.1096
10090,6.921875,-1248.6502
10091,6.921875,-1281.1825
10092,6.921875,-1311.6154
10093,6.921875,-1339.9226
10094,6.90625,-1366.0361
10095,6.90625,-1389.9424
10096,6.90625,-1411.5813
10097,6.90625,-1430.9108
10098,6.90625,-1447.9141
10099,6.90625,-1462.5608
10100,6.90625,-1474.8158
10101,6.890625,-1484.6684
10102,6.890625,-1492.0976
10103,6.890625,-1497.0912
10104,6.890625,-1499.6414
10105,6.890625,-1499.7418
10106,6.875,-1497.3936
10107,6.875,-1492.5966
10108,6.875,-1485.3594
10109,6.875,-1475.694
10110,6.859375,-1463.621
10111,6.859375,-1449.1452
10112,6.859375,-1432.2985
10113,6.859375,-1413.1084
10114,6.859375,-1391.6064
10115,6.859375,-1367.8278
10116,6.859375,-1341.801
10117,6.859375,-1313.5773
10118,6.84375,-1283.2029
10119,6.84375,-1250.7147
10120,6.84375,-1216.1774
10121,6.84375,-1179.6473
10122,6.84375,-1141.1843
10123,6.84375,-1100.8513
10124,6.84375,-1058.6985
10125,6.84375,-1014.8096
10126,6.828125,-969.25668
10127,6.828125,-922.09624
10128,6.828125,-873.42264
10129,6.828125,-823.31584
10130,6.828125,-771.858
10131,6.828125,-719.11336
10132,6.8125,-665.1878
10133,6.8125,-610.1698
10134,6.8125,-554.14984
10135,6.8125,-497.17656
10136,6.8125,-439.40748
10137,6.8125,-380.9163
10138,6.8125,-321.799
10139,6.8125,-262.13034
10140,6.8125,-202.030544
10141,6.796875,-141.59848
10142,6.796875,-80.933528
10143,6.796875,-20.089676
10144,6.796875,40.764384
10145,6.78125,101.55135
10146,6.78125,162.17116
10147,6.78125,222.54668
10148,6.78125,282.57812
10149,6.78125,342.12144
10150,6.78125,401.101236
10151,6.78125,459.4421
10152,6.78125,517.0472
10153,6.765625,573.7781
10154,6.765625,629.5631
10155,6.765625,684.35112
10156,6.765625,737.98948
10157,6.75,790.41032
10158,6.75,841.5462
10159,6.75,891.2928
10160,6.75,939.5679
10161,6.75,986.3092
10162,6.75,1031.4043
10163,6.734375,1074.8286
10164,6.734375,1116.4603
10165,6.734375,1156.2477
10166,6.734375,1194.1386
10167,6.734375,1230.0552
10168,6.71875,1263.9502
10169,6.71875,1295.7423
10170,6.71875,1325.403
10171,6.71875,1352.8704
10172,6.703125,1378.1084
10173,6.703125,1401.0563
10174,6.703125,1421.6932
10175,6.6875,1439.9761
10176,6.6875,1455.88
10177,6.6875,1469.3713
10178,6.6875,1480.4241
10179,6.671875,1489.0309
10180,6.671875,1495.1666
10181,6.65625,1498.8257
10182,6.65625,1499.999
10183,6.65625,1498.6848
10184,6.65625,1494.8834
10185,6.65625,1488.6012
10186,6.640625,1479.8522
10187,6.640625,1468.6396
10188,6.625,1454.988
10189,6.625,1438.9198
10190,6.625,1420.4692
10191,6.609375,1399.6448
10192,6.609375,1376.494
10193,6.609375,1351.0554
10194,6.59375,1323.382
10195,6.59375,1293.4874
10196,6.59375,1261.4414
10197,6.578125,1227.2971
10198,6.578125,1191.1116
10199,6.578125,1152.93
10200,6.5625,1112.8447
10201,6.5625,1070.8924
10202,6.546875,1027.1575
10203,6.546875,981.695536
10204,6.546875,934.5982
10205,6.53125,885.9441
10206,6.53125,835.8141
10207,6.515625,784.2723
10208,6.515625,731.42308
10209,6.5,677.354436
10210,6.5,622.1567
10211,6.484375,565.9006
10212,6.484375,508.7003
10213,6.46875,450.6514
10214,6.46875,391.85068
10215,6.46875,332.37388
10216,6.453125,272.3422
10217,6.453125,211.8558
10218,6.4375,151.0157
10219,6.4375,89.90063
10220,6.421875,28.635354
10221,6.421875,-32.677764
10222,6.421875,-93.93629
10223,6.40625,-155.08339
10224,6.40625,-215.94834
10225,6.390625,-276.4522
10226,6.390625,-336.49384
10227,6.34375,-395.99492
10228,6.34375,-454.8334
10229,6.34375,-512.9323
10230,6.328125,-570.15108
10231,6.328125,-626.43664
10232,6.328125,-681.673136
10233,6.328125,-735.7882
10234,6.3125,-788.6507
10235,6.3125,-840.2116
10236,6.3125,-890.3828
10237,6.3125,-939.04296
10238,6.3125,-986.1295
10239,6.3125,-1031.5968
10240,6.3125,-1075.3168
10241,6.3125,-1117.2334
10242,6.3125,-1157.2909
10243,6.3125,-1195.4061
10244,6.3125,-1231.5151
10245,6.296875,-1265.5694
10246,6.3125,-1297.4868
10247,6.3125,-1327.2479
10248,6.3125,-1354.7684
10249,6.3125,-1380.0224
10250,6.3125,-1402.949
10251,6.3125,-1423.5334
10252,6.3125,-1441.7172
10253,6.3125,-1457.4832
10254,6.3125,-1470.793
10255,6.3125,-1481.638
10256,6.3125,-1489.9862
10257,6.3125,-1495.83
10258,6.3125,-1499.155
10259,6.328125,-1499.958
10260,6.328125,-1498.2355
10261,6.328125,-1493.9889
10262,6.34375,-1487.2256
10263,6.34375,-1477.957
10264,6.34375,-1466.1938
10265,6.34375,-1451.959
10266,6.34375,-1435.2831
10267,6.359375,-1416.1743
10268,6.375,-1394.6763
10269,6.375,-1370.8346
10270,6.375,-1344.672
10271,6.390625,-1316.2297
10272,6.390625,-1285.5773
10273,6.40625,-1252.7433
10274,6.40625,-1217.7942
10275,6.421875,-1180.775
10276,6.421875,-1141.7609
10277,6.4375,-1100.8332
10278,6.4375,-1058.0308
10279,6.453125,-1013.4239
10280,6.453125,-967.10332
10281,6.46875,-919.14776
10282,6.484375,-869.6567
10283,6.484375,-818.65784
10284,6.5,-766.27376
10285,6.515625,-712.5932
10286,6.515625,-657.7068
10287,6.515625,-601.6866
10288,6.53125,-544.64748
10289,6.546875,-486.68616
10290,6.5625,-427.90068
10291,6.578125,-368.36848
10292,6.578125,-308.21196
10293,6.578125,-247.533252
10294,6.578125,-186.435024
10295,6.578125,-124.998088
10296,6.640625,-63.349144
10297,6.65625,-1.5927846
10298,6.65625,60.16628
10299,6.65625,121.846116
10300,6.671875,183.319168
10301,6.6875,244.481108
10302,6.703125,305.22818
10303,6.71875,365.4794
10304,6.734375,425.10992
10305,6.734375,484.0401
10306,6.734375,542.1263
10307,6.765625,599.31276
10308,6.78125,655.4806
10309,6.78125,710.534336
10310,6.796875,764.3805
10311,6.796875,816.9659
10312,6.8125,868.1421
10313,6.828125,917.8416
10314,6.828125,965.980064
10315,6.84375,1012.5092
10316,6.859375,1057.2975
10317,6.859375,1100.2861
10318,6.859375,1141.4018
10319,6.875,1180.603
10320,6.875,1217.7784
10321,6.890625,1252.8795
10322,6.90625,1285.858
10323,6.90625,1316.6448
10324,6.90625,1345.1972
10325,6.921875,1371.4457
10326,6.921875,1395.3562
10327,6.921875,1416.9032
10328,6.9375,1436.0246
10329,6.9375,1452.7022
10330,6.953125,1466.8948
10331,6.953125,1478.5889
10332,6.96875,1487.7618
10333,6.96875,1494.391
10334,6.984375,1498.47
10335,6.984375,1499.989
10336,6.984375,1498.9444
10337,6.984375,1495.3391
10338,6.984375,1489.1763
10339,7.0,1480.4636
10340,7.0,1469.2228
10341,7.015625,1455.4645
10342,7.015625,1439.2223
10343,7.015625,1420.5048
10344,7.03125,1399.3633
10345,7.03125,1375.8186
10346,7.03125,1349.9181
10347,7.03125,1321.7062
10348,7.03125,1291.2197
10349,7.03125,1258.5208
10350,7.046875,1223.6786
10351,7.046875,1186.7131
10352,7.046875,1147.7129
10353,7.046875,1106.7445
10354,7.0625,1063.8945
10355,7.0625,1019.188
10356,7.0625,972.7326
10357,7.0625,924.608
10358,7.0625,874.9153
10359,7.0625,823.684
10360,7.0625,771.03848
10361,7.0625,717.06868
10362,7.0625,661.8675
10363,7.078125,605.5297
10364,7.078125,548.1308
10365,7.078125,489.78992
10366,7.078125,430.60732
10367,7.078125,370.6625
10368,7.078125,310.08026
10369,7.078125,248.96472
10370,7.078125,187.421
10371,7.078125,125.53215
10372,7.078125,63.427264
10373,7.078125,1.2360985
10374,7.0625,-60.98006
10375,7.0625,-123.11409
10376,7.0625,-185.036068
10377,7.0625,-246.63936
10378,7.0625,-307.81784
10379,7.0625,-368.51056
10380,7.0625,-428.5457
10381,7.0625,-487.8422
10382,7.0625,-546.29784
10383,7.046875,-603.8329
10384,7.046875,-660.32636
10385,7.046875,-715.680836
10386,7.046875,-769.80092
10387,7.046875,-822.6123
10388,7.046875,-874.0038
10389,7.03125,-923.90468
10390,7.015625,-972.19216
10391,7.015625,-1018.8183
10392,7.015625,-1063.6846
10393,7.015625,-1106.7134
10394,7.015625,-1147.8452
10395,7.015625,-1186.9929
10396,7.0,-1224.0886
10397,7.0,-1259.0682
10398,7.0,-1291.883
10399,7.0,-1322.463
10400,7.0,-1350.7551
10401,7.0,-1376.7106
10402,6.984375,-1400.2926
10403,6.984375,-1421.4503
10404,6.984375,-1440.1474
10405,6.984375,-1456.3567
10406,6.984375,-1470.0383
10407,6.96875,-1481.1787
10408,6.96875,-1489.7556
10409,6.96875,-1495.7479
10410,6.96875,-1499.1498
10411,6.953125,-1499.9524
10412,6.953125,-1498.1533
10413,6.953125,-1493.7571
10414,6.953125,-1486.771
10415,6.953125,-1477.1994
10416,6.953125,-1465.0678
10417,6.9375,-1450.3883
10418,6.9375,-1433.1974
10419,6.9375,-1413.5046
10420,6.9375,-1391.3644
10421,6.9375,-1366.7988
10422,6.921875,-1339.8584
10423,6.921875,-1310.5898
10424,6.921875,-1279.0322
10425,6.921875,-1245.2632
10426,6.921875,-1209.317
10427,6.90625,-1171.2537
10428,6.90625,-1131.1674
10429,6.90625,-1089.0984
10430,6.90625,-1045.1505
10431,6.890625,-999.3514
10432,6.890625,-951.8119
10433,6.890625,-902.615
10434,6.890625,-851.8652
10435,6.890625,-799.5943
10436,6.875,-745.93
10437,6.875,-690.986
10438,6.875,-634.8182
10439,6.875,-577.5229
10440,6.875,-519.2204
10441,6.875,-460.01248
10442,6.859375,-400.0244
10443,6.859375,-339.29464
10444,6.859375,-277.97272
10445,6.859375,-216.16568
10446,6.859375,-153.9814
10447,6.84375,-91.50555
10448,6.84375,-28.892762
10449,6.84375,33.793328
10450,6.84375,96.420392
10451,6.828125,158.90182
10452,6.828125,221.10556
10453,6.828125,282.92282
10454,6.8125,344.2456
10455,6.8125,404.9888
10456,6.8125,465.02364
10457,6.8125,524.2452
10458,6.8125,582.5498
10459,6.796875,639.8562
10460,6.796875,696.04264
10461,6.796875,751.01084
10462,6.78125,804.6646
10463,6.78125,856.9286
10464,6.78125,907.6917
10465,6.78125,956.8649
10466,6.765625,1004.3621
10467,6.765625,1050.1164
10468,6.765625,1094.0302
10469,6.75,1136.041
10470,6.75,1176.045
10471,6.734375,1214.001
10472,6.734375,1249.8274
10473,6.734375,1283.4616
10474,6.71875,1314.8441
10475,6.71875,1343.9408
10476,6.71875,1370.6674
10477,6.703125,1394.9878
10478,6.703125,1416.8594
10479,6.6875,1436.257
10480,6.6875,1453.1242
10481,6.6875,1467.4385
10482,6.671875,1479.175
10483,6.671875,1488.319
10484,6.65625,1494.8425
10485,6.65625,1498.7384
10486,6.65625,1499.9994
10487,6.65625,1498.6216
10488,6.640625,1494.6073
10489,6.640625,1487.9607
10490,6.625,1478.6984
10491,6.625,1466.8298
10492,6.625,1452.3733
10493,6.609375,1435.3645
10494,6.59375,1415.8212
10495,6.578125,1393.7834
10496,6.578125,1369.2809
10497,6.578125,1342.3743
10498,6.578125,1313.0917
10499,6.5625,1281.4939
10500,6.546875,1247.6242
10501,6.53125,1211.5666
10502,6.53125,1173.3586
10503,6.515625,1133.0804
10504,6.515625,1090.7874
10505,6.5,1046.5848
10506,6.5,1000.5187
10507,6.484375,952.68584
10508,6.484375,903.1527
10509,6.46875,852.02376
10510,6.453125,799.4087
10511,6.453125,745.3424
10512,6.4375,689.9582
10513,6.421875,633.3748
10514,6.421875,575.6511
10515,6.421875,516.88808
10516,6.40625,457.232184
10517,6.390625,396.74572
10518,6.375,335.55724
10519,6.375,273.7525
10520,6.359375,211.48566
10521,6.359375,148.8218
10522,6.34375,85.89442
10523,6.34375,22.792052
10524,6.328125,-40.32782
10525,6.328125,-103.39912
10526,6.3125,-166.28718
10527,6.3125,-228.9032
10528,6.3125,-291.11328
10529,6.296875,-352.80712
10530,6.28125,-413.85332
10531,6.28125,-474.2096
10532,6.28125,-533.7243
10533,6.28125,-592.2918
10534,6.265625,-649.8082
10535,6.265625,-706.1917
10536,6.25,-761.321
10537,6.25,-815.09824
10538,6.25,-867.428
10539,6.25,-918.2353
10540,6.25,-967.410736
10541,6.234375,-1014.867
10542,6.234375,-1060.5195
10543,6.234375,-1104.3027
10544,6.234375,-1146.1221
10545,6.234375,-1185.903
10546,6.234375,-1223.5747
10547,6.21875,-1259.0828
10548,6.21875,-1292.35
10549,6.21875,-1323.3171
10550,6.21875,-1351.929
10551,6.21875,-1378.1528
10552,6.25,-1401.9122
10553,6.25,-1423.1747
10554,6.265625,-1441.9024
10555,6.265625,-1458.0674
10556,6.265625,-1471.6334
10557,6.28125,-1482.5801
10558,6.28125,-1490.8799
10559,6.296875,-1496.5238
10560,6.3125,-1499.4986
10561,6.3125,-1499.7987
10562,6.328125,-1497.4225
10563,6.328125,-1492.3735
10564,6.328125,-1484.6606
10565,6.359375,-1474.2936
10566,6.359375,-1461.2982
10567,6.375,-1445.6885
10568,6.375,-1427.4894
10569,6.375,-1406.7466
10570,6.40625,-1383.491
10571,6.40625,-1357.7449
10572,6.421875,-1329.5804
10573,6.4375,-1299.0394
10574,6.453125,-1266.1642
10575,6.453125,-1231.0239
10576,6.484375,-1193.6677
10577,6.5,-1154.1894
10578,6.5,-1112.6465
10579,6.515625,-1069.0812
10580,6.515625,-1023.61748
10581,6.546875,-976.3039
10582,6.546875,-927.2594
10583,6.578125,-876.518
10584,6.578125,-824.2243
10585,6.59375,-770.4346
10586,6.609375,-715.2637
10587,6.625,-658.81052
10588,6.640625,-601.1554
10589,6.65625,-542.44308
10590,6.65625,-482.73672
10591,6.6875,-422.14236
10592,6.703125,-360.8124
10593,6.71875,-298.8127
10594,6.734375,-236.2992
10595,6.75,-173.316268
10596,6.765625,-110.02198
10597,6.78125,-46.55291
10598,6.796875,17.02262
10599,6.8125,80.59042
10600,6.8125,144.01335
10601,6.828125,207.15466
10602,6.84375,269.94638
10603,6.875,332.27504
10604,6.875,394.00592
10605,6.890625,455.0061
10606,6.90625,515.2098
10607,6.90625,574.5076
10608,6.90625,632.7712
10609,6.9375,689.8954
10610,6.9375,745.7576
10611,6.9375,800.3169
10612,6.96875,853.4342
10613,6.96875,905.0139
10614,6.984375,954.96296
10615,7.0,1003.2085
10616,7.015625,1049.6452
10617,7.03125,1094.1893
10618,7.03125,1136.7606
10619,7.046875,1177.2965
10620,7.0625,1215.7082
10621,7.0625,1251.9137
10622,7.078125,1285.8738
10623,7.09375,1317.5248
10624,7.09375,1346.7966
10625,7.09375,1373.646
10626,7.109375,1398.0051
10627,7.125,1419.8472
10628,7.140625,1439.1238
10629,7.140625,1455.8
10630,7.15625,1469.8458
10631,7.15625,1481.2392
10632,7.171875,1489.9544
10633,7.1875,1495.9752
10634,7.1875,1499.2911
10635,7.203125,1499.8956
10636,7.203125,1497.7849
10637,7.21875,1492.9642
10638,7.21875,1485.4419
10639,7.21875,1475.2277
10640,7.21875,1462.3419
10641,7.25,1446.8022
10642,7.25,1428.6478
10643,7.25,1407.8984
10644,7.265625,1384.5978
10645,7.265625,1358.7784
10646,7.265625,1330.5056
10647,7.265625,1299.8103
10648,7.28125,1266.7579
10649,7.296875,1231.3955
10650,7.296875,1193.812
10651,7.296875,1154.0493
10652,7.296875,1112.1769
10653,7.296875,1068.3009
10654,7.296875,1022.48616
10655,7.3125,974.78104
10656,7.3125,925.3227
10657,7.3125,874.165168
10658,7.328125,821.4383
10659,7.328125,767.180336
10660,7.328125,711.547236
10661,7.328125,654.62116
10662,7.328125,596.4844
10663,7.328125,537.2628
10664,7.328125,477.042536
10665,7.34375,415.97608
10666,7.34375,354.13084
10667,7.34375,291.6411
10668,7.34375,228.598
10669,7.34375,165.1386
10670,7.34375,101.40127
10671,7.34375,37.43364
10672,7.34375,-26.57933
10673,7.34375,-90.56674
10674,7.34375,-154.38908
10675,7.34375,-217.930068
10676,7.34375,-281.09634
10677,7.34375,-343.74996
10678,7.34375,-405.7546
10679,7.34375,-467.063268
10680,7.34375,-527.5195
10681,7.34375,-586.9918
10682,7.34375,-645.4143
10683,7.34375,-702.679
10684,7.34375,-758.6406
10685,7.34375,-813.2368
10686,7.34375,-866.3478
10687,7.34375,-917.8945
10688,7.34375,-967.76352
10689,7.34375,-1015.847
10690,7.34375,-1062.0911
10691,7.34375,-1106.4097
10692,7.34375,-1148.7044
10693,7.34375,-1188.8982
10694,7.34375,-1226.9043
10695,7.34375,-1262.6926
10696,7.34375,-1296.1698
10697,7.34375,-1327.2746
10698,7.34375,-1355.9501
10699,7.328125,-1382.1526
10700,7.328125,-1405.8235
10701,7.328125,-1426.9193
10702,7.328125,-1445.4017
10703,7.328125,-1461.2418
10704,7.328125,-1474.4034
10705,7.328125,-1484.8626
10706,7.328125,-1492.6001
10707,7.328125,-1497.6032
10708,7.3125,-1499.8591
10709,7.3125,-1499.364
10710,7.3125,-1496.1185
10711,7.3125,-1490.1264
10712,7.3125,-1481.3989
10713,7.296875,-1469.9523
10714,7.28125,-1455.8075
10715,7.28125,-1438.9839
10716,7.265625,-1419.5099
10717,7.265625,-1397.4347
10718,7.265625,-1372.7927
10719,7.265625,-1345.619
10720,7.265625,-1315.9718
10721,7.265625,-1283.9055
10722,7.25,-1249.4667
10723,7.25,-1212.7294
10724,7.25,-1173.7614
10725,7.25,-1132.6342
10726,7.234375,-1089.4235
10727,7.234375,-1044.176
10728,7.234375,-997.02216
10729,7.21875,-948.033
10730,7.21875,-897.2804
10731,7.21875,-844.8748
10732,7.21875,-790.91292
10733,7.21875,-735.47424
10734,7.203125,-678.7002
10735,7.203125,-620.65496
10736,7.203125,-561.44448
10737,7.1875,-501.2198
10738,7.1875,-440.0712
10739,7.1875,-378.06704
10740,7.1875,-315.38736
10741,7.171875,-252.1033
10742,7.171875,-188.376568
10743,7.171875,-124.25671
10744,7.15625,-59.930184
10745,7.15625,4.529869
10746,7.15625,68.95869
10747,7.15625,133.3058
10748,7.15625,197.383792
10749,7.15625,261.1197
10750,7.140625,324.3505
10751,7.125,387.02636
10752,7.125,448.964432
10753,7.109375,510.094032
10754,7.09375,570.2588
10755,7.09375,629.4109
10756,7.09375,687.39776
10757,7.078125,744.0922
10758,7.078125,799.429568
10759,7.0625,853.30568
10760,7.0625,905.5827
10761,7.0625,956.2009
10762,7.046875,1005.04768
10763,7.046875,1052.0325
10764,7.03125,1097.084
10765,7.03125,1140.1014
10766,7.015625,1180.9913
10767,7.015625,1219.7198
10768,7.015625,1256.1856
10769,7.0,1290.3208
10770,7.0,1322.0622
10771,7.0,1351.351
10772,6.96875,1378.1416
10773,6.96875,1402.3736
10774,6.953125,1424.0023
10775,6.953125,1442.9934
10776,6.9375,1459.3036
10777,6.9375,1472.8983
10778,6.921875,1483.762
10779,6.921875,1491.8713
10780,6.90625,1497.2072
10781,6.890625,1499.7594
10782,6.890625,1499.5233
10783,6.875,1496.4978
10784,6.859375,1490.6882
10785,6.859375,1482.1051
10786,6.84375,1470.7645
10787,6.84375,1456.6824
10788,6.84375,1439.888
10789,6.828125,1420.4128
10790,6.8125,1398.2932
10791,6.8125,1373.5612
10792,6.796875,1346.2698
10793,6.78125,1316.4703
10794,6.765625,1284.2182
10795,6.75,1249.5607
10796,6.75,1212.5734
10797,6.734375,1173.3253
10798,6.71875,1131.8898
10799,6.703125,1088.3124
10800,6.703125,1042.7195
10801,6.671875,995.1811
10802,6.671875,945.78592
10803,6.65625,894.6079
10804,6.65625,841.7595
10805,6.640625,787.32008
10806,6.625,731.429568
10807,6.609375,674.153
10808,6.59375,615.6169
10809,6.59375,555.9093
10810,6.578125,495.1839
10811,6.5625,433.5114
10812,6.5625,371.00624
10813,6.546875,307.82922
10814,6.53125,244.07672
10815,6.515625,179.84514
10816,6.5,115.25424
10817,6.484375,50.47043
10818,6.484375,-14.430712
10819,6.46875,-79.30483
10820,6.453125,-144.03047
10821,6.453125,-208.5091
10822,6.4375,-272.57452
10823,6.421875,-336.17426
10824,6.40625,-399.12156
10825,6.390625,-461.32104
10826,6.390625,-522.6777
10827,6.375,-583.0542
10828,6.359375,-642.3583
10829,6.34375,-700.4368
10830,6.34375,-757.22184
10831,6.328125,-812.58608
10832,6.328125,-866.44432
10833,6.3125,-918.6757
10834,6.3125,-969.16472
10835,6.296875,-1017.8689
10836,6.28125,-1064.6444
10837,6.28125,-1109.4363
10838,6.265625,-1152.129
10839,6.25,-1192.6862
10840,6.25,-1231.0008
10841,6.25,-1266.9885
10842,6.234375,-1300.6072
10843,6.234375,-1331.7908
10844,6.21875,-1360.4588
10845,6.21875,-1386.5776
10846,6.21875,-1410.0874
10847,6.21875,-1430.944
10848,6.21875,-1449.114
10849,6.203125,-1464.5556
10850,6.203125,-1477.2394
10851,6.203125,-1487.1417
10852,6.203125,-1494.2458
10853,6.203125,-1498.5344
10854,6.203125,-1499.9995
10855,6.203125,-1498.6372
10856,6.203125,-1494.4492
10857,6.203125,-1487.4462
10858,6.203125,-1477.6366
10859,6.203125,-1465.0358
10860,6.203125,-1449.6706
10861,6.203125,-1431.5702
10862,6.203125,-1410.7686
10863,6.203125,-1387.2962
10864,6.21875,-1361.2044
10865,6.21875,-1332.5422
10866,6.21875,-1301.3754
10867,6.21875,-1267.7285
10868,6.234375,-1231.6862
10869,6.234375,-1193.3165
10870,6.234375,-1152.692
10871,6.25,-1109.8742
10872,6.25,-1064.9575
10873,6.265625,-1018.0272
10874,6.265625,-969.1546
10875,6.375,-918.4481
10876,6.375,-866.0037
10877,6.390625,-811.92068
10878,6.390625,-756.3014
10879,6.40625,-699.2307
10880,6.421875,-640.83608
10881,6.4375,-581.22796
10882,6.4375,-520.5193
10883,6.453125,-458.7814
10884,6.46875,-396.19568
10885,6.46875,-332.8592
10886,6.484375,-268.892
10887,6.5,-204.39264
10888,6.515625,-139.5057
10889,6.515625,-74.3314
10890,6.53125,-9.038923
10891,6.53125,56.293568
10892,6.5625,121.51923
10893,6.5625,186.53704
10894,6.578125,251.17806
10895,6.59375,315.36484
10896,6.609375,378.97496
10897,6.625,441.84304
10898,6.640625,503.872232
10899,6.65625,564.987
10900,6.65625,625.0066
10901,6.671875,683.8387
10902,6.6875,741.3912
10903,6.6875,797.53392
10904,6.703125,852.179
10905,6.71875,905.1843
10906,6.734375,956.4684
10907,6.734375,1005.96768
10908,6.75,1053.5352
10909,6.765625,1099.1135
10910,6.78125,1142.5842
10911,6.796875,1183.9088
10912,6.796875,1222.9642
10913,6.796875,1259.7035
10914,6.828125,1294.0306
10915,6.828125,1325.9153
10916,6.859375,1355.2716
10917,6.859375,1382.0348
10918,6.875,1406.1724
10919,6.875,1427.6288
10920,6.875,1446.3689
10921,6.890625,1462.344
10922,6.90625,1475.5349
10923,6.921875,1485.9134
10924,6.921875,1493.4524
10925,6.9375,1498.1427
10926,6.9375,1499.9724
10927,6.953125,1498.938
10928,6.96875,1495.0393
10929,6.96875,1488.284
10930,6.96875,1478.6848
10931,6.984375,1466.2602
10932,6.984375,1451.028
10933,7.0,1433.0211
10934,7.0,1412.2742
10935,7.015625,1388.8268
10936,7.015625,1362.714
10937,7.015625,1333.9938
10938,7.03125,1302.721
10939,7.03125,1268.9431
10940,7.046875,1232.7357
10941,7.046875,1194.1814
10942,7.046875,1153.3276
10943,7.0625,1110.2499
10944,7.078125,1065.0448
10945,7.078125,1017.7989
10946,7.078125,968.6027
10947,7.078125,917.5325
10948,7.09375,864.7029
10949,7.09375,810.21512
10950,7.09375,754.1739
10951,7.109375,696.6662
10952,7.109375,637.8217
10953,7.109375,577.75336
10954,7.109375,516.5764
10955,7.125,454.38644
10956,7.125,391.32396
10957,7.125,327.51008
10958,7.140625,263.0673
10959,7.140625,198.0967
10960,7.140625,132.74547
10961,7.140625,67.13916
10962,7.140625,1.4038497
10963,7.15625,-64.35703
10964,7.15625,-130.01697
10965,7.15625,-195.40402
10966,7.15625,-260.41536
10967,7.15625,-324.94828
10968,7.15625,-388.856
10969,7.15625,-452.01544
10970,7.15625,-514.3266
10971,7.15625,-575.6474
10972,7.15625,-635.85984
10973,7.171875,-694.8479
10974,7.171875,-752.5179
10975,7.171875,-808.7378
10976,7.171875,-863.39932
10977,7.171875,-916.4154
10978,7.171875,-967.647
10979,7.171875,-1017.0308
10980,7.171875,-1064.4697
10981,7.171875,-1109.8394
10982,7.171875,-1153.069
10983,7.171875,-1194.1029
10984,7.171875,-1232.8182
10985,7.171875,-1269.1547
10986,7.171875,-1303.0536
10987,7.171875,-1334.4365
10988,7.171875,-1363.2523
10989,7.171875,-1389.4254
10990,7.171875,-1412.9234
10991,7.171875,-1433.6913
10992,7.171875,-1451.689
10993,7.171875,-1466.8865
10994,7.171875,-1479.2438
10995,7.171875,-1488.7485
10996,7.171875,-1495.3727
10997,7.171875,-1499.1027
10998,7.171875,-1499.9337
10999,7.15625,-1497.8627
11000,7.15625,-1492.8911
11001,7.15625,-1485.0322
11002,7.15625,-1474.2956
11003,7.15625,-1460.6994
11004,7.15625,-1444.2789
11005,7.15625,-1425.0549
11006,7.15625,-1403.0779
11007,7.15625,-1378.366
11008,7.15625,-1350.9816
11009,7.15625,-1320.9777
11010,7.15625,-1288.4242
11011,7.15625,-1253.3492
11012,7.15625,-1215.8424
11013,7.140625,-1175.9907
11014,7.140625,-1133.8438
11015,7.140625,-1089.4812
11016,7.140625,-1043.0033
11017,7.140625,-994.51736
11018,7.140625,-944.0839
11019,7.140625,-891.7992
11020,7.140625,-837.7816
11021,7.125,-782.1363
11022,7.125,-724.9713
11023,7.125,-666.3977
11024,7.125,-606.5084
11025,7.125,-545.43992
11026,7.109375,-483.3109
11027,7.109375,-420.22016
11028,7.109375,-356.311868
11029,7.109375,-291.71028
11030,7.109375,-226.54114
11031,7.09375,-160.90846
11032,7.09375,-94.962492
11033,7.09375,-28.831642
11034,7.09375,37.355348
11035,7.078125,103.49244
11036,7.046875,169.42788
11037,7.03125,235.03324
11038,7.03125,300.18066
11039,7.03125,364.76544
11040,7.03125,428.639
11041,7.015625,491.6769
11042,7.015625,553.7561
11043,7.015625,614.7766
11044,7.0,674.5976
11045,7.0,733.1025
11046,7.0,790.177
11047,6.984375,845.7477
11048,6.984375,899.6477
11049,6.984375,951.79112
11050,6.96875,1002.0764
11051,6.96875,1050.4216
11052,6.953125,1096.7301
11053,6.953125,1140.8795
11054,6.953125,1182.8
11055,6.9375,1222.4228
11056,6.9375,1259.6682
11057,6.9375,1294.4375
11058,6.921875,1326.6762
11059,6.921875,1356.3308
11060,6.90625,1383.3406
11061,6.90625,1407.6343
11062,6.890625,1429.1741
11063,6.875,1447.9296
11064,6.875,1463.8435
11065,6.859375,1476.8915
11066,6.859375,1487.0512
11067,6.84375,1494.2972
11068,6.84375,1498.617
11069,6.84375,1499.9986
11070,6.828125,1498.4418
11071,6.8125,1493.945
11072,6.8125,1486.5204
11073,6.796875,1476.1774
11074,6.796875,1462.9435
11075,6.78125,1446.8295
11076,6.765625,1427.882
11077,6.75,1406.1252
11078,6.75,1381.617
11079,6.734375,1354.3786
11080,6.71875,1324.49
11081,6.71875,1291.9898
11082,6.703125,1256.9638
11083,6.703125,1219.4435
11084,6.6875,1179.5259
11085,6.671875,1137.3043
11086,6.65625,1092.833
11087,6.65625,1046.1966
11088,6.65625,997.51932
11089,6.640625,946.86332
11090,6.625,894.3445
11091,6.625,840.06632
11092,6.609375,784.1161
11093,6.59375,726.62216
11094,6.578125,667.7183
11095,6.578125,607.45904
11096,6.5625,546.0031
11097,6.546875,483.47156
11098,6.53125,420.0096
11099,6.53125,355.67632
11100,6.515625,290.64188
11101,6.5,225.03452
11102,6.5,158.98352
11103,6.484375,92.61913
11104,6.46875,26.049276
11105,6.453125,-40.571968
11106,6.453125,-107.11318
11107,6.4375,-173.46582
11108,6.421875,-239.47604
11109,6.40625,-305.01356
11110,6.390625,-369.92672
11111,6.390625,-434.154016
11112,6.375,-497.5237
11113,6.359375,-559.9105
11114,6.34375,-621.1914
11115,6.34375,-681.2655
11116,6.34375,-739.993
11117,6.328125,-797.2577
11118,6.3125,-852.9464
11119,6.3125,-906.96732
11120,6.3125,-959.1942
11121,6.296875,-1009.5237
11122,6.28125,-1057.8562
11123,6.28125,-1104.1118
11124,6.28125,-1148.1964
11125,6.265625,-1189.9929
11126,6.265625,-1229.4337
11127,6.25,-1266.4534
11128,6.25,-1300.9644
11129,6.25,-1332.8984
11130,6.25,-1362.1922
11131,6.234375,-1388.805
11132,6.234375,-1412.6555
11133,6.234375,-1433.7059
11134,6.234375,-1451.9143
11135,6.234375,-1467.2496
11136,6.21875,-1479.6785
11137,6.21875,-1489.1675
11138,6.21875,-1495.7029
11139,6.21875,-1499.2721
11140,6.21875,-1499.8651
11141,6.21875,-1497.4804
11142,6.234375,-1492.1233
11143,6.234375,-1483.8012
11144,6.234375,-1472.5276
11145,6.234375,-1458.3325
11146,6.234375,-1441.2408
11147,6.25,-1421.2718
11148,6.25,-1398.4844
11149,6.265625,-1372.908
11150,6.265625,-1344.6111
11151,6.28125,-1313.6306
11152,6.28125,-1280.0255
11153,6.28125,-1243.8854
11154,6.296875,-1205.2578
11155,6.296875,-1164.2312
11156,6.3125,-1120.8723
11157,6.328125,-1075.2969
11158,6.34375,-1027.5647
11159,6.34375,-977.78576
11160,6.34375,-926.0415
11161,6.375,-872.4702
11162,6.375,-817.141936
11163,6.375,-760.185236
11164,6.40625,-701.6932
11165,6.421875,-641.82224
11166,6.4375,-580.65108
11167,6.4375,-518.3004
11168,6.453125,-454.93716
11169,6.46875,-390.64444
11170,6.484375,-325.57208
11171,6.515625,-259.85
11172,6.515625,-193.58658
11173,6.53125,-126.93656
11174,6.546875,-60.055892
11175,6.5625,6.9904016
11176,6.5625,74.02273
11177,6.578125,140.88434
11178,6.59375,207.48724
11179,6.609375,273.698
11180,6.609375,339.3614
11181,6.625,404.32408
11182,6.640625,468.500436
11183,6.65625,531.7613
11184,6.65625,593.95792
11185,6.671875,654.966
11186,6.671875,714.6432
11187,6.6875,772.930368
11188,6.71875,829.66976
11189,6.71875,884.7477
11190,6.734375,938.0537
11191,6.734375,989.4985
11192,6.75,1038.9603
11193,6.765625,1086.3401
11194,6.765625,1131.543
11195,6.78125,1174.4924
11196,6.796875,1215.0867
11197,6.796875,1253.2444
11198,6.8125,1288.8772
11199,6.90625,1321.9487
11200,6.90625,1352.3774
11201,6.921875,1380.0816
11202,6.921875,1405.0162
11203,6.9375,1427.1386
11204,6.953125,1446.3952
11205,6.953125,1462.7473
11206,6.96875,1476.1621
11207,6.96875,1486.6158
11208,6.984375,1494.0823
11209,6.984375,1498.5465
11210,7.0,1499.9995
11211,7.0,1498.4374
11212,7.015625,1493.8601
11213,7.015625,1486.2799
11214,7.015625,1475.7113
11215,7.03125,1462.1702
11216,7.03125,1445.687
11217,7.03125,1426.2948
11218,7.03125,1404.0245
11219,7.046875,1378.9274
11220,7.046875,1351.0536
11221,7.046875,1320.4596
11222,7.0625,1287.1948
11223,7.0625,1251.3367
11224,7.0625,1212.9573
11225,7.078125,1172.1194
11226,7.078125,1128.9334
11227,7.078125,1083.4569
11228,7.09375,1035.7793
11229,7.09375,986.02904
11230,7.09375,934.2907
11231,7.09375,880.63168
11232,7.09375,825.2136
11233,7.09375,768.11096
11234,7.109375,709.47768
11235,7.109375,649.39232
11236,7.109375,587.9747
11237,7.109375,525.3906
11238,7.109375,461.724
11239,7.109375,397.1245
11240,7.109375,331.70038
11241,7.125,265.62814
11242,7.125,198.99656
11243,7.125,131.96266
11244,7.125,64.63909
11245,7.125,-2.7923632
11246,7.125,-70.241032
11247,7.125,-137.57039
11248,7.125,-204.598576
11249,7.125,-271.23532
11250,7.125,-337.300668
11251,7.125,-402.7277
11252,7.125,-467.33884
11253,7.125,-530.9819
11254,7.125,-593.57084
11255,7.125,-654.978
11256,7.125,-715.037236
11257,7.125,-773.6675
11258,7.125,-830.7293
11259,7.125,-886.1071
11260,7.125,-939.706336
11261,7.125,-991.399232
11262,7.125,-1041.081
11263,7.125,-1088.6509
11264,7.125,-1134.0272
11265,7.125,-1177.1016
11266,7.125,-1217.7864
11267,7.125,-1256.0116
11268,7.125,-1291.6737
11269,7.125,-1324.7245
11270,7.125,-1355.0844
11271,7.125,-1382.7004
11272,7.125,-1407.5057
11273,7.125,-1429.4501
11274,7.109375,-1448.4885
11275,7.109375,-1464.5876
11276,7.109375,-1477.7076
11277,7.109375,-1487.8218
11278,7.109375,-1494.9076
11279,7.109375,-1498.9564
11280,7.109375,-1499.9541
11281,7.109375,-1497.8988
11282,7.109375,-1492.7943
11283,7.109375,-1484.6481
11284,7.109375,-1473.4779
11285,7.109375,-1459.3063
11286,7.109375,-1442.156
11287,7.09375,-1422.0663
11288,7.09375,-1399.078
11289,7.09375,-1373.2382
11290,7.09375,-1344.5992
11291,7.09375,-1313.2086
11292,7.09375,-1279.1396
11293,7.09375,-1242.4617
11294,7.09375,-1203.2495
11295,7.09375,-1161.5542
11296,7.09375,-1117.5018
11297,7.078125,-1071.1687
11298,7.078125,-1022.6493
11299,7.078125,-972.0252
11300,7.078125,-919.39776
11301,7.078125,-864.910032
11302,7.078125,-808.6559
11303,7.078125,-750.7303
11304,7.078125,-691.25
11305,7.0625,-630.37684
11306,7.0625,-568.21532
11307,7.0625,-504.871
11308,7.0625,-440.47224
11309,7.0625,-375.194168
11310,7.046875,-309.14884
11311,7.046875,-242.42606
11312,7.046875,-175.22954
11313,7.046875,-107.65157
11314,7.046875,-39.876032
11315,7.03125,28.003992
11316,7.03125,95.82667
11317,7.03125,163.49861
11318,7.03125,230.79002
11319,7.03125,297.6537
11320,7.03125,363.86256
11321,7.015625,429.37012
11322,7.015625,493.9972
11323,7.015625,557.61124
11324,7.0,620.08184
11325,7.0,681.32168
11326,7.0,741.1226
11327,7.0,799.4425
11328,7.0,856.0831
11329,6.984375,911.004736
11330,6.984375,964.05552
11331,6.984375,1015.1269
11332,6.96875,1064.1459
11333,6.96875,1110.946
11334,6.953125,1155.465
11335,6.953125,1197.6389
11336,6.953125,1237.3501
11337,6.953125,1274.5171
11338,6.9375,1309.0412
11339,6.9375,1340.9182
11340,6.9375,1370.0158
11341,6.921875,1396.313
11342,6.921875,1419.7204
11343,6.921875,1440.2216
11344,6.921875,1457.7573
11345,6.90625,1472.2916
11346,6.890625,1483.7877
11347,6.890625,1492.2422
11348,6.875,1497.6177
11349,6.875,1499.9099
11350,6.859375,1499.1114
11351,6.859375,1495.2226
11352,6.859375,1488.2511
11353,6.84375,1478.2113
11354,6.84375,1465.1236
11355,6.828125,1449.0155
11356,6.828125,1429.9059
11357,6.8125,1407.8601
11358,6.8125,1382.894
11359,6.796875,1355.0729
11360,6.796875,1324.4542
11361,6.78125,1291.1012
11362,6.703125,1255.1078
11363,6.6875,1216.4732
11364,6.671875,1175.3522
11365,6.65625,1131.7745
11366,6.65625,1085.8888
11367,6.65625,1037.6953
11368,6.640625,987.388
11369,6.625,935.0396
11370,6.625,880.75824
11371,6.609375,824.65608
11372,6.609375,766.80976
11373,6.578125,707.4165
11374,6.578125,646.51952
11375,6.5625,584.2842
11376,6.5625,520.83936
11377,6.546875,456.3164
11378,6.546875,390.8488
11379,6.515625,324.52748
11380,6.515625,257.57852
11381,6.5,190.05098
11382,6.484375,122.12949
11383,6.46875,53.954852
11384,6.46875,-14.33163
11385,6.453125,-82.5884
11386,6.453125,-150.67398
11387,6.4375,-218.49254
11388,6.421875,-285.81264
11389,6.40625,-352.5848
11390,6.40625,-418.62516
11391,6.390625,-483.79656
11392,6.375,-547.96384
11393,6.375,-610.9938
11394,6.359375,-672.7555
11395,6.34375,-733.160768
11396,6.34375,-792.0423
11397,6.34375,-849.23984
11398,6.328125,-904.711232
11399,6.3125,-958.3023
11400,6.3125,-1009.93552
11401,6.3125,-1059.4344
11402,6.296875,-1106.7317
11403,6.28125,-1151.7578
11404,6.28125,-1194.3592
11405,6.28125,-1234.5044
11406,6.265625,-1272.0803
11407,6.265625,-1307.0088
11408,6.25,-1339.2172
11409,6.25,-1368.6571
11410,6.25,-1395.228
11411,6.25,-1418.9102
11412,6.25,-1439.6354
11413,6.25,-1457.3496
11414,6.25,-1472.0396
11415,6.234375,-1483.6687
11416,6.234375,-1492.1972
11417,6.234375,-1497.6158
11418,6.234375,-1499.9136
11419,6.234375,-1499.084
11420,6.234375,-1495.1262
11421,6.25,-1488.0486
11422,6.25,-1477.8656
11423,6.25,-1464.5988
11424,6.25,-1448.2638
11425,6.25,-1428.9166
11426,6.25,-1406.5876
11427,6.25,-1381.3057
11428,6.25,-1353.1373
11429,6.265625,-1322.1416
11430,6.265625,-1288.383
11431,6.28125,-1251.9328
11432,6.28125,-1212.8394
11433,6.28125,-1171.2368
11434,6.28125,-1127.157
11435,6.296875,-1080.7504
11436,6.3125,-1032.0524
11437,6.3125,-981.1949
11438,6.3125,-928.2845
11439,6.3125,-873.3946
11440,6.328125,-816.71332
11441,6.34375,-758.283568
11442,6.359375,-698.3057
11443,6.359375,-636.8254
11444,6.375,-574.0108
11445,6.390625,-509.993632
11446,6.40625,-444.9079
11447,6.40625,-378.8458
11448,6.421875,-312.03366
11449,6.4375,-244.522632
11450,6.453125,-176.54406
11451,6.453125,-108.14998
11452,6.46875,-39.528996
11453,6.484375,29.174916
11454,6.484375,97.81761
11455,6.5,166.3006
11456,6.515625,234.38904
11457,6.515625,302.03058
11458,6.53125,369.03764
11459,6.546875,435.26948
11460,6.5625,500.5869
11461,6.578125,564.8528
11462,6.578125,627.93208
11463,6.578125,689.69224
11464,6.609375,750.0433
11465,6.625,808.8165
11466,6.625,865.85112
11467,6.625,921.10296
11468,6.65625,974.451936
11469,6.65625,1025.7152
11470,6.671875,1074.8207
11471,6.671875,1121.6655
11472,6.6875,1166.1796
11473,6.703125,1208.2373
11474,6.71875,1247.7247
11475,6.71875,1284.6348
11476,6.734375,1318.8137
11477,6.734375,1350.2148
11478,6.75,1378.772
11479,6.765625,1404.441
11480,6.765625,1427.1481
11481,6.78125,1446.833
11482,6.78125,1463.4805
11483,6.796875,1477.0414
11484,6.8125,1487.4869
11485,6.8125,1494.7992
11486,6.828125,1498.9529
11487,6.828125,1499.9447
11488,6.84375,1497.7711
11489,6.84375,1492.4342
11490,6.859375,1483.9453
11491,6.859375,1472.3225
11492,6.859375,1457.5796
11493,6.859375,1439.7671
11494,6.875,1418.9138
11495,6.890625,1395.0474
11496,6.890625,1368.2306
11497,6.890625,1338.5205
11498,6.90625,1306.0023
11499,6.90625,1270.6772
11500,6.921875,1232.6878
11501,6.921875,1192.0914
11502,6.921875,1148.9447
11503,6.9375,1103.3961
11504,6.9375,1055.4817
11505,6.9375,1005.3323
11506,6.9375,953.053936
11507,6.953125,898.7576
11508,6.953125,842.5202
11509,6.953125,784.5355
11510,6.953125,724.8493
11511,6.96875,663.66736
11512,6.96875,601.0381
11513,6.96875,537.13448
11514,6.96875,472.09196
11515,6.984375,406.00436
11516,6.984375,339.09936
11517,6.984375,271.47536
11518,6.984375,203.2304
11519,6.984375,134.55394
11520,6.984375,65.59182
11521,7.0,-3.50957216
11522,7.0,-72.60351
11523,7.0,-141.5433
11524,7.0,-210.2279
11525,7.0,-278.4206
11526,7.0,-346.0667
11527,7.0,-412.97708
11528,7.0,-479.0095
11529,7.0,-544.02356
11530,7.0,-607.8811
11531,7.0,-670.4463
11532,7.0,-731.626036
11533,7.0,-791.20952
11534,7.0,-849.1487
11535,7.0,-905.2802
11536,7.0,-959.48456
11537,7.0,-1011.6464
11538,7.0,-1061.6547
11539,7.0,-1109.4031
11540,7.0,-1154.819
11541,7.0,-1197.7732
11542,7.0,-1238.1484
11543,7.0,-1275.9121
11544,7.0,-1310.956
11545,7.0,-1343.2057
11546,7.0,-1372.592
11547,7.0,-1399.0692
11548,7.0,-1422.56
11549,7.0,-1443.0022
11550,7.0,-1460.379
11551,7.0,-1474.6387
11552,7.0,-1485.751
11553,7.0,-1493.692
11554,7.0,-1498.4472
11555,7.0,-1499.9996
11556,7.0,-1498.3485
11557,7.0,-1493.495
11558,7.0,-1485.4559
11559,7.0,-1474.2379
11560,7.0,-1459.8586
11561,7.0,-1442.3677
11562,7.0,-1421.7942
11563,7.0,-1398.1654
11564,7.0,-1371.563
11565,6.984375,-1342.0089
11566,6.984375,-1309.5829
11567,6.984375,-1274.3541
11568,6.984375,-1236.3983
11569,6.984375,-1195.7689
11570,6.984375,-1152.6064
11571,6.984375,-1106.9465
11572,6.984375,-1058.9469
11573,6.984375,-1008.6473
11574,6.984375,-956.1862
11575,6.984375,-901.6762
11576,6.984375,-845.2341
11577,6.984375,-786.9417
11578,6.96875,-727.0008
11579,6.96875,-665.4611
11580,6.96875,-602.49344
11581,6.96875,-538.2759
11582,6.96875,-472.8613
11583,6.96875,-406.3881
11584,6.96875,-339.08636
11585,6.96875,-271.05704
11586,6.953125,-202.40074
11587,6.953125,-133.30962
11588,6.953125,-63.977788
11589,6.953125,5.5828624
11590,6.953125,75.04007
11591,6.953125,144.38182
11592,6.953125,213.4587
11593,6.9375,282.03134
11594,6.9375,350.0426
11595,6.9375,417.30076
11596,6.9375,483.6179
11597,6.9375,548.9811
11598,6.9375,613.0782
11599,6.9375,675.93976
11600,6.921875,737.3054
11601,6.921875,797.12368
11602,6.921875,855.18712
11603,6.921875,911.44712
11604,6.90625,965.74384
11605,6.90625,1017.96
11606,6.90625,1067.9835
11607,6.90625,1115.7062
11608,6.90625,1161.0546
11609,6.890625,1203.8712
11610,6.890625,1244.12
11611,6.890625,1281.6853
11612,6.890625,1316.486
11613,6.875,1348.4469
11614,6.875,1377.4993
11615,6.875,1403.5804
11616,6.859375,1426.6481
11617,6.859375,1446.6223
11618,6.859375,1463.4863
11619,6.84375,1477.1973
11620,6.84375,1487.7019
11621,6.84375,1495.005
11622,6.828125,1499.0716
11623,6.828125,1499.9038
11624,6.8125,1497.4948
11625,6.8125,1491.8467
11626,6.796875,1482.972
11627,6.796875,1470.8904
11628,6.796875,1455.6274
11629,6.78125,1437.2167
11630,6.78125,1415.6975
11631,6.765625,1391.0996
11632,6.765625,1363.5084
11633,6.75,1332.9473
11634,6.75,1299.5226
11635,6.734375,1263.238
11636,6.734375,1224.2406
11637,6.71875,1182.5923
11638,6.703125,1138.383
11639,6.703125,1091.6771
11640,6.6875,1042.6371
11641,6.6875,991.30472
11642,6.671875,937.82296
11643,6.671875,882.307568
11644,6.65625,824.879
11645,6.65625,765.6225
11646,6.640625,704.74416
11647,6.625,642.3376
11648,6.625,578.496
11649,6.625,513.3984
11650,6.625,447.2297
11651,6.59375,380.002784
11652,6.59375,311.99444
11653,6.578125,243.263552
11654,6.578125,174.09474
11655,6.546875,104.457084
11656,6.53125,34.592344
11657,6.515625,-35.347608
11658,6.515625,-105.21071
11659,6.5,-174.84508
11660,6.5,-244.09932
11661,6.484375,-312.86764
11662,6.46875,-380.91064
11663,6.46875,-448.1692
11664,6.453125,-514.4092
11665,6.453125,-579.57292
11666,6.4375,-643.4751
11667,6.4375,-706.016836
11668,6.421875,-766.98032
11669,6.421875,-826.312436
11670,6.40625,-883.76936
11671,6.390625,-939.3763
11672,6.390625,-992.9357
11673,6.375,-1044.3308
11674,6.375,-1093.4494
11675,6.375,-1140.2144
11676,6.375,-1184.4626
11677,6.359375,-1226.1555
11678,6.359375,-1265.1476
11679,6.359375,-1301.382
11680,6.34375,-1334.8005
11681,6.34375,-1365.3058
11682,6.34375,-1392.8312
11683,6.34375,-1417.3316
11684,6.34375,-1438.7214
11685,6.328125,-1456.982
11686,6.328125,-1472.0498
11687,6.328125,-1483.9114
11688,6.328125,-1492.5299
11689,6.328125,-1497.8867
11690,6.328125,-1499.9698
11691,6.328125,-1498.7732
11692,6.328125,-1494.3006
11693,6.34375,-1486.5563
11694,6.34375,-1475.5671
11695,6.34375,-1461.3429
11696,6.34375,-1443.9209
11697,6.359375,-1423.3391
11698,6.359375,-1399.6427
11699,6.375,-1372.8649
11700,6.375,-1343.0995
11701,6.375,-1310.3726
11702,6.390625,-1274.7986
11703,6.40625,-1236.4092
11704,6.40625,-1195.3104
11705,6.421875,-1151.5926
11706,6.421875,-1105.3516
11707,6.4375,-1056.6235
11708,6.4375,-1005.6422
11709,6.4375,-952.42192
11710,6.453125,-897.14872
11711,6.46875,-839.8719
11712,6.46875,-780.7523
11713,6.484375,-719.9198
11714,6.484375,-657.50776
11715,6.5,-593.6111
11716,6.515625,-528.4532
11717,6.515625,-462.04876
11718,6.53125,-394.71624
11719,6.53125,-326.47308
11720,6.546875,-257.5127
11721,6.5625,-187.9866
11722,6.5625,-118.04751
11723,6.5625,-47.75757
11724,6.578125,22.54601
11725,6.578125,92.84574
11726,6.59375,162.89574
11727,6.609375,232.6331
11728,6.609375,301.90356
11729,6.609375,370.46472
11730,6.640625,438.210936
11731,6.640625,505.03632
11732,6.65625,570.7493
11733,6.671875,635.2052
11734,6.671875,698.2215
11735,6.6875,759.74136
11736,6.703125,819.626036
11737,6.71875,877.6661
11738,6.71875,933.773
11739,6.71875,987.8576
11740,6.734375,1039.7636
11741,6.734375,1089.3764
11742,6.75,1136.5566
11743,6.765625,1181.2618
11744,6.765625,1223.3883
11745,6.78125,1262.7883
11746,6.78125,1299.4036
11747,6.796875,1333.1948
11748,6.796875,1364.0001
11749,6.8125,1391.8142
11750,6.8125,1416.5548
11751,6.8125,1438.1671
11752,6.828125,1456.6035
11753,6.828125,1471.8322
11754,6.84375,1483.7996
11755,6.84375,1492.4994
11756,6.84375,1497.8898
11757,6.859375,1499.9728
11758,6.859375,1498.739
11759,6.859375,1494.1913
11760,6.875,1486.3334
11761,6.890625,1475.193
11762,6.890625,1460.7908
11763,6.890625,1443.1334
11764,6.890625,1422.3058
11765,6.90625,1398.3002
11766,6.90625,1371.2316
11767,6.90625,1341.09
11768,6.90625,1307.9977
11769,6.921875,1272.0095
11770,6.921875,1233.1788
11771,6.921875,1191.6142
11772,6.921875,1147.4081
11773,6.9375,1100.6582
11774,6.9375,1051.4682
11775,6.9375,999.9471
11776,6.9375,946.1737
11777,6.953125,890.33688
11778,6.953125,832.4881
11779,6.953125,772.7914
11780,6.953125,711.3792
11781,6.953125,648.38792
11782,6.953125,583.95732
11783,6.953125,518.23048
11784,6.953125,451.309668
11785,6.96875,383.38564
11786,6.96875,314.6543
11787,6.96875,245.13414
11788,6.96875,175.15936
11789,6.984375,104.70442
11790,6.984375,34.107984
11791,6.984375,-36.655692
11792,6.984375,-107.33779
11793,6.984375,-177.73554
11794,6.984375,-247.7834
11795,6.984375,-317.32452
11796,6.984375,-386.07008
11797,6.984375,-454.044736
11798,6.984375,-520.92176
11799,6.984375,-586.7252
11800,6.984375,-651.2212
11801,6.984375,-714.2257
11802,6.984375,-775.6798
11803,6.984375,-835.44332
11804,6.984375,-893.2693
11805,6.984375,-949.178064
11806,6.984375,-1002.9349
11807,6.984375,-1054.4568
11808,6.984375,-1103.6598
11809,6.984375,-1150.4004
11810,6.984375,-1194.5462
11811,6.984375,-1236.0819
11812,6.984375,-1274.8319
11813,6.984375,-1310.7596
11814,6.984375,-1343.718
11815,6.984375,-1373.719
11816,6.984375,-1400.6508
11817,6.984375,-1424.4531
11818,6.984375,-1445.0607
11819,6.984375,-1462.4642
11820,6.984375,-1476.588
11821,6.984375,-1487.4188
11822,6.984375,-1494.9146
11823,6.96875,-1499.078
11824,6.96875,-1499.8877
11825,6.96875,-1497.3422
11826,6.96875,-1491.4468
11827,6.96875,-1482.2151
11828,6.96875,-1469.6675
11829,6.96875,-1453.8208
11830,6.96875,-1434.731
11831,6.96875,-1412.416
11832,6.96875,-1386.9375
11833,6.96875,-1358.3716
11834,6.96875,-1326.7455
11835,6.96875,-1292.1244
11836,6.96875,-1254.6301
11837,6.96875,-1214.2988
11838,6.96875,-1171.2726
11839,6.96875,-1125.5924
11840,6.96875,-1077.3877
11841,6.953125,-1026.8
11842,6.953125,-973.87748
11843,6.953125,-918.734464
11844,6.953125,-861.5657
11845,6.953125,-802.42584
11846,6.953125,-741.52376
11847,6.953125,-678.9177
11848,6.953125,-614.787
11849,6.953125,-549.2756
11850,6.953125,-482.53064
11851,6.953125,-414.65808
11852,6.9375,-345.89764
11853,6.9375,-276.3154
11854,6.9375,-206.15718
11855,6.9375,-135.49038
11856,6.9375,-64.51893
11857,6.921875,6.597611
11858,6.921875,77.69932
11859,6.921875,148.67186
11860,6.921875,219.26438
11861,6.921875,289.40876
11862,6.921875,358.8571
11863,6.921875,427.54232
11864,6.90625,495.264984
11865,6.90625,561.8725
11866,6.90625,627.2149
11867,6.90625,691.1858
11868,6.90625,753.558836
11869,6.890625,814.2737
11870,6.890625,873.11552
11871,6.890625,930.0275
11872,6.890625,984.8428
11873,6.890625,1037.4378
11874,6.875,1087.694
11875,6.875,1135.5278
11876,6.875,1180.7986
11877,6.875,1223.4038
11878,6.875,1263.2228
11879,6.859375,1300.2166
11880,6.859375,1334.2754
11881,6.859375,1365.3224
11882,6.84375,1393.2874
11883,6.84375,1418.137
11884,6.84375,1439.7516
11885,6.84375,1458.1268
11886,6.828125,1473.1979
11887,6.828125,1484.9498
11888,6.828125,1493.3454
11889,6.8125,1498.3679
11890,6.8125,1499.9994
11891,6.8125,1498.2383
11892,6.796875,1493.091
11893,6.796875,1484.5621
11894,6.78125,1472.6737
11895,6.78125,1457.4525
11896,6.765625,1438.9328
11897,6.765625,1417.1565
11898,6.75,1392.1731
11899,6.75,1364.0008
11900,6.75,1332.7758
11901,6.734375,1298.5116
11902,6.734375,1261.3049
11903,6.734375,1221.2401
11904,6.71875,1178.4078
11905,6.703125,1132.9054
11906,6.703125,1084.804
11907,6.6875,1034.2412
11908,6.6875,981.36648
11909,6.671875,926.1959
11910,6.671875,868.99584
11911,6.65625,809.787968
11912,6.65625,748.7031
11913,6.640625,685.958
11914,6.640625,621.6565
11915,6.640625,555.8595
11916,6.625,488.884568
11917,6.609375,420.75648
11918,6.609375,351.6725
11919,6.59375,281.7895
11920,6.578125,211.26636
11921,6.578125,140.21768
11922,6.578125,68.89576
11923,6.578125,-2.6742268
11924,6.546875,-74.14668
11925,6.546875,-145.49624
11926,6.53125,-216.51486
11927,6.515625,-287.04092
11928,6.515625,-356.95852
11929,6.515625,-426.0192
11930,6.5,-494.110768
11931,6.484375,-561.16324
11932,6.484375,-626.8528
11933,6.484375,-691.1977
11934,6.484375,-753.8871
11935,6.453125,-814.938336
11936,6.4375,-874.09392
11937,6.4375,-931.29452
11938,6.421875,-986.3367
11939,6.421875,-1039.1984
11940,6.421875,-1089.624
11941,6.40625,-1137.6277
11942,6.40625,-1182.9772
11943,6.40625,-1225.685
11944,6.390625,-1265.5696
11945,6.390625,-1302.5904
11946,6.390625,-1336.6162
11947,6.375,-1367.6312
11948,6.375,-1395.4857
11949,6.375,-1420.1871
11950,6.375,-1441.6161
11951,6.359375,-1459.7784
11952,6.359375,-1474.603
11953,6.359375,-1486.05
11954,6.359375,-1494.1076
11955,6.359375,-1498.7489
11956,6.359375,-1499.9635
11957,6.359375,-1497.7461
11958,6.359375,-1492.1092
11959,6.359375,-1483.0513
11960,6.359375,-1470.6073
11961,6.359375,-1454.7898
11962,6.359375,-1435.6416
11963,6.359375,-1413.2068
11964,6.359375,-1387.5368
11965,6.359375,-1358.6708
11966,6.359375,-1326.733
11967,6.359375,-1291.7153
11968,6.359375,-1253.7367
11969,6.375,-1212.9111
11970,6.375,-1169.28
11971,6.375,-1122.9385
11972,6.375,-1074.0832
11973,6.390625,-1022.7023
11974,6.390625,-969.0089
11975,6.390625,-913.0943
11976,6.390625,-855.0491
11977,6.40625,-795.0414
11978,6.40625,-733.2488
11979,6.421875,-669.69352
11980,6.421875,-604.6412
11981,6.421875,-538.15824
11982,6.4375,-470.52556
11983,6.4375,-401.7261
11984,6.453125,-332.00344
11985,6.453125,-261.5178
11986,6.453125,-190.43116
11987,6.46875,-118.90688
11988,6.46875,-47.10935
11989,6.484375,24.842218
11990,6.484375,96.69094
11991,6.5,168.36294
11992,6.5,239.60236
11993,6.515625,310.3359
11994,6.515625,380.355384
11995,6.53125,449.54332
11996,6.53125,517.6526
11997,6.546875,584.61284
11998,6.546875,650.1437
11999,6.5625,714.2609
12000,6.5625,776.7325
12001,6.5625,837.4146
12002,6.578125,896.16732
12003,6.578125,952.8906
12004,6.59375,1007.38184
12005,6.59375,1059.552
12006,6.609375,1109.2811
12007,6.609375,1156.4836
12008,6.609375,1201.0183
12009,6.609375,1242.7822
12010,6.625,1281.6793
12011,6.640625,1317.6416
12012,6.640625,1350.5403
12013,6.640625,1380.3416
12014,6.6875,1406.9385
12015,6.6875,1430.3037
12016,6.703125,1450.365
12017,6.703125,1467.0763
12018,6.703125,1480.3989
12019,6.71875,1490.3072
12020,6.71875,1496.766
12021,6.71875,1499.7682
12022,6.71875,1499.3032
12023,6.71875,1495.3714
12024,6.71875,1487.9813
12025,6.734375,1477.1499
12026,6.734375,1462.9022
12027,6.734375,1445.2589
12028,6.734375,1424.2831
12029,6.75,1399.997
12030,6.75,1372.4873
12031,6.75,1341.783
12032,6.75,1307.9716
12033,6.75,1271.1311
12034,6.75,1231.3473
12035,6.75,1188.6841
12036,6.75,1143.2944
12037,6.75,1095.2258
12038,6.75,1044.651
12039,6.75,991.622464
12040,6.765625,936.2948
12041,6.765625,878.7591
12042,6.765625,819.2216
12043,6.765625,757.7453
12044,6.765625,694.5503
12045,6.765625,629.70336
12046,6.765625,563.437
12047,6.765625,495.820984
12048,6.765625,427.01004
12049,6.765625,357.25096
12050,6.765625,286.6625
12051,6.765625,215.3632
12052,6.75,143.6089
12053,6.75,71.475464
12054,6.75,-0.8241239
12055,6.75,-73.12179
12056,6.75,-145.24948
12057,6.75,-217.039552
12058,6.75,-288.3251
12059,6.75,-359.02936
12060,6.75,-428.80916
12061,6.75,-497.63544
12062,6.75,-565.26104
12063,6.75,-631.65576
12064,6.75,-696.5379
12065,6.75,-759.7989
12066,6.734375,-821.2915
12067,6.734375,-880.9467
12068,6.734375,-938.475
12069,6.734375,-993.8532
12070,6.734375,-1046.8827
12071,6.734375,-1097.538
12072,6.734375,-1145.6028
12073,6.734375,-1190.9979
12074,6.734375,-1233.6436
12075,6.734375,-1273.4106
12076,6.734375,-1310.1842
12077,6.734375,-1343.9452
12078,6.734375,-1374.5297
12079,6.734375,-1401.9272
12080,6.734375,-1426.0679
12081,6.734375,-1446.8648
12082,6.734375,-1464.2855
12083,6.734375,-1478.3052
12084,6.734375,-1488.8555
12085,6.71875,-1495.9353
12086,6.71875,-1499.5202
12087,6.71875,-1499.6017
12088,6.71875,-1496.1765
12089,6.734375,-1489.2567
12090,6.71875,-1478.8578
12091,6.734375,-1464.9841
12092,6.734375,-1447.7031
12093,6.734375,-1427.0117
12094,6.734375,-1403.0104
12095,6.734375,-1375.6946
12096,6.734375,-1345.177
12097,6.734375,-1311.5127
12098,6.734375,-1274.7564
12099,6.734375,-1235.0143
12100,6.734375,-1192.3796
12101,6.734375,-1146.9522
12102,6.734375,-1098.8382
12103,6.734375,-1048.1508
12104,6.75,-994.974
12105,6.75,-939.4996
12106,6.75,-881.7876
12107,6.75,-822.00776
12108,6.75,-760.3001
12109,6.75,-696.8096
12110,6.75,-631.6849
12111,6.75,-565.07876
12112,6.75,-497.10424
12113,6.75,-428.00644
12114,6.75,-357.860384
12115,6.75,-286.8291
12116,6.75,-215.21408
12117,6.765625,-143.00322
12118,6.765625,-70.547616
12119,6.765625,2.1650012
12120,6.765625,74.826808
12121,6.765625,147.35846
12122,6.765625,219.54368
12123,6.765625,291.21274
12124,6.765625,362.1971
12125,6.765625,432.373784
12126,6.765625,501.4464
12127,6.765625,569.4262
12128,6.765625,636.0242
12129,6.78125,701.167236
12130,6.78125,764.6598
12131,6.78125,826.3523
12132,6.78125,886.0995
12133,6.78125,943.7965
12134,6.78125,999.2006
12135,6.78125,1052.3209
12136,6.78125,1102.9608
12137,6.78125,1150.9717
12138,6.78125,1196.3008
12139,6.765625,1238.836
12140,6.765625,1278.4238
12141,6.765625,1314.9985
12142,6.765625,1348.4736
12143,6.765625,1378.7884
12144,6.765625,1405.8335
12145,6.765625,1429.5788
12146,6.765625,1449.9506
12147,6.765625,1466.9099
12148,6.765625,1480.3886
12149,6.75,1490.3882
12150,6.75,1496.863
12151,6.75,1499.8064
12152,6.75,1499.2057
12153,6.75,1495.0663
12154,6.75,1487.3926
12155,6.734375,1476.1963
12156,6.734375,1461.5178
12157,6.734375,1443.3734
12158,6.734375,1421.8435
12159,6.71875,1396.9246
12160,6.71875,1368.7008
12161,6.71875,1337.2388
12162,6.71875,1302.6132
12163,6.703125,1264.881
12164,6.703125,1224.2056
12165,6.703125,1180.5808
12166,6.6875,1134.1894
12167,6.6875,1085.0831
12168,6.6875,1033.4065
12169,6.6875,979.28184
12170,6.671875,922.83748
12171,6.671875,864.169536
12172,6.671875,803.49064
12173,6.65625,740.9085
12174,6.65625,676.5712
12175,6.65625,610.5894
12176,6.65625,543.1594
12177,6.640625,474.4411
12178,6.578125,404.59756
12179,6.578125,333.74976
12180,6.578125,262.15444
12181,6.5625,189.8919
12182,6.5625,117.224072
12183,6.5625,44.232456
12184,6.546875,-28.864206
12185,6.546875,-101.89233
12186,6.53125,-174.67846
12187,6.53125,-247.09496
12188,6.515625,-318.87916
12189,6.515625,-389.9503
12190,6.515625,-460.050668
12191,6.5,-529.1014
12192,6.5,-596.894
12193,6.5,-663.2673
12194,6.484375,-728.06352
12195,6.484375,-791.16752
12196,6.46875,-852.3502
12197,6.46875,-911.54264
12198,6.46875,-968.53
12199,6.46875,-1023.2479
12200,6.46875,-1075.5297
12201,6.453125,-1125.251
12202,6.453125,-1172.2932
12203,6.453125,-1216.5983
12204,6.453125,-1257.9497
12205,6.453125,-1296.3294
12206,6.453125,-1331.5978
12207,6.4375,-1363.7152
12208,6.4375,-1392.5818
12209,6.4375,-1418.1289
12210,6.4375,-1440.2958
12211,6.4375,-1459.0504
12212,6.4375,-1474.3016
12213,6.4375,-1486.0448
12214,6.4375,-1494.2372
12215,6.4375,-1498.8695
12216,6.4375,-1499.9246
12217,6.4375,-1497.397
12218,6.4375,-1491.296
12219,6.4375,-1481.6288
12220,6.4375,-1468.4302
12221,6.4375,-1451.7153
12222,6.4375,-1431.5314
12223,6.4375,-1407.9265
12224,6.4375,-1380.9573
12225,6.4375,-1350.6879
12226,6.453125,-1317.1908
12227,6.453125,-1280.4985
12228,6.453125,-1240.7899
12229,6.453125,-1198.0886
12230,6.46875,-1152.5502
12231,6.46875,-1104.1956
12232,6.46875,-1053.2282
12233,6.46875,-999.740864
12234,6.46875,-943.8615
12235,6.484375,-885.6498
12236,6.5,-825.39024
12237,6.5,-763.11648
12238,6.5,-699.0145
12239,6.515625,-633.2379
12240,6.515625,-565.94432
12241,6.515625,-497.25184
12242,6.515625,-427.4104
12243,6.53125,-356.5006
12244,6.53125,-284.73572
12245,6.546875,-212.28784
12246,6.546875,-139.37634
12247,6.5625,-66.03948
12248,6.5625,7.4102045
12249,6.5625,80.84212
12250,6.5625,154.12566
12251,6.578125,227.03904
12252,6.578125,299.40716
12253,6.59375,371.0562
12254,6.59375,441.7704
12255,6.59375,511.511
12256,6.609375,579.97944
12257,6.609375,647.0962
12258,6.625,712.6167
12259,6.625,776.50416
12260,6.640625,838.4461
12261,6.640625,898.4111
12262,6.640625,956.2158
12263,6.640625,1011.7212
12264,6.65625,1064.8259
12265,6.65625,1115.3364
12266,6.65625,1163.194
12267,6.65625,1208.2508
12268,6.671875,1250.3988
12269,6.671875,1289.5364
12270,6.6875,1325.5691
12271,6.6875,1358.4105
12272,6.6875,1387.9988
12273,6.6875,1414.2257
12274,6.703125,1437.061
12275,6.703125,1456.4321
12276,6.703125,1472.2924
12277,6.703125,1484.6035
12278,6.71875,1493.3358
12279,6.71875,1498.4683
12280,6.71875,1499.9884
12281,6.71875,1497.8881
12282,6.71875,1492.1772
12283,6.734375,1482.8555
12284,6.734375,1469.9685
12285,6.734375,1453.5154
12286,6.734375,1433.5632
12287,6.734375,1410.1511
12288,6.75,1383.3176
12289,6.75,1353.1611
12290,6.75,1319.7168
12291,6.75,1283.0594
12292,6.75,1243.349
12293,6.75,1200.5826
12294,6.75,1154.9406
12295,6.75,1106.5074
12296,6.75,1055.3678
12297,6.75,1001.6746
12298,6.75,945.5933
12299,6.765625,887.1531
12300,6.765625,826.6018
12301,6.765625,764.0506
12302,6.765625,699.65064
12303,6.765625,633.5163
12304,6.765625,565.8896
12305,6.765625,496.85052
12306,6.765625,426.60772
12307,6.765625,355.28696
12308,6.765625,283.19436
12309,6.765625,210.32586
12310,6.765625,136.99278
12311,6.765625,63.32784
12312,6.765625,-10.536304
12313,6.765625,-84.37489
12314,6.765625,-158.0088
12315,6.75,-231.3047
12316,6.75,-303.9492
12317,6.75,-375.945968
12318,6.75,-446.986016
12319,6.75,-516.98484
12320,6.75,-585.686
12321,6.75,-653.0076
12322,6.75,-718.7434
12323,6.75,-782.772736
12324,6.75,-844.8608
12325,6.75,-904.93352
12326,6.75,-962.73552
12327,6.75,-1018.2697
12328,6.75,-1071.3278
12329,6.75,-1121.7808
12330,6.75,-1169.506
12331,6.75,-1214.4143
12332,6.75,-1256.341
12333,6.75,-1295.2358
12334,6.734375,-1330.9352
12335,6.734375,-1363.4402
12336,6.734375,-1392.6258
12337,6.734375,-1418.4209
12338,6.734375,-1440.7626
12339,6.734375,-1459.6072
12340,6.734375,-1474.8854
12341,6.734375,-1486.579
12342,6.734375,-1494.645
12343,6.75,-1499.0736
12344,6.75,-1499.8482
12345,6.75,-1496.9666
12346,6.75,-1490.4359
12347,6.75,-1480.2646
12348,6.75,-1466.4999
12349,6.75,-1449.1411
12350,6.75,-1428.2594
12351,6.75,-1403.8801
12352,6.75,-1376.0744
12353,6.75,-1344.9102
12354,6.75,-1310.4635
12355,6.75,-1272.7942
12356,6.75,-1232.0408
12357,6.75,-1188.2244
12358,6.75,-1141.5603
12359,6.75,-1092.0786
12360,6.75,-1039.9284
12361,6.75,-985.2367
12362,6.75,-928.13748
12363,6.75,-868.733
12364,6.765625,-807.2416
12365,6.765625,-743.7377
12366,6.765625,-678.45496
12367,6.765625,-611.47252
12368,6.765625,-542.994
12369,6.765625,-473.18696
12370,6.765625,-402.2222
12371,6.765625,-330.184
12372,6.765625,-257.42616
12373,6.765625,-183.99302
12374,6.78125,-110.15482
12375,6.78125,-36.001356
12376,6.78125,38.240316
12377,6.78125,112.3883
12378,6.78125,186.260976
12379,6.78125,259.76756
12380,6.78125,332.54688
12381,6.78125,404.5557
12382,6.78125,475.52884
12383,6.78125,545.3797
12384,6.78125,613.9347
12385,6.78125,680.941168
12386,6.78125,746.27748
12387,6.78125,809.822
12388,6.78125,871.34048
12389,6.78125,930.7936
12390,6.78125,987.8892
12391,6.78125,1042.5947
12392,6.78125,1094.74
12393,6.78125,1144.2263
12394,6.78125,1190.8714
12395,6.78125,1234.6182
12396,6.78125,1275.305
12397,6.78125,1312.9044
12398,6.78125,1347.2316
12399,6.78125,1378.2682
12400,6.78125,1405.916
12401,6.78125,1430.1207
12402,6.78125,1450.7932
12403,6.78125,1467.908
12404,6.78125,1481.409
12405,6.78125,1491.2632
12406,6.78125,1497.4435
12407,6.765625,1499.9428
12408,6.765625,1498.7467
12409,6.765625,1493.8611
12410,6.765625,1485.2915
12411,6.765625,1473.0609
12412,6.765625,1457.2103
12413,6.765625,1437.7463
12414,6.75,1414.7645
12415,6.75,1388.2652
12416,6.75,1358.3594
12417,6.75,1325.1054
12418,6.75,1288.5618
12419,6.734375,1248.8382
12420,6.734375,1206.0327
12421,6.734375,1160.2508
12422,6.734375,1111.6365
12423,6.734375,1060.2173
12424,6.71875,1006.2123
12425,6.71875,949.6888
12426,6.703125,890.85544
12427,6.703125,829.74744
12428,6.6875,766.66536
12429,6.6875,701.6103
12430,6.6875,634.9025
12431,6.6875,566.5855
12432,6.671875,496.825236
12433,6.671875,425.87984
12434,6.671875,353.83764
12435,6.65625,280.9201
12436,6.65625,207.307568
12437,6.65625,133.18218
12438,6.65625,58.72729
12439,6.640625,-15.918654
12440,6.640625,-90.47947
12441,6.625,-164.86196
12442,6.625,-238.79088
12443,6.625,-312.2186
12444,6.609375,-384.783536
12445,6.609375,-456.48376
12446,6.609375,-526.96624
12447,6.59375,-596.229
12448,6.59375,-664.0131
12449,6.59375,-730.11052
12450,6.578125,-794.4383
12451,6.578125,-856.79584
12452,6.578125,-917.02856
12453,6.578125,-975.02184
12454,6.5625,-1030.5276
12455,6.5625,-1083.5441
12456,6.5625,-1133.8401
12457,6.546875,-1181.3524
12458,6.546875,-1225.9314
12459,6.546875,-1267.4664
12460,6.546875,-1305.8542
12461,6.53125,-1341.02
12462,6.53125,-1372.8151
12463,6.53125,-1401.2382
12464,6.53125,-1426.1778
12465,6.53125,-1447.5598
12466,6.515625,-1465.3573
12467,6.515625,-1479.5193
12468,6.515625,-1489.988
12469,6.515625,-1496.7631
12470,6.515625,-1499.8118
12471,6.515625,-1499.1304
12472,6.515625,-1494.7212
12473,6.515625,-1486.5898
12474,6.515625,-1474.7583
12475,6.515625,-1459.2454
12476,6.515625,-1440.1213
12477,6.515625,-1417.387
12478,6.515625,-1391.1374
12479,6.515625,-1361.406
12480,6.515625,-1328.303
12481,6.515625,-1291.8704
12482,6.515625,-1252.2184
12483,6.515625,-1209.4183
12484,6.515625,-1163.6295
12485,6.515625,-1114.9407
12486,6.515625,-1063.4734
12487,6.515625,-1009.3218
12488,6.515625,-952.65176
12489,6.515625,-893.60456
12490,6.53125,-832.3658
12491,6.53125,-768.97408
12492,6.53125,-703.7016
12493,6.53125,-636.6318
12494,6.53125,-568.0139
12495,6.546875,-497.93552
12496,6.546875,-426.61316
12497,6.546875,-354.26952
12498,6.546875,-280.99692
12499,6.5625,-206.97698
12500,6.5625,-132.48491
12501,6.5625,-57.61613
12502,6.5625,17.350996
12503,6.578125,92.320468
12504,6.578125,167.059
12505,6.609375,241.37968
12506,6.609375,315.0966
12507,6.609375,388.0696
12508,6.625,460.02712
12509,6.625,530.8768
12510,6.625,600.31304
12511,6.625,668.33152
12512,6.625,734.6764
12513,6.640625,799.18115
12514,6.640625,861.6846
12515,6.640625,922.0662
12516,6.640625,980.1011
12517,6.640625,1035.7145
12518,6.65625,1088.6996
12519,6.65625,1138.988
12520,6.65625,1186.4204
12521,6.65625,1230.8779
12522,6.65625,1272.2492
12523,6.65625,1310.4526
12524,6.65625,1345.3458
12525,6.65625,1376.9022
12526,6.65625,1404.9657
12527,6.65625,1429.52
12528,6.65625,1450.4856
12529,6.671875,1467.8098
12530,6.671875,1481.4492
12531,6.671875,1491.3743
12532,6.671875,1497.5482
12533,6.671875,1499.9628
12534,6.671875,1498.6091
12535,6.671875,1493.4891
12536,6.671875,1484.6151
12537,6.671875,1472.0007
12538,6.671875,1455.6929
12539,6.671875,1435.7128
12540,6.671875,1412.1351
12541,6.671875,1384.9905
12542,6.671875,1354.38
12543,6.671875,1320.3435
12544,6.671875,1282.9606
12545,6.671875,1242.3707
12546,6.671875,1198.6543
12547,6.671875,1151.892
12548,6.671875,1102.2583
12549,6.65625,1049.7854
12550,6.65625,994.7327
12551,6.65625,937.14088
12552,6.65625,877.18776
12553,6.65625,815.02456
12554,6.65625,750.768
12555,6.65625,684.617536
12556,6.65625,616.78176
12557,6.65625,547.3492
12558,6.65625,476.535868
12559,6.640625,404.52036
12560,6.640625,331.48436
12561,6.640625,257.61216
12562,6.640625,183.04458
12563,6.640625,108.0147
12564,6.625,32.75777
12565,6.625,-42.627564
12566,6.625,-117.90523
12567,6.625,-192.88508
12568,6.625,-267.37778
12569,6.625,-341.2397
12570,6.609375,-414.19468
12571,6.609375,-486.14676
12572,6.609375,-556.8695
12573,6.609375,-626.18396
12574,6.609375,-693.8743
12575,6.609375,-759.8911
12576,6.59375,-823.945536
12577,6.59375,-885.916432
12578,6.59375,-945.6825
12579,6.59375,-1003.0542
12580,6.59375,-1057.8861
12581,6.59375,-1110.0397
12582,6.578125,-1159.3536
12583,6.578125,-1205.7902
12584,6.578125,-1249.1448
12585,6.578125,-1289.3601
12586,6.578125,-1326.2853
12587,6.578125,-1359.872
12588,6.578125,-1390.0112
12589,6.578125,-1416.627
12590,6.578125,-1439.6515
12591,6.578125,-1459.0266
12592,6.578125,-1474.7113
12593,6.578125,-1486.6472
12594,6.578125,-1494.8181
12595,6.578125,-1499.1951
12596,6.578125,-1499.7671
12597,6.578125,-1496.5325
12598,6.578125,-1489.4996
12599,6.578125,-1478.6864
12600,6.578125,-1464.1101
12601,6.578125,-1445.8257
12602,6.578125,-1423.857
12603,6.59375,-1398.2704
12604,6.59375,-1369.1304
12605,6.59375,-1336.5114
12606,6.59375,-1300.496
12607,6.59375,-1261.1758
12608,6.59375,-1218.6242
12609,6.59375,-1173.0006
12610,6.609375,-1124.3661
12611,6.609375,-1072.8708
12612,6.609375,-1018.64608
12613,6.609375,-961.7945
12614,6.609375,-902.566032
12615,6.625,-840.9682
12616,6.625,-777.26732
12617,6.625,-711.54868
12618,6.625,-644.01748
12619,6.640625,-574.84576
12620,6.640625,-504.20976
12621,6.640625,-432.245536
12622,6.640625,-359.26784
12623,6.65625,-285.2862
12624,6.65625,-210.6223
12625,6.65625,-135.37628
12626,6.65625,-59.785004
12627,6.671875,15.958741
12628,6.671875,91.66179
12629,6.671875,167.17656
12630,6.671875,242.17408
12631,6.6875,316.64424
12632,6.6875,390.30584
12633,6.6875,462.97076
12634,6.6875,534.4108
12635,6.703125,604.5717
12636,6.703125,673.14608
12637,6.703125,740.0015
12638,6.703125,804.96744
12639,6.703125,867.9153
12640,6.71875,928.6442
12641,6.71875,986.9646
12642,6.71875,1042.7977
12643,6.71875,1095.9962
12644,6.71875,1146.3598
12645,6.734375,1193.8203
12646,6.734375,1238.1734
12647,6.734375,1279.4127
12648,6.734375,1317.3772
12649,6.734375,1351.9697
12650,6.734375,1383.084
12651,6.734375,1410.6934
12652,6.734375,1434.6743
12653,6.75,1454.994
12654,6.75,1471.5763
12655,6.75,1484.3984
12656,6.75,1493.412
12657,6.75,1498.6051
12658,6.75,1499.9578
12659,6.75,1497.4638
12660,6.75,1491.1326
12661,6.75,1480.9728
12662,6.75,1467.0224
12663,6.75,1449.301
12664,6.75,1427.8749
12665,6.75,1402.7733
12666,6.75,1374.0724
12667,6.734375,1341.8256
12668,6.734375,1306.1542
12669,6.71875,1267.1069
12670,6.71875,1224.831
12671,6.71875,1179.3842
12672,6.71875,1130.9077
12673,6.71875,1079.526
12674,6.703125,1025.3711
12675,6.703125,968.5472
12676,6.703125,909.2685
12677,6.703125,847.61632
12678,6.703125,783.8231
12679,6.6875,717.97616
12680,6.6875,650.28252
12681,6.6875,580.9164
12682,6.6875,510.05616
12683,6.671875,437.84028
12684,6.671875,364.54132
12685,6.671875,290.2599
12686,6.65625,215.27626
12687,6.65625,139.6934
12688,6.65625,63.750816
12689,6.65625,-12.355934
12690,6.65625,-88.43087
12691,6.640625,-164.32358
12692,6.640625,-239.74746
12693,6.640625,-314.59872
12694,6.625,-388.5947
12695,6.625,-461.6335
12696,6.625,-533.48224
12697,6.625,-603.95544
12698,6.609375,-672.8716
12699,6.609375,-740.1326
12700,6.609375,-805.4036
12701,6.609375,-868.63544
12702,6.59375,-929.5891
12703,6.59375,-988.1806
12704,6.59375,-1044.2213
12705,6.59375,-1097.5666
12706,6.578125,-1148.0788
12707,6.578125,-1195.6829
12708,6.578125,-1240.1415
12709,6.578125,-1281.4227
12710,6.578125,-1319.3705
12711,6.5625,-1353.9324
12712,6.5625,-1384.9951
12713,6.5625,-1412.4939
12714,6.5625,-1436.3247
12715,6.5625,-1456.4545
12716,6.5625,-1472.807
12717,6.5625,-1485.3598
12718,6.5625,-1494.069
12719,6.5625,-1498.9124
12720,6.5625,-1499.8773
12721,6.546875,-1496.9614
12722,6.546875,-1490.167
12723,6.546875,-1479.512
12724,6.546875,-1465.034
12725,6.546875,-1446.7533
12726,6.546875,-1424.7246
12727,6.546875,-1399.005
12728,6.546875,-1369.6611
12729,6.5625,-1336.7692
12730,6.5625,-1300.3914
12731,6.5625,-1260.6406
12732,6.5625,-1217.6468
12733,6.5625,-1171.4416
12734,6.5625,-1122.2551
12735,6.5625,-1070.1293
12736,6.5625,-1015.194
12737,6.5625,-957.6578
12738,6.578125,-897.6377
12739,6.578125,-835.2133
12740,6.578125,-770.6961
12741,6.578125,-704.1394
12742,6.578125,-635.7543
12743,6.578125,-565.7182
12744,6.578125,-494.16984
12745,6.59375,-421.380568
12746,6.59375,-347.4971
12747,6.59375,-272.6212
12748,6.59375,-197.126452
12749,6.609375,-121.02853
12750,6.609375,-44.70707
12751,6.609375,31.77624
12752,6.625,108.222592
12753,6.625,184.341808
12754,6.625,260.02686
12755,6.625,335.035
12756,6.640625,409.17108
12757,6.640625,482.24204
12758,6.640625,554.0152
12759,6.640625,624.4312
12760,6.640625,693.17928
12761,6.640625,760.1624
12762,6.65625,825.1263
12763,6.65625,888.0161
12764,6.65625,948.5179
12765,6.65625,1006.6185
12766,6.65625,1062.0281
12767,6.671875,1114.7342
12768,6.671875,1164.5032
12769,6.671875,1211.264
12770,6.671875,1254.8645
12771,6.671875,1295.1907
12772,6.671875,1332.1374
12773,6.671875,1365.6083
12774,6.671875,1395.5158
12775,6.671875,1421.7821
12776,6.671875,1444.3511
12777,6.671875,1463.1367
12778,6.6875,1478.1124
12779,6.6875,1489.2323
12780,6.6875,1496.4507
12781,6.6875,1499.7661
12782,6.6875,1499.162
12783,6.6875,1494.6384
12784,6.6875,1486.2058
12785,6.6875,1473.8943
12786,6.6875,1457.7218
12787,6.6875,1437.7234
12788,6.6875,1413.9908
12789,6.6875,1386.5296
12790,6.6875,1355.457
12791,6.6875,1320.8392
12792,6.6875,1282.7432
12793,6.6875,1241.2881
12794,6.671875,1196.6101
12795,6.671875,1148.7435
12796,6.671875,1097.8965
12797,6.671875,1044.1744
12798,6.671875,987.718
12799,6.671875,928.63932
12800,6.671875,867.16328
12801,6.671875,803.3778
12802,6.671875,737.48616
12803,6.65625,669.62
12804,6.65625,600.08016
12805,6.65625,528.8832
12806,6.65625,456.34156
12807,6.65625,382.55932
12808,6.65625,307.8177
12809,6.65625,232.223824
12810,6.65625,156.02042
12811,6.65625,79.36174
12812,6.640625,2.5402946
12813,6.640625,-74.28783
12814,6.640625,-150.92094
12815,6.640625,-227.203168
12816,6.640625,-302.8883
12817,6.640625,-377.77748
12818,6.625,-451.6302
12819,6.625,-524.3832
12820,6.625,-595.7145
12821,6.625,-665.52124
12822,6.625,-733.537
12823,6.625,-799.66376
12824,6.625,-863.6866
12825,6.625,-925.40092
12826,6.625,-984.7178
12827,6.609375,-1041.4767
12828,6.609375,-1095.4608
12829,6.609375,-1146.5923
12830,6.59375,-1194.6754
12831,6.59375,-1239.6412
12832,6.59375,-1281.3414
12833,6.59375,-1319.6662
12834,6.59375,-1354.4951
12835,6.59375,-1385.7952
12836,6.59375,-1413.4249
12837,6.59375,-1437.3445
12838,6.59375,-1457.4625
12839,6.59375,-1473.7496
12840,6.59375,-1486.15
12841,6.59375,-1494.6307
12842,6.59375,-1499.1697
12843,6.59375,-1499.7539
12844,6.59375,-1496.3811
12845,6.59375,-1489.0563
12846,6.59375,-1477.8074
12847,6.59375,-1462.6509
12848,6.59375,-1443.6321
12849,6.609375,-1420.8015
12850,6.609375,-1394.2192
12851,6.609375,-1363.9364
12852,6.609375,-1330.0691
12853,6.609375,-1292.6664
12854,6.609375,-1251.8716
12855,6.609375,-1207.744
12856,6.625,-1160.4236
12857,6.625,-1110.0354
12858,6.625,-1056.7128
12859,6.625,-1000.52824
12860,6.625,-941.7636
12861,6.625,-880.4724
12862,6.625,-816.88904
12863,6.625,-751.1065
12864,6.640625,-683.3359
12865,6.640625,-613.75668
12866,6.640625,-542.553
12867,6.640625,-469.869784
12868,6.65625,-395.94144
12869,6.65625,-320.9639
12870,6.65625,-245.181
12871,6.65625,-168.70364
12872,6.65625,-91.77927
12873,6.65625,-14.611662
12874,6.671875,62.594653
12875,6.671875,139.72626
12876,6.671875,216.39614
12877,6.6875,292.53744
12878,6.6875,367.85828
12879,6.6875,442.24802
12880,6.6875,515.50744
12881,6.6875,587.35544
12882,6.703125,657.64524
12883,6.703125,726.2303
12884,6.703125,792.8474
12885,6.703125,857.43616
12886,6.703125,919.672368
12887,6.703125,979.503264
12888,6.71875,1036.7324
12889,6.71875,1091.2392
12890,6.71875,1142.8143
12891,6.71875,1191.3816
12892,6.71875,1236.7808
12893,6.71875,1278.8908
12894,6.71875,1317.5779
12895,6.71875,1352.7849
12896,6.71875,1384.4121
12897,6.71875,1412.3379
12898,6.734375,1436.5077
12899,6.734375,1456.8792
12900,6.734375,1473.35
12901,6.734375,1485.9087
12902,6.734375,1494.5114
12903,6.734375,1499.1348
12904,6.734375,1499.7667
12905,6.734375,1496.4024
12906,6.734375,1489.0546
12907,6.734375,1477.7345
12908,6.734375,1462.4751
12909,6.734375,1443.3174
12910,6.734375,1420.3121
12911,6.734375,1393.521
12912,6.71875,1363.015
12913,6.71875,1328.8546
12914,6.71875,1291.171
12915,6.71875,1249.9949
12916,6.71875,1205.5334
12917,6.71875,1157.8292
12918,6.71875,1107.0352
12919,6.71875,1053.2865
12920,6.71875,996.6926
12921,6.703125,937.4714
12922,6.703125,875.711
12923,6.703125,811.6109
12924,6.703125,745.342036
12925,6.703125,677.0817
12926,6.703125,607.01224
12927,6.6875,535.32084
12928,6.6875,462.1556
12929,6.6875,387.798216
12930,6.6875,312.35986
12931,6.6875,236.08594
12932,6.671875,159.18045
12933,6.671875,81.84911
12934,6.671875,4.2988416
12935,6.671875,-73.26293
12936,6.671875,-150.67427
12937,6.65625,-227.63682
12938,6.65625,-304.03522
12939,6.65625,-379.61936
12940,6.65625,-454.18676
12941,6.65625,-527.58056
12942,6.640625,-599.47576
12943,6.640625,-669.84924
12944,6.640625,-738.3867
12945,6.640625,-804.985136
12946,6.625,-869.4252
12947,6.625,-931.5339
12948,6.625,-991.1447
12949,6.625,-1048.0979
12950,6.625,-1102.2406
12951,6.609375,-1153.457
12952,6.609375,-1201.5494
12953,6.609375,-1246.4456
12954,6.609375,-1287.9955
12955,6.609375,-1326.0875
12956,6.609375,-1360.6196
12957,6.609375,-1391.5161
12958,6.59375,-1418.6428
12959,6.59375,-1441.9908
12960,6.59375,-1461.463
12961,6.59375,-1476.9992
12962,6.59375,-1488.5758
12963,6.59375,-1496.1549
12964,6.59375,-1499.706
12965,6.59375,-1499.2282
12966,6.59375,-1494.7198
12967,6.59375,-1486.1879
12968,6.59375,-1473.6653
12969,6.59375,-1457.1709
12970,6.59375,-1436.7555
12971,6.59375,-1412.4584
12972,6.59375,-1384.3914
12973,6.59375,-1352.5638
12974,6.59375,-1317.1142
12975,6.59375,-1278.0964
12976,6.59375,-1235.6352
12977,6.59375,-1189.8732
12978,6.59375,-1140.8794
12979,6.59375,-1088.7806
12980,6.59375,-1033.7782
12981,6.59375,-975.956
12982,6.59375,-915.5739
12983,6.59375,-852.6528
12984,6.59375,-787.43176
12985,6.609375,-720.0869
12986,6.609375,-650.7998
12987,6.609375,-579.715
12988,6.609375,-507.151068
12989,6.609375,-433.13304
12990,6.640625,-357.98988
12991,6.640625,-281.83612
12992,6.640625,-204.92132
12993,6.640625,-127.453152
12994,6.640625,-49.6408
12995,6.640625,28.351378
12996,6.640625,106.221252
12997,6.65625,183.80426
12998,6.65625,260.89092
12999,6.65625,337.3177
13000,6.65625,412.832436
13001,6.65625,487.231136
13002,6.65625,560.3125
13003,6.65625,631.9206
13004,6.65625,701.7777
13005,6.65625,769.7768
13006,6.65625,835.6543
13007,6.671875,899.3091
13008,6.671875,960.5297
13009,6.671875,1019.1504
13010,6.671875,1075.0126
13011,6.671875,1127.995
13012,6.671875,1177.8922
13013,6.671875,1224.6278
13014,6.671875,1268.0202
13015,6.671875,1308.0026
13016,6.671875,1344.4404
13017,6.671875,1377.235
13018,6.671875,1406.2974
13019,6.671875,1431.5624
13020,6.6875,1452.9319
13021,6.6875,1470.3732
13022,6.6875,1483.8186
13023,6.671875,1493.2472
13024,6.671875,1498.6244
13025,6.671875,1499.9352
13026,6.671875,1497.1747
13027,6.671875,1490.3468
13028,6.671875,1479.4783
13029,6.671875,1464.5859
13030,6.671875,1445.7276
13031,6.671875,1422.9321
13032,6.671875,1396.2717
13033,6.671875,1365.8186
13034,6.671875,1331.6344
13035,6.65625,1293.8288
13036,6.65625,1252.5299
13037,6.65625,1207.8016
13038,6.65625,1159.8179
13039,6.65625,1108.6527
13040,6.65625,1054.4402
13041,6.65625,997.39084
13042,6.65625,937.6292
13043,6.65625,875.28048
13044,6.65625,810.587136
13045,6.640625,743.61
13046,6.640625,674.6876
13047,6.640625,603.88852
13048,6.640625,531.4453
13049,6.625,457.55508
13050,6.625,382.374816
13051,6.625,306.1523
13052,6.625,229.14049
13053,6.625,151.45924
13054,6.609375,73.36516
13055,6.609375,-4.9289204
13056,6.609375,-83.20956
13057,6.609375,-161.26338
13058,6.59375,-238.92282
13059,6.59375,-315.93024
13060,6.59375,-392.03128
13061,6.578125,-467.1507
13062,6.578125,-540.9083
13063,6.578125,-613.23332
13064,6.578125,-683.9256
13065,6.578125,-752.7096
13066,6.578125,-819.43932
13067,6.578125,-884.0069
13068,6.578125,-946.0852
13069,6.5625,-1005.6156
13070,6.5625,-1062.3984
13071,6.5625,-1116.2786
13072,6.5625,-1167.1088
13073,6.546875,-1214.7771
13074,6.546875,-1259.0975
13075,6.546875,-1300.0236
13076,6.546875,-1337.3479
13077,6.546875,-1371.0368
13078,6.546875,-1400.9755
13079,6.546875,-1427.0818
13080,6.546875,-1449.2963
13081,6.546875,-1467.5322
13082,6.546875,-1481.7539
13083,6.546875,-1491.9319
13084,6.546875,-1498.0144
13085,6.546875,-1499.9994
13086,6.546875,-1497.8765
13087,6.546875,-1491.6465
13088,6.546875,-1481.3341
13089,6.546875,-1466.9553
13090,6.546875,-1448.5663
13091,6.546875,-1426.1818
13092,6.546875,-1399.9154
13093,6.546875,-1369.7778
13094,6.546875,-1335.922
13095,6.5625,-1298.3616
13096,6.5625,-1257.2622
13097,6.5625,-1212.6887
13098,6.5625,-1164.8153
13099,6.5625,-1113.6868
13100,6.5625,-1059.5625
13101,6.578125,-1002.4651
13102,6.578125,-942.68384
13103,6.578125,-880.2438
13104,6.578125,-815.4231
13105,6.578125,-748.3244
13106,6.59375,-679.1692
13107,6.59375,-608.14748
13108,6.59375,-535.45448
13109,6.609375,-461.28992
13110,6.609375,-385.85768
13111,6.609375,-309.32022
13112,6.609375,-231.976932
13113,6.625,-153.95058
13114,6.625,-75.5463636
13115,6.640625,3.1570118
13116,6.640625,81.805984
13117,6.640625,160.22988
13118,6.640625,238.2129
13119,6.65625,315.58528
13120,6.65625,392.04412
13121,6.65625,467.46788
13122,6.65625,541.6039
13123,6.65625,614.248
13124,6.671875,685.20016
13125,6.671875,754.3044
13126,6.671875,821.25184
13127,6.671875,886.0135
13128,6.671875,948.3317
13129,6.6875,1008.0348
13130,6.6875,1064.9255
13131,6.6875,1118.9437
13132,6.6875,1169.844
13133,6.703125,1217.5181
13134,6.703125,1261.8345
13135,6.703125,1302.6937
13136,6.703125,1339.9562
13137,6.703125,1373.5006
13138,6.71875,1403.2733
13139,6.71875,1429.1857
13140,6.71875,1451.1358
13141,6.71875,1469.0885
13142,6.71875,1482.9667
13143,6.71875,1492.7642
13144,6.71875,1498.4352
13145,6.71875,1499.9644
13146,6.71875,1497.3472
13147,6.71875,1490.5911
13148,6.71875,1479.7147
13149,6.71875,1464.7383
13150,6.71875,1445.7204
13151,6.71875,1422.6919
13152,6.71875,1395.7261
13153,6.71875,1364.8977
13154,6.71875,1330.3132
13155,6.71875,1292.005
13156,6.71875,1250.1424
13157,6.71875,1204.7931
13158,6.71875,1156.1346
13159,6.71875,1104.2457
13160,6.703125,1049.2975
13161,6.703125,991.442
13162,6.703125,930.83952
13163,6.703125,867.6208
13164,6.703125,802.0727
13165,6.703125,734.2251
13166,6.6875,664.382
13167,6.6875,592.656
13168,6.6875,519.2862
13169,6.6875,444.475868
13170,6.6875,368.43268
13171,6.6875,291.3226
13172,6.671875,213.4488
13173,6.671875,134.93736
13174,6.671875,56.09693
13175,6.671875,-22.944874
13176,6.65625,-101.92296
13177,6.65625,-180.618
13178,6.65625,-258.81146
13179,6.65625,-336.330784
13180,6.65625,-412.87104
13181,6.640625,-488.308
13182,6.640625,-562.34484
13183,6.640625,-634.8616
13184,6.640625,-705.6132
13185,6.625,-774.403
13186,6.625,-841.0398
13187,6.625,-905.374768
13188,6.625,-967.1896
13189,6.625,-1026.3122
13190,6.625,-1082.5465
13191,6.609375,-1135.8009
13192,6.609375,-1185.8939
13193,6.609375,-1232.6859
13194,6.609375,-1276.0468
13195,6.609375,-1315.8776
13196,6.59375,-1352.0218
13197,6.59375,-1384.4379
13198,6.59375,-1412.9607
13199,6.59375,-1437.5636
13200,6.59375,-1458.1605
13201,6.59375,-1474.6938
13202,6.59375,-1487.1178
13203,6.59375,-1495.4011
13204,6.59375,-1499.5123
13205,6.59375,-1499.4401
13206,6.59375,-1495.188
13207,6.59375,-1486.7634
13208,6.59375,-1474.1907
13209,6.59375,-1457.4943
13210,6.59375,-1436.7401
13211,6.59375,-1411.962
13212,6.59375,-1383.2578
13213,6.59375,-1350.6746
13214,6.59375,-1314.3186
13215,6.59375,-1274.2916
13216,6.59375,-1230.7052
13217,6.59375,-1183.6814
13218,6.59375,-1133.3213
13219,6.59375,-1079.7921
13220,6.59375,-1023.2768
13221,6.59375,-963.8683
13222,6.59375,-901.7644
13223,6.59375,-837.1388
13224,6.609375,-770.17224
13225,6.609375,-701.01168
13226,6.609375,-629.92992
13227,6.609375,-557.04424
13228,6.609375,-482.599
13229,6.609375,-406.80272
13230,6.609375,-329.91216
13231,6.625,-252.053968
13232,6.625,-173.44462
13233,6.625,-94.39484
13234,6.625,-15.035001
13235,6.625,64.366976
13236,6.625,143.54297
13237,6.640625,222.40766
13238,6.640625,300.55852
13239,6.640625,377.9123
13240,6.640625,454.25044
13241,6.640625,529.2711
13242,6.640625,602.8502
13243,6.65625,674.7377
13244,6.65625,744.692
13245,6.65625,812.6361
13246,6.65625,878.2231
13247,6.65625,941.4198
13248,6.65625,1001.9377
13249,6.65625,1059.6764
13250,6.65625,1114.4076
13251,6.65625,1166.0693
13252,6.65625,1214.3977
13253,6.65625,1259.3432
13254,6.65625,1300.7508
13255,6.65625,1338.5043
13256,6.65625,1372.516
13257,6.65625,1402.6512
13258,6.65625,1428.8599
13259,6.65625,1451.0498
13260,6.65625,1469.1586
13261,6.671875,1483.1354
13262,6.671875,1492.9408
13263,6.671875,1498.5472
13264,6.671875,1499.9385
13265,6.671875,1497.1063
13266,6.65625,1490.064
13267,6.65625,1478.8153
13268,6.65625,1463.418
13269,6.65625,1443.88
13270,6.65625,1420.3012
13271,6.65625,1392.6936
13272,6.65625,1361.1792
13273,6.65625,1325.8108
13274,6.65625,1286.7047
13275,6.65625,1243.9716
13276,6.65625,1197.7316
13277,6.65625,1148.0858
13278,6.65625,1095.2622
13279,6.65625,1039.2888
13280,6.65625,980.41672
13281,6.640625,918.7448
13282,6.640625,854.4799
13283,6.640625,787.8034
13284,6.640625,718.9036
13285,6.640625,647.9336
13286,6.640625,575.21732
13287,6.625,500.79328
13288,6.625,424.95422
13289,6.625,347.958968
13290,6.625,269.93668
13291,6.609375,191.1063
13292,6.609375,111.826616
13293,6.609375,32.13979
13294,6.609375,-47.59219
13295,6.59375,-127.23531
13296,6.59375,-206.473184
13297,6.59375,-285.1726
13298,6.59375,-363.06536
13299,6.578125,-439.974816
13300,6.578125,-515.55236
13301,6.578125,-589.7574
13302,6.578125,-662.2511
13303,6.578125,-732.91144
13304,6.578125,-801.4576
13305,6.578125,-867.7738
13306,6.5625,-931.63256
13307,6.5625,-992.8873
13308,6.5625,-1051.2943
13309,6.5625,-1106.724
13310,6.5625,-1159.0195
13311,6.5625,-1208.0599
13312,6.546875,-1253.6752
13313,6.546875,-1295.736
13314,6.546875,-1334.1229
13315,6.546875,-1368.7276
13316,6.546875,-1399.4513
13317,6.546875,-1426.2216
13318,6.546875,-1448.9318
13319,6.546875,-1467.5433
13320,6.546875,-1481.9892
13321,6.546875,-1492.2285
13322,6.546875,-1498.23
13323,6.546875,-1499.9832
13324,6.5625,-1497.4764
13325,6.5625,-1490.7142
13326,6.5625,-1479.7232
13327,6.5625,-1464.5221
13328,6.5625,-1445.1592
13329,6.5625,-1421.6896
13330,6.5625,-1394.1799
13331,6.5625,-1362.6891
13332,6.578125,-1327.3429
13333,6.578125,-1288.2013
13334,6.578125,-1245.4203
13335,6.578125,-1199.0726
13336,6.578125,-1149.3136
13337,6.578125,-1096.2848
13338,6.578125,-1040.17
13339,6.578125,-980.9955
13340,6.59375,-919.1322
13341,6.59375,-854.5442
13342,6.59375,-787.6362
13343,6.59375,-718.3695
13344,6.609375,-647.09564
13345,6.609375,-573.97876
13346,6.609375,-499.22696
13347,6.609375,-423.009336
13348,6.609375,-345.6301
13349,6.625,-267.22134
13350,6.625,-188.09604
13351,6.640625,-108.38932
13352,6.640625,-28.373534
13353,6.640625,51.72316
13354,6.640625,131.67236
13355,6.65625,211.29144
13356,6.65625,290.2624
13357,6.65625,368.45004
13358,6.65625,445.542168
13359,6.65625,521.44964
13360,6.671875,595.8248
13361,6.671875,668.4991
13362,6.671875,739.2649
13363,6.671875,807.95884
13364,6.6875,874.3065
13365,6.6875,938.1939
13366,6.6875,999.3999
13367,6.6875,1057.7496
13368,6.6875,1113.0764
13369,6.703125,1165.2219
13370,6.703125,1214.0371
13371,6.703125,1259.4075
13372,6.703125,1301.1743
13373,6.703125,1339.2182
13374,6.703125,1373.4118
13375,6.71875,1403.6962
13376,6.71875,1429.9644
13377,6.71875,1452.1522
13378,6.71875,1470.1715
13379,6.71875,1483.9908
13380,6.71875,1493.5548
13381,6.71875,1498.8491
13382,6.71875,1499.8462
13383,6.71875,1496.5487
13384,6.71875,1488.9644
13385,6.71875,1477.1067
13386,6.71875,1461.0234
13387,6.734375,1440.7422
13388,6.734375,1416.3294
13389,6.734375,1387.8545
13390,6.734375,1355.4193
13391,6.734375,1319.0796
13392,6.734375,1278.9332
13393,6.734375,1235.1408
13394,6.734375,1187.8063
13395,6.71875,1137.0056
13396,6.71875,1083.0
13397,6.71875,1025.8554
13398,6.71875,965.7653
13399,6.71875,902.9025
13400,6.71875,837.4473
13401,6.71875,769.5486
13402,6.71875,699.47832
13403,6.71875,627.31668
13404,6.71875,553.43492
13405,6.71875,477.92084
13406,6.71875,401.033
13407,6.71875,322.9925
13408,6.71875,243.978416
13409,6.703125,164.30774
13410,6.703125,84.16481
13411,6.703125,3.6883968
13412,6.703125,-76.70721
13413,6.703125,-156.97338
13414,6.703125,-236.69692
13415,6.6875,-315.8296
13416,6.6875,-394.00824
13417,6.6875,-471.0966
13418,6.6875,-546.7851
13419,6.6875,-620.9834
13420,6.6875,-693.309636
13421,6.6875,-763.6802
13422,6.6875,-831.8506
13423,6.671875,-897.6245
13424,6.671875,-960.84768
13425,6.671875,-1021.266
13426,6.671875,-1078.774
13427,6.671875,-1133.2006
13428,6.671875,-1184.299
13429,6.671875,-1232.0377
13430,6.671875,-1276.171
13431,6.65625,-1316.6715
13432,6.65625,-1353.3506
13433,6.65625,-1386.1438
13434,6.65625,-1414.9193
13435,6.65625,-1439.6398
13436,6.65625,-1460.1881
13437,6.65625,-1476.5203
13438,6.65625,-1488.589
13439,6.65625,-1496.3595
13440,6.65625,-1499.81
13441,6.65625,-1498.9252
13442,6.65625,-1493.7114
13443,6.65625,-1484.1714
13444,6.65625,-1470.3542
13445,6.65625,-1452.2687
13446,6.65625,-1429.994
13447,6.65625,-1403.5856
13448,6.65625,-1373.1014
13449,6.65625,-1338.6434
13450,6.65625,-1300.3342
13451,6.65625,-1258.2163
13452,6.65625,-1212.4798
13453,6.65625,-1163.2345
13454,6.65625,-1110.6227
13455,6.65625,-1054.7643
13456,6.65625,-995.8841
13457,6.65625,-934.086
13458,6.65625,-869.58152
13459,6.65625,-802.5191
13460,6.65625,-733.2086
13461,6.65625,-661.69416
13462,6.65625,-588.3024
13463,6.65625,-513.1632
13464,6.65625,-436.5794
13465,6.65625,-358.6862
13466,6.65625,-279.75256
13467,6.65625,-199.96214
13468,6.65625,-119.682332
13469,6.65625,-38.964232
13470,6.65625,41.82125
13471,6.65625,122.53105
13472,6.671875,202.839692
13473,6.671875,282.60492
13474,6.671875,361.5495
13475,6.671875,439.488
13476,6.671875,516.10584
13477,6.671875,591.267
13478,6.671875,664.6272
13479,6.671875,736.1394
13480,6.671875,805.51152
13481,6.671875,872.54192
13482,6.671875,937.035664
13483,6.671875,998.8394
13484,6.671875,1057.7037
13485,6.671875,1113.493
13486,6.671875,1166.0453
13487,6.671875,1215.2345
13488,6.671875,1260.887
13489,6.671875,1302.8695
13490,6.671875,1341.0603
13491,6.671875,1375.3662
13492,6.671875,1405.6486
13493,6.671875,1431.8535
13494,6.671875,1453.8754
13495,6.671875,1471.6746
13496,6.671875,1485.1792
13497,6.671875,1494.3654
13498,6.65625,1499.1973
13499,6.65625,1499.6598
13500,6.65625,1495.7514
13501,6.65625,1487.4789
13502,6.65625,1474.8756
13503,6.65625,1457.9641
13504,6.65625,1436.7998
13505,6.65625,1411.4443
13506,6.65625,1381.9717
13507,6.65625,1348.4475
13508,6.640625,1311.0078
13509,6.640625,1269.7195
13510,6.640625,1224.7495
13511,6.640625,1176.1786
13512,6.625,1124.1728
13513,6.625,1068.884
13514,6.625,1010.44
13515,6.625,949.0418
13516,6.625,884.9059
13517,6.625,818.1474
13518,6.609375,749.0367
13519,6.609375,677.69763
13520,6.609375,604.37724
13521,6.609375,529.29
13522,6.59375,452.655168
13523,6.59375,374.65268
13524,6.578125,295.59848
13525,6.578125,215.58943
13526,6.578125,135.03987
13527,6.578125,54.04975
13528,6.578125,-27.09857
13529,6.5625,-108.16758
13530,6.5625,-188.91998
13531,6.5625,-269.1645
13532,6.546875,-348.62024
13533,6.546875,-427.05448
13534,6.546875,-504.19424
13535,6.546875,-579.90048
13536,6.53125,-653.9075
13537,6.53125,-725.9984
13538,6.53125,-796.0007
13539,6.53125,-863.667936
13540,6.515625,-928.76576
13541,6.515625,-991.1763
13542,6.515625,-1050.6792
13543,6.515625,-1107.1
13544,6.515625,-1160.2731
13545,6.515625,-1210.0424
13546,6.5,-1256.262
13547,6.5,-1298.8422
13548,6.5,-1337.5621
13549,6.5,-1372.3767
13550,6.5,-1403.1609
13551,6.5,-1429.8244
13552,6.5,-1452.2884
13553,6.5,-1470.4874
13554,6.5,-1484.3745
13555,6.5,-1493.8972
13556,6.5,-1499.0261
13557,6.5,-1499.7508
13558,6.5,-1496.0679
13559,6.5,-1487.9854
13560,6.5,-1475.5198
13561,6.5,-1458.7217
13562,6.5,-1437.6348
13563,6.5,-1412.29
13564,6.5,-1382.8192
13565,6.5,-1349.2626
13566,6.5,-1311.7346
13567,6.5,-1270.3456
13568,6.5,-1225.2173
13569,6.5,-1176.4544
13570,6.515625,-1124.2549
13571,6.515625,-1068.6819
13572,6.515625,-1010.024
13573,6.515625,-948.3578
13574,6.515625,-883.89688
13575,6.515625,-816.831236
13576,6.53125,-747.31908
13577,6.53125,-675.64308
13578,6.53125,-601.93416
13579,6.546875,-526.44948
13580,6.546875,-449.4117
13581,6.546875,-371.048232
13582,6.546875,-291.63498
13583,6.5625,-211.2717
13584,6.5625,-130.33008
13585,6.5625,-48.958216
13586,6.578125,32.51247
13587,6.578125,113.97854
13588,6.578125,195.016832
13589,6.578125,275.5698
13590,6.59375,355.21904
13591,6.59375,433.90796
13592,6.59375,511.27096
13593,6.609375,587.1661
13594,6.609375,661.32516
13595,6.609375,733.5288
13596,6.625,803.5637
13597,6.625,871.2227
13598,6.625,936.3057
13599,6.625,998.6203
13600,6.625,1058.0148
13601,6.640625,1114.2468
13602,6.640625,1167.2131
13603,6.640625,1216.7512
13604,6.640625,1262.6342
13605,6.65625,1304.8291
13606,6.65625,1343.1166
13607,6.65625,1377.4692
13608,6.65625,1407.7398
13609,6.65625,1433.8254
13610,6.65625,1455.6778
13611,6.65625,1473.2252
13612,6.65625,1486.3898
13613,6.671875,1495.1619
13614,6.671875,1499.4971
13615,6.671875,1499.3888
13616,6.671875,1494.8335
13617,6.671875,1485.8436
13618,6.671875,1472.4544
13619,6.671875,1454.6794
13620,6.671875,1432.5976
13621,6.671875,1406.2659
13622,6.671875,1375.7621
13623,6.671875,1341.1565
13624,6.671875,1302.5676
13625,6.671875,1260.1349
13626,6.671875,1213.9369
13627,6.671875,1164.1046
13628,6.671875,1110.8419
13629,6.671875,1054.28
13630,6.671875,994.5869
13631,6.671875,931.904
13632,6.671875,866.45024
13633,6.671875,798.45908
13634,6.671875,728.05632
13635,6.671875,655.4477
13636,6.65625,580.9303
13637,6.65625,504.6425
13638,6.65625,426.94028
13639,6.65625,347.880984
13640,6.65625,267.7862
13641,6.65625,186.89432
13642,6.65625,105.4461
13643,6.65625,23.684012
13644,6.65625,-58.148576
13645,6.640625,-139.85366
13646,6.640625,-221.09668
13647,6.640625,-301.72644
13648,6.640625,-381.457068
13649,6.640625,-460.05092
13650,6.640625,-537.23116
13651,6.625,-612.89576
13652,6.625,-686.6912
13653,6.625,-758.4798
13654,6.625,-827.9675
13655,6.625,-895.0246
13656,6.625,-959.4116
13657,6.625,-1020.9363
13658,6.625,-1079.4153
13659,6.625,-1134.704
13660,6.625,-1186.5757
13661,6.609375,-1234.9335
13662,6.609375,-1279.5552
13663,6.609375,-1320.4074
13664,6.609375,-1357.3158
13665,6.609375,-1390.1705
13666,6.609375,-1418.8733
13667,6.609375,-1443.3507
13668,6.609375,-1463.5027
13669,6.609375,-1479.2912
13670,6.609375,-1490.6517
13671,6.609375,-1497.5626
13672,6.609375,-1499.996
13673,6.609375,-1497.9442
13674,6.609375,-1491.4138
13675,6.609375,-1480.4166
13676,6.609375,-1464.9979
13677,6.609375,-1445.1744
13678,6.609375,-1421.0496
13679,6.609375,-1392.6588
13680,6.625,-1360.0994
13681,6.625,-1323.4688
13682,6.625,-1282.8765
13683,6.625,-1238.4183
13684,6.625,-1190.277
13685,6.625,-1138.543
13686,6.625,-1083.4288
13687,6.625,-1025.0382
13688,6.625,-963.5759
13689,6.640625,-899.1894
13690,6.640625,-832.14344
13691,6.640625,-762.56448
13692,6.640625,-690.73832
13693,6.640625,-616.80068
13694,6.640625,-541.05524
13695,6.65625,-463.64496
13696,6.65625,-384.7995
13697,6.65625,-304.84314
13698,6.65625,-223.97228
13699,6.65625,-142.38394
13700,6.65625,-60.41371
13701,6.671875,21.783534
13702,6.671875,103.91536
13703,6.671875,185.73508
13704,6.671875,266.99698
13705,6.671875,347.457
13706,6.6875,426.87352
13707,6.6875,505.09416
13708,6.6875,581.7101
13709,6.6875,656.62008
13710,6.6875,729.5158
13711,6.6875,800.298036
13712,6.703125,868.634064
13713,6.703125,934.35832
13714,6.703125,997.2732
13715,6.703125,1057.2546
13716,6.703125,1113.9888
13717,6.703125,1167.4025
13718,6.703125,1217.302
13719,6.71875,1263.5375
13720,6.71875,1305.9697
13721,6.71875,1344.471
13722,6.71875,1378.9434
13723,6.71875,1409.2604
13724,6.71875,1435.3175
13725,6.71875,1457.076
13726,6.71875,1474.4222
13727,6.71875,1487.3362
13728,6.71875,1495.7717
13729,6.71875,1499.694
13730,6.71875,1499.0954
13731,6.71875,1493.9746
13732,6.71875,1484.3535
13733,6.71875,1470.2412
13734,6.71875,1451.7119
13735,6.71875,1428.794
13736,6.71875,1401.5496
13737,6.71875,1370.0908
13738,6.703125,1334.4782
13739,6.703125,1294.8352
13740,6.703125,1251.2817
13741,6.703125,1203.9494
13742,6.703125,1153.0101
13743,6.703125,1098.5303
13744,6.703125,1040.7621
13745,6.703125,979.816064
13746,6.6875,915.9439
13747,6.6875,849.230032
13748,6.6875,780.02384
13749,6.6875,708.38136
13750,6.6875,634.6776
13751,6.6875,558.97216
13752,6.671875,481.61816
13753,6.671875,402.76396
13754,6.671875,322.73538
13755,6.671875,241.64064
13756,6.65625,159.90476
13757,6.65625,77.59396
13758,6.65625,-4.8603992
13759,6.65625,-87.39146
13760,6.65625,-169.612232
13761,6.640625,-251.364732
13762,6.640625,-332.31094
13763,6.640625,-412.33936
13764,6.625,-491.07368
13765,6.625,-568.31992
13766,6.625,-643.8442
13767,6.625,-717.41736
13768,6.625,-788.8557
13769,6.625,-857.901
13770,6.609375,-924.3078
13771,6.609375,-987.9827
13772,6.609375,-1048.5918
13773,6.609375,-1106.0853
13774,6.609375,-1160.1908
13775,6.59375,-1210.7768
13776,6.59375,-1257.715
13777,6.59375,-1300.8335
13778,6.59375,-1339.9811
13779,6.59375,-1375.1004
13780,6.59375,-1406.0231
13781,6.59375,-1432.6759
13782,6.59375,-1454.9779
13783,6.578125,-1472.87
13784,6.578125,-1486.278
13785,6.578125,-1495.176
13786,6.578125,-1499.5284
13787,6.578125,-1499.3219
13788,6.578125,-1494.5571
13789,6.578125,-1485.2422
13790,6.578125,-1471.4155
13791,6.578125,-1453.1155
13792,6.578125,-1430.3839
13793,6.578125,-1403.2987
13794,6.578125,-1371.9426
13795,6.578125,-1336.4108
13796,6.578125,-1296.8114
13797,6.59375,-1253.24
13798,6.59375,-1205.8772
13799,6.609375,-1154.8441
13800,6.609375,-1100.2651
13801,6.609375,-1042.3338
13802,6.609375,-981.22624
13803,6.609375,-917.092864
13804,6.625,-850.23752
13805,6.625,-780.7161
13806,6.625,-708.8537
13807,6.625,-634.79
13808,6.640625,-558.78984
13809,6.640625,-481.08528
13810,6.640625,-401.9573
13811,6.640625,-321.5152
13812,6.65625,-240.13646
13813,6.65625,-157.97968
13814,6.65625,-75.38621
13815,6.65625,7.482993
13816,6.65625,90.32934
13817,6.65625,172.89986
13818,6.65625,254.89728
13819,6.671875,336.2064
13820,6.671875,416.4437
13821,6.671875,495.45256
13822,6.6875,572.9045
13823,6.6875,648.6482
13824,6.6875,722.40892
13825,6.6875,793.961236
13826,6.6875,863.08624
13827,6.6875,929.608768
13828,6.703125,993.251936
13829,6.703125,1053.8912
13830,6.703125,1111.2744
13831,6.703125,1165.2892
13832,6.703125,1215.7377
13833,6.703125,1262.4653
13834,6.71875,1305.3294
13835,6.71875,1344.2189
13836,6.71875,1378.9718
13837,6.71875,1409.5203
13838,6.71875,1435.7368
13839,6.71875,1457.5702
13840,6.71875,1474.9379
13841,6.71875,1487.7866
13842,6.71875,1496.0772
13843,6.71875,1499.7846
13844,6.734375,1498.8937
13845,6.734375,1493.4061
13846,6.71875,1483.3448
13847,6.71875,1468.7295
13848,6.71875,1449.6092
13849,6.71875,1426.0428
13850,6.71875,1398.1023
13851,6.71875,1365.8358
13852,6.71875,1329.4132
13853,6.71875,1288.8895
13854,6.71875,1244.4338
13855,6.71875,1196.1337
13856,6.71875,1144.1604
13857,6.71875,1088.6741
13858,6.71875,1029.845
13859,6.71875,967.783536
13860,6.71875,902.81716
13861,6.71875,835.0405
13862,6.71875,764.7363
13863,6.703125,692.04332
13864,6.703125,617.2231
13865,6.703125,540.46276
13866,6.703125,462.082832
13867,6.703125,382.238216
13868,6.703125,301.26212
13869,6.703125,219.31472
13870,6.6875,136.69238
13871,6.6875,53.649396
13872,6.6875,-29.558684
13873,6.6875,-112.6758
13874,6.6875,-195.49154
13875,6.671875,-277.70504
13876,6.671875,-359.0186
13877,6.671875,-439.271068
13878,6.671875,-518.1702
13879,6.671875,-595.4731
13880,6.65625,-670.94148
13881,6.65625,-744.3428
13882,6.65625,-815.48948
13883,6.65625,-884.121
13884,6.65625,-949.99052
13885,6.65625,-1013.0008
13886,6.65625,-1072.8194
13887,6.65625,-1129.3632
13888,6.65625,-1182.4519
13889,6.65625,-1231.8638
13890,6.640625,-1277.4764
13891,6.640625,-1319.1926
13892,6.640625,-1356.7925
13893,6.640625,-1390.2248
13894,6.640625,-1419.365
13895,6.640625,-1444.1229
13896,6.640625,-1464.4219
13897,6.640625,-1480.207
13898,6.640625,-1491.4121
13899,6.625,-1498.0171
13900,6.625,-1499.9872
13901,6.625,-1497.3231
13902,6.625,-1490.0312
13903,6.625,-1478.1338
13904,6.625,-1461.6571
13905,6.625,-1440.6705
13906,6.625,-1415.231
13907,6.625,-1385.382
13908,6.625,-1351.2811
13909,6.625,-1312.9595
13910,6.625,-1270.6194
13911,6.625,-1224.299
13912,6.625,-1174.2145
13913,6.625,-1120.4663
13914,6.625,-1063.2794
13915,6.625,-1002.7344
13916,6.625,-939.15132
13917,6.625,-872.5877
13918,6.640625,-803.3954
13919,6.640625,-731.63732
13920,6.640625,-657.65136
13921,6.640625,-581.5861
13922,6.640625,-503.760368
13923,6.640625,-424.2864
13924,6.640625,-343.58432
13925,6.640625,-261.72776
13926,6.640625,-179.1496
13927,6.65625,-95.92512
13928,6.65625,-12.402828
13929,6.65625,71.1122368
13930,6.65625,154.45232
13931,6.65625,237.3129
13932,6.65625,319.4367
13933,6.65625,400.613
13934,6.65625,480.4575
13935,6.65625,558.897
13936,6.65625,635.55804
13937,6.65625,710.2863
13938,6.65625,782.8072
13939,6.65625,852.8951
13940,6.65625,920.33232
13941,6.65625,984.9438
13942,6.65625,1046.4252
13943,6.65625,1104.7201
13944,6.65625,1159.5486
13945,6.671875,1210.8005
13946,6.671875,1258.2854
13947,6.671875,1301.878
13948,6.671875,1341.3748
13949,6.671875,1376.7389
13950,6.671875,1407.7992
13951,6.671875,1434.4794
13952,6.671875,1456.7074
13953,6.671875,1474.3983
13954,6.671875,1487.491
13955,6.671875,1495.9624
13956,6.671875,1499.7684
13957,6.671875,1498.9014
13958,6.65625,1493.3693
13959,6.65625,1483.1772
13960,6.65625,1468.3604
13961,6.65625,1448.9651
13962,6.640625,1425.0659
13963,6.640625,1396.695
13964,6.640625,1363.9832
13965,6.640625,1326.9971
13966,6.640625,1285.8922
13967,6.640625,1240.778
13968,6.625,1191.7668
13969,6.625,1139.0358
13970,6.625,1082.7493
13971,6.625,1023.0493
13972,6.625,960.1876
13973,6.625,894.3288
13974,6.609375,825.6783
13975,6.609375,754.4108
13976,6.609375,680.7858
13977,6.609375,605.0335
13978,6.609375,527.3905
13979,6.59375,448.0558
13980,6.59375,367.4081
13981,6.59375,285.52374
13982,6.578125,202.7915
13983,6.578125,119.37991
13984,6.578125,35.594884
13985,6.578125,-48.3015068
13986,6.5625,-132.0468
13987,6.5625,-215.4243
13988,6.5625,-298.08228
13989,6.5625,-379.85208
13990,6.546875,-460.38868
13991,6.546875,-539.5277
13992,6.546875,-616.9771
13993,6.53125,-692.4944
13994,6.53125,-765.80344
13995,6.53125,-836.79292
13996,6.53125,-905.122464
13997,6.53125,-970.6521
13998,6.53125,-1033.1056
13999,6.515625,-1092.355
14000,6.515625,-1148.1797
14001,6.515625,-1200.4046
14002,6.515625,-1248.8661
14003,6.515625,-1293.4586
14004,6.515625,-1333.9452
14005,6.515625,-1370.2683
14006,6.515625,-1402.2744
14007,6.5,-1429.8981
14008,6.5,-1453.0338
14009,6.5,-1471.6091
14010,6.5,-1485.5658
14011,6.5,-1494.8636
14012,6.5,-1499.4634
14013,6.5,-1499.3556
14014,6.5,-1494.5408
14015,6.5,-1485.0289
14016,6.5,-1470.851
14017,6.5,-1452.0516
14018,6.5,-1428.676
14019,6.5,-1400.8066
14020,6.5,-1368.5499
14021,6.515625,-1331.9722
14022,6.515625,-1291.2282
14023,6.515625,-1246.4015
14024,6.515625,-1197.6546
14025,6.515625,-1145.1108
14026,6.515625,-1088.9929
14027,6.515625,-1029.4164
14028,6.515625,-966.63336
14029,6.53125,-900.77332
14030,6.53125,-832.11484
14031,6.53125,-760.76016
14032,6.53125,-687.0481
14033,6.53125,-611.1726
14034,6.546875,-533.3727
14035,6.546875,-453.8496
14036,6.546875,-372.8959
14037,6.546875,-290.7667
14038,6.5625,-207.76628
14039,6.5625,-124.06602
14040,6.5625,-39.928896
14041,6.578125,44.288464
14042,6.578125,128.36622
14043,6.578125,212.08464
14044,6.578125,295.1338
14045,6.59375,377.2516
14046,6.59375,458.13536
14047,6.59375,537.6604
14048,6.59375,615.4451
14049,6.609375,691.2877
14050,6.609375,764.94888
14051,6.609375,836.2721
14052,6.625,904.877536
14053,6.625,970.6623
14054,6.625,1033.3807
14055,6.625,1092.8346
14056,6.640625,1148.8359
14057,6.640625,1201.2355
14058,6.640625,1249.8109
14059,6.640625,1294.4841
14060,6.640625,1335.0173
14061,6.65625,1371.3516
14062,6.65625,1403.3489
14063,6.65625,1430.9081
14064,6.65625,1453.942
14065,6.65625,1472.3865
14066,6.65625,1486.1632
14067,6.65625,1495.2471
14068,6.65625,1499.59
14069,6.65625,1499.1887
14070,6.65625,1494.041
14071,6.65625,1484.1633
14072,6.671875,1469.5776
14073,6.671875,1450.3458
14074,6.671875,1426.5082
14075,6.671875,1398.1494
14076,6.671875,1365.3592
14077,6.671875,1328.2417
14078,6.671875,1286.9146
14079,6.671875,1241.5084
14080,6.671875,1192.1398
14081,6.671875,1139.0184
14082,6.671875,1082.2554
14083,6.671875,1022.05852
14084,6.671875,958.618832
14085,6.671875,892.1376
14086,6.671875,822.82576
14087,6.671875,750.9032
14088,6.671875,676.55732
14089,6.671875,600.1044
14090,6.671875,521.70448
14091,6.65625,441.647584
14092,6.65625,360.18784
14093,6.65625,277.58404
14094,6.65625,194.09858
14095,6.65625,109.95094
14096,6.65625,25.499468
14097,6.65625,-59.078744
14098,6.65625,-143.42354
14099,6.65625,-227.40328
14100,6.65625,-310.61436
14101,6.65625,-392.83776
14102,6.65625,-473.8121
14103,6.65625,-553.27984
14104,6.65625,-631.0298
14105,6.640625,-706.77108
14106,6.640625,-780.2235
14107,6.640625,-851.270464
14108,6.640625,-919.56856
14109,6.640625,-984.9395
14110,6.640625,-1047.1753
14111,6.640625,-1106.1086
14112,6.640625,-1161.4883
14113,6.640625,-1213.1976
14114,6.640625,-1261.041
14115,6.640625,-1304.8886
14116,6.640625,-1344.5327
14117,6.640625,-1379.9331
14118,6.640625,-1410.9158
14119,6.640625,-1437.4025
14120,6.640625,-1459.3192
14121,6.640625,-1476.5807
14122,6.640625,-1489.1318
14123,6.640625,-1496.9326
14124,6.640625,-1499.958
14125,6.640625,-1498.1964
14126,6.640625,-1491.655
14127,6.640625,-1480.3551
14128,6.65625,-1464.323
14129,6.65625,-1443.6145
14130,6.65625,-1418.2958
14131,6.65625,-1388.4304
14132,6.65625,-1354.1658
14133,6.65625,-1315.5374
14134,6.65625,-1272.7273
14135,6.65625,-1225.8265
14136,6.65625,-1175.0068
14137,6.671875,-1120.4307
14138,6.671875,-1062.3049
14139,6.671875,-1000.7185
14140,6.671875,-935.9651
14141,6.671875,-868.1821
14142,6.6875,-797.6595
14143,6.6875,-724.54664
14144,6.6875,-649.115
14145,6.6875,-571.6482
14146,6.6875,-492.3106
14147,6.6875,-411.35344
14148,6.703125,-329.12304
14149,6.703125,-245.79414
14150,6.703125,-161.72326
14151,6.703125,-77.0891
14152,6.71875,7.7920516
14153,6.71875,92.64824
14154,6.71875,177.2076
14155,6.71875,261.24426
14156,6.71875,344.39852
14157,6.734375,426.4933
14158,6.734375,507.17704
14159,6.734375,586.23584
14160,6.734375,663.4575
14161,6.734375,738.55132
14162,6.75,811.2763
14163,6.75,881.4364
14164,6.75,948.730832
14165,6.75,1013.01624
14166,6.75,1074.0172
14167,6.75,1131.6034
14168,6.765625,1185.5563
14169,6.765625,1235.7288
14170,6.765625,1281.9054
14171,6.765625,1323.9877
14172,6.765625,1361.7953
14173,6.765625,1395.2472
14174,6.765625,1424.2002
14175,6.765625,1448.5923
14176,6.765625,1468.3282
14177,6.765625,1483.3446
14178,6.765625,1493.5934
14179,6.765625,1499.0428
14180,6.765625,1499.67
14181,6.765625,1495.4733
14182,6.765625,1486.4707
14183,6.765625,1472.673
14184,6.765625,1454.1427
14185,6.765625,1430.9336
14186,6.765625,1403.12
14187,6.765625,1370.7732
14188,6.765625,1334.0318
14189,6.75,1292.9748
14190,6.75,1247.7529
14191,6.75,1198.5118
14192,6.75,1145.4102
14193,6.75,1088.619
14194,6.75,1028.3212
14195,6.75,964.676
14196,6.75,897.92016
14197,6.734375,828.2688
14198,6.734375,755.98616
14199,6.734375,681.22768
14200,6.734375,604.2305
14201,6.734375,525.3258
14202,6.71875,444.72704
14203,6.71875,362.64988
14204,6.71875,279.44696
14205,6.703125,195.25222
14206,6.703125,110.51778
14207,6.703125,25.381204
14208,6.6875,-59.837296
14209,6.6875,-144.9082
14210,6.6875,-229.465584
14211,6.6875,-313.32704
14212,6.671875,-396.1759
14213,6.671875,-477.74456
14214,6.671875,-557.72684
14215,6.65625,-635.9917
14216,6.65625,-712.1588
14217,6.65625,-786.0246
14218,6.65625,-857.3502
14219,6.65625,-925.9774
14220,6.65625,-991.5371
14221,6.65625,-1053.9578
14222,6.65625,-1112.9038
14223,6.640625,-1168.2822
14224,6.640625,-1219.9078
14225,6.640625,-1267.5584
14226,6.640625,-1311.1083
14227,6.640625,-1350.4567
14228,6.625,-1385.3918
14229,6.625,-1415.8755
14230,6.625,-1441.7436
14231,6.625,-1462.958
14232,6.625,-1479.442
14233,6.625,-1491.1248
14234,6.625,-1497.981
14235,6.625,-1499.9808
14236,6.609375,-1497.1206
14237,6.609375,-1489.4011
14238,6.609375,-1476.864
14239,6.609375,-1459.523
14240,6.609375,-1437.4582
14241,6.609375,-1410.7178
14242,6.609375,-1379.4169
14243,6.609375,-1343.6034
14244,6.609375,-1303.4698
14245,6.609375,-1259.0608
14246,6.609375,-1210.6152
14247,6.609375,-1158.1868
14248,6.609375,-1102.0265
14249,6.609375,-1042.2568
14250,6.609375,-979.135536
14251,6.609375,-912.764064
14252,6.609375,-843.4995
14253,6.609375,-771.41896
14254,6.609375,-696.9105
14255,6.609375,-620.057
14256,6.609375,-541.22944
14257,6.625,-460.599968
14258,6.625,-378.47244
14259,6.625,-295.11398
14260,6.625,-210.7957
14261,6.625,-125.791824
14262,6.625,-40.378824
14263,6.625,45.2112568
14264,6.625,130.60854
14265,6.625,215.6263
14266,6.640625,299.89722
14267,6.640625,383.281232
14268,6.640625,465.37248
14269,6.640625,545.9486
14270,6.640625,624.7471
14271,6.640625,701.552
14272,6.640625,776.0312
14273,6.640625,848.0214
14274,6.640625,917.24776
14275,6.640625,983.4843
14276,6.640625,1046.5155
14277,6.65625,1106.1666
14278,6.65625,1162.1505
14279,6.65625,1214.4046
14280,6.65625,1262.6962
14281,6.65625,1306.8452
14282,6.65625,1346.755
14283,6.65625,1382.2884
14284,6.65625,1413.2915
14285,6.65625,1439.6832
14286,6.65625,1461.3776
14287,6.65625,1478.3114
14288,6.640625,1490.4165
14289,6.640625,1497.6511
14290,6.640625,1499.9989
14291,6.640625,1497.4447
14292,6.640625,1489.9994
14293,6.640625,1477.6872
14294,6.640625,1460.5486
14295,6.640625,1438.6262
14296,6.625,1412.0
14297,6.625,1380.7567
14298,6.625,1345.0189
14299,6.625,1304.8428
14300,6.625,1260.4203
14301,6.625,1211.8495
14302,6.609375,1159.341
14303,6.609375,1103.0108
14304,6.609375,1043.1029
14305,6.609375,979.7495
14306,6.59375,913.1893
14307,6.59375,843.60208
14308,6.59375,771.2897
14309,6.59375,696.41224
14310,6.578125,619.29444
14311,6.578125,540.1068
14312,6.578125,459.149368
14313,6.578125,376.73172
14314,6.5625,293.03604
14315,6.5625,208.33478
14316,6.5625,122.995768
14317,6.5625,37.207956
14318,6.546875,-48.65616
14319,6.546875,-134.40644
14320,6.546875,-219.7158
14321,6.546875,-304.30444
14322,6.53125,-387.8949
14323,6.53125,-470.2564
14324,6.515625,-551.0311
14325,6.515625,-630.0399
14326,6.515625,-706.9394
14327,6.515625,-781.55896
14328,6.515625,-853.61208
14329,6.515625,-922.8621
14330,6.5,-989.0817
14331,6.5,-1052.086
14332,6.5,-1111.6011
14333,6.5,-1167.4946
14334,6.5,-1219.5237
14335,6.5,-1267.5726
14336,6.5,-1311.4547
14337,6.5,-1351.0258
14338,6.484375,-1386.1555
14339,6.484375,-1416.7436
14340,6.484375,-1442.6571
14341,6.484375,-1463.8381
14342,6.484375,-1480.1947
14343,6.484375,-1491.6903
14344,6.484375,-1498.2792
14345,6.484375,-1499.9328
14346,6.484375,-1496.6505
14347,6.484375,-1488.4374
14348,6.5,-1475.3292
14349,6.5,-1457.3554
14350,6.5,-1434.5938
14351,6.5,-1407.0956
14352,6.5,-1374.962
14353,6.5,-1338.2783
14354,6.5,-1297.2042
14355,6.5,-1251.8314
14356,6.515625,-1202.3579
14357,6.515625,-1148.8942
14358,6.515625,-1091.673
14359,6.515625,-1030.789
14360,6.53125,-966.537
14361,6.53125,-899.09768
14362,6.53125,-828.69336
14363,6.53125,-755.5166
14364,6.546875,-679.8457
14365,6.546875,-601.9305
14366,6.546875,-522.07104
14367,6.5625,-440.446136
14368,6.5625,-357.32276
14369,6.5625,-273.0635
14370,6.578125,-187.9028
14371,6.578125,-102.076132
14372,6.578125,-15.912097
14373,6.578125,70.30451
14374,6.59375,156.24326
14375,6.59375,241.71138
14376,6.609375,326.42538
14377,6.609375,410.01544
14378,6.609375,492.2505
14379,6.625,572.94336
14380,6.625,651.6563
14381,6.625,728.2557
14382,6.625,802.44576
14383,6.625,873.9812
14384,6.640625,942.6252
14385,6.640625,1008.18468
14386,6.640625,1070.373
14387,6.65625,1129.0505
14388,6.65625,1183.9889
14389,6.65625,1235.006
14390,6.65625,1281.9093
14391,6.65625,1324.6148
14392,6.65625,1362.9094
14393,6.671875,1396.7073
14394,6.671875,1425.8602
14395,6.671875,1450.3027
14396,6.671875,1469.9371
14397,6.6875,1484.6982
14398,6.6875,1494.5371
14399,6.6875,1499.421
14400,6.6875,1499.3339
14401,6.6875,1494.2721
14402,6.6875,1484.2577
14403,6.6875,1469.3041
14404,6.6875,1449.4924
14405,6.703125,1424.8468
14406,6.703125,1395.5008
14407,6.703125,1361.4899
14408,6.703125,1322.9773
14409,6.703125,1280.05
14410,6.703125,1232.8961
14411,6.703125,1181.5941
14412,6.703125,1126.4226
14413,6.703125,1067.4485
14414,6.703125,1004.99208
14415,6.71875,939.1289
14416,6.71875,870.1797
14417,6.71875,798.3006
14418,6.71875,723.80664
14419,6.71875,646.8253
14420,6.71875,567.7752
14421,6.703125,486.7522
14422,6.703125,404.15264
14423,6.703125,320.20896
14424,6.703125,235.1551
14425,6.703125,149.36386
14426,6.703125,63.03013
14427,6.703125,-23.5592268
14428,6.703125,-109.97876
14429,6.703125,-196.12328
14430,6.703125,-281.5242
14431,6.703125,-366.07764
14432,6.703125,-449.41096
14433,6.703125,-531.2036
14434,6.703125,-611.2695
14435,6.703125,-689.33868
14436,6.703125,-765.0293
14437,6.703125,-838.2488
14438,6.703125,-908.59864
14439,6.703125,-975.9929
14440,6.703125,-1040.1308
14441,6.703125,-1100.7674
14442,6.703125,-1157.7644
14443,6.703125,-1210.9256
14444,6.703125,-1260.0174
14445,6.6875,-1304.9054
14446,6.6875,-1345.4397
14447,6.6875,-1381.5028
14448,6.703125,-1412.9365
14449,6.703125,-1439.6687
14450,6.703125,-1461.5926
14451,6.703125,-1478.6427
14452,6.703125,-1490.7386
14453,6.703125,-1497.8658
14454,6.703125,-1499.9851
14455,6.703125,-1497.0918
14456,6.703125,-1489.1982
14457,6.703125,-1476.323
14458,6.703125,-1458.5116
14459,6.703125,-1435.8104
14460,6.703125,-1408.3194
14461,6.703125,-1376.1198
14462,6.71875,-1339.3191
14463,6.71875,-1298.0174
14464,6.71875,-1252.3713
14465,6.71875,-1202.5336
14466,6.71875,-1148.6709
14467,6.71875,-1090.9636
14468,6.71875,-1029.6048
14469,6.71875,-964.7651
14470,6.71875,-896.72948
14471,6.71875,-825.6543
14472,6.734375,-751.8126
14473,6.734375,-675.4521
14474,6.734375,-596.8704
14475,6.734375,-516.20516
14476,6.734375,-433.85216
14477,6.734375,-350.0011
14478,6.734375,-265.02116
14479,6.734375,-179.10782
14480,6.75,-92.593736
14481,6.75,-5.7690772
14482,6.75,81.07493
14483,6.75,167.69249
14484,6.75,253.70188
14485,6.75,338.90496
14486,6.75,422.882268
14487,6.765625,505.5289
14488,6.765625,586.4782
14489,6.765625,665.4583
14490,6.765625,742.204036
14491,6.765625,816.4963
14492,6.765625,888.00712
14493,6.765625,956.5718
14494,6.765625,1021.8876
14495,6.765625,1083.8041
14496,6.765625,1142.0778
14497,6.765625,1196.5128
14498,6.765625,1246.9262
14499,6.765625,1293.195
14500,6.765625,1335.066
14501,6.765625,1372.4684
14502,6.765625,1405.2367
14503,6.765625,1433.2955
14504,6.765625,1456.5316
14505,6.765625,1474.8671
14506,6.765625,1488.24
14507,6.765625,1496.6086
14508,6.765625,1499.9359
14509,6.765625,1498.2142
14510,6.765625,1491.451
14511,6.765625,1479.6621
14512,6.75,1462.8894
14513,6.75,1441.1766
14514,6.75,1414.6199
14515,6.75,1383.2806
14516,6.75,1347.2975
14517,6.75,1306.7538
14518,6.75,1261.8288
14519,6.75,1212.6268
14520,6.734375,1159.307
14521,6.734375,1102.1054
14522,6.734375,1041.1876
14523,6.734375,976.7246
14524,6.734375,909.0013
14525,6.71875,838.137
14526,6.71875,764.5196
14527,6.71875,688.28376
14528,6.71875,609.72476
14529,6.703125,529.1077
14530,6.703125,446.6611
14531,6.703125,362.70532
14532,6.6875,277.56896
14533,6.6875,191.45034
14534,6.6875,104.68484
14535,6.6875,17.565628
14536,6.671875,-69.61294
14537,6.671875,-156.55629
14538,6.671875,-243.01586
14539,6.671875,-328.6534
14540,6.65625,-413.13536
14541,6.65625,-496.26456
14542,6.65625,-577.7152
14543,6.65625,-657.2118
14544,6.65625,-734.4855
14545,6.65625,-809.3133
14546,6.640625,-881.3639
14547,6.640625,-950.46872
14548,6.640625,-1016.35532
14549,6.625,-1078.8006
14550,6.625,-1137.5634
14551,6.625,-1192.5339
14552,6.625,-1243.4368
14553,6.609375,-1290.1295
14554,6.609375,-1332.475
14555,6.609375,-1370.304
14556,6.609375,-1403.4883
14557,6.609375,-1431.9156
14558,6.59375,-1455.4784
14559,6.59375,-1474.1299
14560,6.59375,-1487.7738
14561,6.59375,-1496.3782
14562,6.59375,-1499.9047
14563,6.59375,-1498.345
14564,6.59375,-1491.7015
14565,6.578125,-1479.9966
14566,6.578125,-1463.27
14567,6.578125,-1441.5785
14568,6.578125,-1414.9805
14569,6.578125,-1383.5939
14570,6.578125,-1347.5128
14571,6.578125,-1306.8147
14572,6.578125,-1261.7226
14573,6.578125,-1212.2955
14574,6.578125,-1158.8047
14575,6.578125,-1101.3197
14576,6.578125,-1040.123
14577,6.578125,-975.3588
14578,6.578125,-907.3147
14579,6.578125,-836.1127
14580,6.578125,-762.1437
14581,6.578125,-685.50468
14582,6.578125,-606.5741
14583,6.578125,-525.5812
14584,6.578125,-442.757416
14585,6.578125,-358.4711
14586,6.578125,-272.92092
14587,6.578125,-186.4418
14588,6.578125,-99.32808
14589,6.59375,-11.830499
14590,6.59375,75.61595
14591,6.59375,162.89632
14592,6.59375,249.5765
14593,6.59375,335.4518
14594,6.59375,420.18416
14595,6.59375,503.48484
14596,6.59375,585.07
14597,6.59375,664.6616
14598,6.59375,741.9886
14599,6.59375,816.8258
14600,6.59375,888.8401
14601,6.59375,957.8611
14602,6.59375,1023.615
14603,6.59375,1085.8774
14604,6.609375,1144.4363
14605,6.609375,1199.1192
14606,6.609375,1249.6568
14607,6.609375,1295.983
14608,6.609375,1337.884
14609,6.609375,1375.1987
14610,6.609375,1407.8386
14611,6.609375,1435.6849
14612,6.609375,1458.6134
14613,6.609375,1476.5616
14614,6.59375,1489.4683
14615,6.59375,1497.292
14616,6.59375,1499.998
14617,6.59375,1497.5797
14618,6.59375,1490.0428
14619,6.59375,1477.4052
14620,6.59375,1459.723
14621,6.59375,1437.0515
14622,6.59375,1409.4683
14623,6.59375,1377.0493
14624,6.59375,1339.9188
14625,6.59375,1298.2267
14626,6.578125,1252.072
14627,6.578125,1201.606
14628,6.578125,1147.0538
14629,6.578125,1088.5454
14630,6.578125,1026.342
14631,6.578125,960.6271
14632,6.578125,891.588432
14633,6.5625,819.49603
14634,6.5625,744.5968
14635,6.5625,667.10616
14636,6.5625,587.3704
14637,6.5625,505.57976
14638,6.5625,422.1435
14639,6.546875,337.1736
14640,6.546875,251.0477
14641,6.546875,164.06102
14642,6.546875,76.511824
14643,6.53125,-11.345475
14644,6.53125,-99.1181632
14645,6.53125,-186.59642
14646,6.53125,-273.38922
14647,6.515625,-359.28912
14648,6.515625,-443.95584
14649,6.515625,-527.09876
14650,6.515625,-608.39076
14651,6.515625,-687.67816
14652,6.515625,-764.5634
14653,6.515625,-838.862336
14654,6.5,-910.24284
14655,6.5,-978.5339
14656,6.5,-1043.4628
14657,6.5,-1104.8065
14658,6.5,-1162.3544
14659,6.5,-1215.9354
14660,6.5,-1265.3097
14661,6.5,-1310.359
14662,6.5,-1350.8815
14663,6.5,-1386.78
14664,6.5,-1417.9089
14665,6.5,-1444.161
14666,6.5,-1465.4559
14667,6.5,-1481.7053
14668,6.5,-1492.8486
14669,6.5,-1498.8592
14670,6.5,-1499.7103
14671,6.5,-1495.3996
14672,6.5,-1485.9404
14673,6.5,-1471.3651
14674,6.5,-1451.7238
14675,6.5,-1427.0703
14676,6.5,-1397.5149
14677,6.5,-1363.1288
14678,6.515625,-1324.0446
14679,6.515625,-1280.3968
14680,6.515625,-1232.3363
14681,6.515625,-1180.0283
14682,6.515625,-1123.6536
14683,6.515625,-1063.3735
14684,6.53125,-999.45884
14685,6.53125,-932.02784
14686,6.53125,-861.452736
14687,6.53125,-787.86976
14688,6.546875,-711.5684
14689,6.546875,-632.8121
14690,6.546875,-551.82996
14691,6.5625,-468.941868
14692,6.5625,-384.4785
14693,6.5625,-298.64374
14694,6.578125,-211.82284
14695,6.578125,-124.17992
14696,6.578125,-36.15342
14697,6.578125,51.99794
14698,6.59375,139.96971
14699,6.59375,227.54858
14700,6.59375,314.25036
14701,6.609375,399.910968
14702,6.609375,484.1456
14703,6.609375,566.7929
14704,6.609375,647.4373
14705,6.625,725.8434
14706,6.625,801.7399
14707,6.640625,874.93896
14708,6.640625,945.035664
14709,6.640625,1011.8989
14710,6.640625,1075.26
14711,6.65625,1134.8999
14712,6.65625,1190.6119
14713,6.65625,1242.229
14714,6.65625,1289.519
14715,6.65625,1332.3673
14716,6.65625,1370.5995
14717,6.65625,1404.0832
14718,6.671875,1432.689
14719,6.671875,1456.3583
14720,6.671875,1474.9685
14721,6.671875,1488.4744
14722,6.671875,1496.8152
14723,6.6875,1499.9704
14724,6.6875,1497.9238
14725,6.6875,1490.6821
14726,6.6875,1478.2708
14727,6.6875,1460.7326
14728,6.6875,1438.1284
14729,6.6875,1410.5211
14730,6.6875,1378.0352
14731,6.703125,1340.7289
14732,6.703125,1298.8092
14733,6.703125,1252.3346
14734,6.703125,1201.5626
14735,6.703125,1146.5644
14736,6.703125,1087.6133
14737,6.703125,1024.8528
14738,6.703125,958.5659
14739,6.703125,888.87748
14740,6.703125,816.1735
14741,6.703125,740.55648
14742,6.703125,662.44524
14743,6.703125,581.9499
14744,6.703125,499.47308
14745,6.703125,415.21656
14746,6.6875,329.5602
14747,6.6875,242.66818
14748,6.6875,155.02214
14749,6.6875,66.7459
14750,6.6875,-21.671238
14751,6.6875,-110.10438
14752,6.6875,-198.108684
14753,6.6875,-285.46876
14754,6.6875,-371.83472
14755,6.6875,-456.90572
14756,6.6875,-540.38556
14757,6.6875,-621.98364
14758,6.6875,-701.4156
14759,6.6875,-778.444036
14760,6.671875,-852.72104
14761,6.671875,-924.06468
14762,6.671875,-992.1868
14763,6.671875,-1056.8502
14764,6.671875,-1117.8294
14765,6.671875,-1174.9116
14766,6.671875,-1227.8981
14767,6.671875,-1276.628
14768,6.671875,-1320.8812
14769,6.671875,-1360.5492
14770,6.671875,-1395.4691
14771,6.671875,-1425.5337
14772,6.671875,-1450.5951
14773,6.671875,-1470.6177
14774,6.671875,-1485.4966
14775,6.671875,-1495.1916
14776,6.671875,-1499.6699
14777,6.671875,-1498.9096
14778,6.671875,-1492.9174
14779,6.671875,-1481.7012
14780,6.671875,-1465.3135
14781,6.6875,-1443.7946
14782,6.6875,-1417.2568
14783,6.6875,-1385.7384
14784,6.6875,-1349.3742
14785,6.6875,-1308.2914
14786,6.6875,-1262.6583
14787,6.6875,-1212.5606
14788,6.6875,-1158.2473
14789,6.6875,-1099.8527
14790,6.6875,-1037.6411
14791,6.703125,-971.80092
14792,6.703125,-902.52608
14793,6.703125,-830.09184
14794,6.703125,-754.75184
14795,6.71875,-676.729
14796,6.71875,-596.3769
14797,6.71875,-513.9372
14798,6.71875,-429.69836
14799,6.71875,-343.9109
14800,6.71875,-256.9183
14801,6.71875,-169.02544
14802,6.71875,-80.5403
14803,6.734375,8.27284
14804,6.734375,97.01128
14805,6.734375,185.40978
14806,6.734375,273.15856
14807,6.734375,359.994668
14808,6.734375,445.568
14809,6.75,529.57836
14810,6.75,611.73116
14811,6.75,691.77868
14812,6.75,769.358036
14813,6.75,844.2764
14814,6.75,916.194064
14815,6.75,984.932432
14816,6.75,1050.2124
14817,6.75,1111.8048
14818,6.75,1169.4932
14819,6.75,1223.1016
14820,6.765625,1272.3867
14821,6.765625,1317.226
14822,6.765625,1357.4158
14823,6.765625,1392.8561
14824,6.765625,1423.4008
14825,6.765625,1448.9421
14826,6.765625,1469.3906
14827,6.765625,1484.6808
14828,6.75,1494.7433
14829,6.75,1499.5528
14830,6.75,1499.0878
14831,6.75,1493.3492
14832,6.75,1482.3561
14833,6.75,1466.1473
14834,6.75,1444.7798
14835,6.75,1418.3138
14836,6.75,1386.8698
14837,6.75,1350.5259
14838,6.75,1309.4476
14839,6.734375,1263.7373
14840,6.734375,1213.5491
14841,6.734375,1159.111
14842,6.734375,1100.5903
14843,6.734375,1038.1602
14844,6.734375,972.1046
14845,6.71875,902.588432
14846,6.71875,829.9281
14847,6.71875,754.3051
14848,6.71875,675.9817
14849,6.703125,595.3144
14850,6.703125,512.54816
14851,6.703125,427.930936
14852,6.6875,341.84792
14853,6.6875,254.5145
14854,6.6875,166.28279
14855,6.6875,77.46419
14856,6.671875,-11.627803
14857,6.671875,-100.678768
14858,6.671875,-189.37438
14859,6.65625,-277.49158
14860,6.65625,-364.53856
14861,6.65625,-450.342632
14862,6.65625,-534.5128
14863,6.640625,-616.87992
14864,6.640625,-697.024836
14865,6.640625,-774.7071
14866,6.640625,-849.6523
14867,6.625,-921.6678
14868,6.625,-990.3517
14869,6.625,-1055.569
14870,6.625,-1117.0531
14871,6.625,-1174.5867
14872,6.609375,-1227.966
14873,6.609375,-1277.0024
14874,6.609375,-1321.5442
14875,6.609375,-1361.4072
14876,6.59375,-1396.4337
14877,6.59375,-1426.5498
14878,6.59375,-1451.5873
14879,6.59375,-1471.4999
14880,6.59375,-1486.209
14881,6.59375,-1495.6476
14882,6.59375,-1499.7911
14883,6.578125,-1498.6211
14884,6.578125,-1492.1439
14885,6.578125,-1480.3693
14886,6.578125,-1463.363
14887,6.578125,-1441.1634
14888,6.578125,-1413.8411
14889,6.578125,-1381.5209
14890,6.578125,-1344.2843
14891,6.578125,-1302.2788
14892,6.578125,-1255.6784
14893,6.578125,-1204.5735
14894,6.578125,-1149.2496
14895,6.578125,-1089.7899
14896,6.578125,-1026.4936
14897,6.578125,-959.52056
14898,6.578125,-889.17692
14899,6.578125,-815.6021
14900,6.578125,-739.2075
14901,6.578125,-660.1494
14902,6.59375,-578.747
14903,6.59375,-495.2894
14904,6.59375,-410.0288
14905,6.59375,-323.35536
14906,6.59375,-235.4884
14907,6.59375,-146.78432
14908,6.59375,-57.558452
14909,6.59375,31.917804
14910,6.59375,121.189224
14911,6.59375,210.12092
14912,6.609375,298.26004
14913,6.609375,385.38316
14914,6.609375,471.09144
14915,6.609375,555.2101
14916,6.609375,637.2681
14917,6.609375,717.1412
14918,6.609375,794.3821
14919,6.609375,868.8737
14920,6.609375,940.27024
14921,6.625,1008.2836
14922,6.625,1072.741
14923,6.625,1133.3771
14924,6.625,1189.976
14925,6.625,1242.3617
14926,6.625,1290.2706
14927,6.625,1333.6301
14928,6.625,1372.2344
14929,6.625,1405.9294
14930,6.625,1434.6299
14931,6.625,1458.2254
14932,6.625,1476.5998
14933,6.625,1489.7252
14934,6.625,1497.5305
14935,6.625,1499.9958
14936,6.625,1497.1099
14937,6.625,1488.88
14938,6.625,1475.3441
14939,6.625,1456.5254
14940,6.625,1432.5161
14941,6.625,1403.3937
14942,6.609375,1369.2618
14943,6.609375,1330.2214
14944,6.609375,1286.428
14945,6.609375,1238.0641
14946,6.609375,1185.2529
14947,6.609375,1128.1764
14948,6.609375,1067.0972
14949,6.609375,1002.2051
14950,6.59375,933.73208
14951,6.59375,861.8852
14952,6.59375,786.95576
14953,6.59375,709.2115
14954,6.59375,628.9722
14955,6.59375,546.4003
14956,6.59375,461.91564
14957,6.578125,375.73456
14958,6.578125,288.25308
14959,6.578125,199.74066
14960,6.578125,110.468152
14961,6.578125,20.80013
14962,6.578125,-68.94236
14963,6.578125,-158.48354
14964,6.5625,-247.41156
14965,6.5625,-335.49838
14966,6.5625,-422.2949
14967,6.5625,-507.6672
14968,6.5625,-591.22
14969,6.546875,-672.6538
14970,6.546875,-751.67692
14971,6.546875,-828.0441
14972,6.546875,-901.404
14973,6.546875,-971.5682
14974,6.546875,-1038.2135
14975,6.53125,-1101.1692
14976,6.53125,-1160.145
14977,6.53125,-1214.9899
14978,6.53125,-1265.4758
14979,6.53125,-1311.4437
14980,6.53125,-1352.6821
14981,6.53125,-1389.0847
14982,6.53125,-1420.4841
14983,6.53125,-1446.7994
14984,6.53125,-1467.9187
14985,6.53125,-1483.7662
14986,6.53125,-1494.2852
14987,6.53125,-1499.439
14988,6.53125,-1499.2037
14989,6.53125,-1493.5801
14990,6.53125,-1482.5941
14991,6.53125,-1466.274
14992,6.53125,-1444.6829
14993,6.53125,-1417.898
14994,6.53125,-1386.0158
14995,6.53125,-1349.131
14996,6.53125,-1307.4133
14997,6.53125,-1260.9711
14998,6.53125,-1210.018
14999,6.53125,-1154.6565
15000,6.53125,-1095.1669
15001,6.546875,-1031.7362
15002,6.546875,-964.59268
15003,6.546875,-893.9411
15004,6.546875,-820.1078
15005,6.546875,-743.2833
15006,6.546875,-663.8224
15007,6.546875,-581.9305
15008,6.5625,-497.94224
15009,6.5625,-412.11628
15010,6.5625,-324.8489
15011,6.5625,-236.36614
15012,6.5625,-147.07662
15013,6.578125,-57.21154
15014,6.578125,32.81407
15015,6.578125,122.81273
15016,6.578125,212.322768
15017,6.578125,301.06716
15018,6.578125,388.72592
15019,6.59375,475.02644
15020,6.59375,559.5697
15021,6.59375,642.17804
15022,6.59375,722.38576
15023,6.609375,800.0272
15024,6.609375,874.781
15025,6.609375,946.4126
15026,6.609375,1014.5909
15027,6.609375,1079.1387
15028,6.625,1139.7574
15029,6.625,1196.3174
15030,6.625,1248.4995
15031,6.625,1296.1981
15032,6.625,1339.2131
15033,6.625,1377.4074
15034,6.625,1410.6041
15035,6.640625,1438.7168
15036,6.640625,1461.6155
15037,6.640625,1479.248
15038,6.640625,1491.5151
15039,6.640625,1498.395
15040,6.640625,1499.8547
15041,6.640625,1495.8873
15042,6.640625,1486.5095
15043,6.640625,1471.7373
15044,6.640625,1451.6542
15045,6.640625,1426.3063
15046,6.640625,1395.7943
15047,6.640625,1360.2286
15048,6.640625,1319.7382
15049,6.640625,1274.4453
15050,6.640625,1224.5598
15051,6.640625,1170.1835
15052,6.640625,1111.6232
15053,6.640625,1049.0055
15054,6.640625,982.5858
15055,6.640625,912.605
15056,6.640625,839.27852
15057,6.640625,762.946836
15058,6.640625,683.8499
15059,6.640625,602.1906
15060,6.640625,518.43036
15061,6.640625,432.7035
15062,6.640625,345.494268
15063,6.625,256.94266
15064,6.625,167.50345
15065,6.625,77.41081
15066,6.625,-12.917175
15067,6.625,-103.289632
15068,6.625,-193.1958
15069,6.625,-282.491
15070,6.625,-370.67052
15071,6.625,-457.59248
15072,6.625,-542.8082
15073,6.609375,-626.0943
15074,6.609375,-707.064
15075,6.609375,-785.5438
15076,6.609375,-861.09016
15077,6.609375,-933.58092
15078,6.609375,-1002.6063
15079,6.609375,-1068.0549
15080,6.609375,-1129.5867
15081,6.609375,-1187.0402
15082,6.609375,-1240.1738
15083,6.609375,-1288.7947
15084,6.609375,-1332.7255
15085,6.59375,-1371.8065
15086,6.59375,-1405.8956
15087,6.609375,-1434.882
15088,6.609375,-1458.6307
15089,6.609375,-1477.0797
15090,6.609375,-1490.1428
15091,6.609375,-1497.7882
15092,6.609375,-1499.9725
15093,6.609375,-1496.6929
15094,6.609375,-1487.9613
15095,6.625,-1473.8009
15096,6.625,-1454.2778
15097,6.625,-1429.4434
15098,6.625,-1399.3967
15099,6.625,-1364.2473
15100,6.625,-1324.1234
15101,6.625,-1279.1472
15102,6.640625,-1229.5547
15103,6.640625,-1175.4264
15104,6.640625,-1117.0077
15105,6.640625,-1054.5117
15106,6.65625,-988.20136
15107,6.65625,-918.2152
15108,6.65625,-844.9119
15109,6.65625,-768.5248
15110,6.65625,-689.3324
15111,6.65625,-607.5821
15112,6.65625,-523.6119
15113,6.65625,-437.77228
15114,6.671875,-350.2903
15115,6.671875,-261.48334
15116,6.671875,-171.76554
15117,6.671875,-81.37443
15118,6.671875,9.2227544
15119,6.6875,99.87762
15120,6.6875,190.167184
15121,6.6875,279.76124
15122,6.6875,368.3321
15123,6.703125,455.555816
15124,6.703125,541.11332
15125,6.703125,624.7334
15126,6.703125,706.0259
15127,6.71875,784.7751
15128,6.71875,860.651264
15129,6.71875,933.37632
15130,6.71875,1002.6503
15131,6.71875,1068.3214
15132,6.71875,1130.0472
15133,6.71875,1187.6637
15134,6.71875,1240.902
15135,6.734375,1289.6205
15136,6.734375,1333.6128
15137,6.734375,1372.7178
15138,6.734375,1406.7919
15139,6.734375,1435.7104
15140,6.734375,1459.3673
15141,6.734375,1477.6838
15142,6.734375,1490.5744
15143,6.75,1498.0046
15144,6.75,1499.9393
15145,6.75,1496.3716
15146,6.75,1487.3144
15147,6.75,1472.7924
15148,6.75,1452.8733
15149,6.75,1427.6104
15150,6.734375,1397.1216
15151,6.734375,1361.4883
15152,6.734375,1320.8552
15153,6.734375,1275.3718
15154,6.734375,1225.205
15155,6.734375,1170.5102
15156,6.734375,1111.5437
15157,6.734375,1048.4628
15158,6.734375,981.5622
15159,6.734375,911.0208
15160,6.734375,837.13052
15161,6.734375,760.16312
15162,6.71875,680.4015
15163,6.71875,598.09676
15164,6.71875,513.6342
15165,6.71875,427.19592
15166,6.71875,339.2733
15167,6.71875,250.058416
15168,6.6875,159.9234
15169,6.6875,69.19995
15170,6.65625,-21.778136
15171,6.640625,-112.72173
