k,dist_cm,dac_i2c
1,10.234375,1500.0
2,10.234375,1500.0
3,10.234375,1500.0
4,10.234375,1500.0
5,10.234375,1500.0
6,10.234375,1500.0
7,10.234375,1500.0
8,10.234375,1500.0
9,10.234375,1500.0
10,10.234375,1500.0
11,10.234375,1500.0
12,10.234375,1499.9999
13,10.234375,1499.9999
14,10.234375,1499.9999
15,10.234375,1499.9999
16,10.234375,1499.9999
17,10.234375,1499.9998
18,10.234375,1499.9996
19,10.234375,1499.9996
20,10.234375,1499.9995
21,10.234375,1499.9994
22,10.234375,1499.9993
23,10.234375,1499.9992
24,10.234375,1499.999
25,10.234375,1499.9988
26,10.234375,1499.9986
27,10.234375,1499.9984
28,10.234375,1499.9982
29,10.234375,1499.9978
30,10.234375,1499.9976
31,10.234375,1499.9972
32,10.234375,1499.9968
33,10.234375,1499.9964
34,10.234375,1499.996
35,10.234375,1499.9955
36,10.234375,1499.995
37,10.234375,1499.9944
38,10.234375,1499.9938
39,10.234375,1499.993
40,10.234375,1499.9923
41,10.234375,1499.9914
42,10.234375,1499.9907
43,10.234375,1499.9898
44,10.234375,1499.9888
45,10.234375,1499.9877
46,10.234375,1499.9866
47,10.234375,1499.9854
48,10.234375,1499.9841
49,10.234375,1499.9828
50,10.234375,1499.9812
51,10.234375,1499.9797
52,10.234375,1499.9782
53,10.234375,1499.9763
54,10.234375,1499.9745
55,10.234375,1499.9725
56,10.234375,1499.9704
57,10.234375,1499.9684
58,10.234375,1499.9661
59,10.234375,1499.9636
60,10.234375,1499.961
61,10.234375,1499.9584
62,10.234375,1499.9557
63,10.234375,1499.9528
64,10.234375,1499.9497
65,10.234375,1499.9464
66,10.234375,1499.943
67,10.234375,1499.9396
68,10.234375,1499.9359
69,10.234375,1499.932
70,10.234375,1499.928
71,10.234375,1499.9237
72,10.234375,1499.9193
73,10.234375,1499.9148
74,10.234375,1499.91
75,10.234375,1499.905
76,10.234375,1499.8999
77,10.234375,1499.8945
78,10.234375,1499.8889
79,10.234375,1499.8832
80,10.234375,1499.8772
81,10.234375,1499.8708
82,10.234375,1499.8644
83,10.234375,1499.8577
84,10.234375,1499.8506
85,10.234375,1499.8434
86,10.234375,1499.8359
87,10.234375,1499.8281
88,10.234375,1499.8201
89,10.234375,1499.8118
90,10.234375,1499.8032
91,10.234375,1499.7943
92,10.234375,1499.785
93,10.234375,1499.7756
94,10.234375,1499.7658
95,10.234375,1499.7556
96,10.234375,1499.7452
97,10.234375,1499.7345
98,10.234375,1499.7233
99,10.234375,1499.7118
100,10.234375,1499.7001
101,10.234375,1499.6878
102,10.234375,1499.6753
103,10.234375,1499.6624
104,10.234375,1499.649
105,10.234375,1499.6354
106,10.234375,1499.6212
107,10.234375,1499.6068
108,10.234375,1499.5918
109,10.234375,1499.5765
110,10.234375,1499.5608
111,10.234375,1499.5446
112,10.234375,1499.528
113,10.234375,1499.5109
114,10.234375,1499.4933
115,10.234375,1499.4754
116,10.234375,1499.4569
117,10.234375,1499.4379
118,10.234375,1499.4184
119,10.234375,1499.3984
120,10.234375,1499.378
121,10.234375,1499.3569
122,10.234375,1499.3354
123,10.234375,1499.3134
124,10.234375,1499.2908
125,10.234375,1499.2677
126,10.234375,1499.2439
127,10.234375,1499.2196
128,10.234375,1499.1948
129,10.234375,1499.1693
130,10.234375,1499.1432
131,10.234375,1499.1166
132,10.234375,1499.0894
133,10.234375,1499.0614
134,10.234375,1499.0328
135,10.234375,1499.0037
136,10.234375,1498.9738
137,10.234375,1498.9434
138,10.234375,1498.9121
139,10.234375,1498.8802
140,10.234375,1498.8476
141,10.234375,1498.8143
142,10.234375,1498.7804
143,10.234375,1498.7457
144,10.234375,1498.7102
145,10.234375,1498.674
146,10.234375,1498.6371
147,10.234375,1498.5994
148,10.234375,1498.5609
149,10.234375,1498.5216
150,10.234375,1498.4816
151,10.234375,1498.4407
152,10.234375,1498.3989
153,10.234375,1498.3563
154,10.234375,1498.313
155,10.234375,1498.2687
156,10.234375,1498.2236
157,10.234375,1498.1776
158,10.234375,1498.1307
159,10.234375,1498.083
160,10.234375,1498.0344
161,10.234375,1497.9848
162,10.234375,1497.9342
163,10.234375,1497.8828
164,10.234375,1497.8303
165,10.234375,1497.777
166,10.234375,1497.7225
167,10.234375,1497.6672
168,10.234375,1497.6108
169,10.234375,1497.5535
170,10.234375,1497.4951
171,10.234375,1497.4357
172,10.234375,1497.3751
173,10.234375,1497.3136
174,10.234375,1497.2508
175,10.234375,1497.1871
176,10.234375,1497.1223
177,10.234375,1497.0564
178,10.234375,1496.9894
179,10.234375,1496.9212
180,10.234375,1496.8518
181,10.234375,1496.7812
182,10.234375,1496.7096
183,10.234375,1496.6367
184,10.234375,1496.5626
185,10.234375,1496.4873
186,10.234375,1496.4108
187,10.234375,1496.333
188,10.234375,1496.2539
189,10.234375,1496.1737
190,10.234375,1496.0922
191,10.234375,1496.0092
192,10.234375,1495.925
193,10.234375,1495.8395
194,10.234375,1495.7527
195,10.234375,1495.6644
196,10.234375,1495.5748
197,10.234375,1495.4839
198,10.234375,1495.3915
199,10.234375,1495.2977
200,10.234375,1495.2026
201,10.234375,1495.106
202,10.234375,1495.0078
203,10.234375,1494.9083
204,10.234375,1494.8074
205,10.234375,1494.7048
206,10.234375,1494.6008
207,10.234375,1494.4954
208,10.234375,1494.3882
209,10.234375,1494.2796
210,10.234375,1494.1693
211,10.234375,1494.0576
212,10.234375,1493.9442
213,10.234375,1493.8292
214,10.234375,1493.7125
215,10.234375,1493.5944
216,10.234375,1493.4744
217,10.234375,1493.3528
218,10.234375,1493.2295
219,10.234375,1493.1045
220,10.234375,1492.9778
221,10.234375,1492.8494
222,10.234375,1492.7191
223,10.234375,1492.5872
224,10.234375,1492.4534
225,10.234375,1492.3179
226,10.234375,1492.1806
227,10.234375,1492.0414
228,10.234375,1491.9003
229,10.234375,1491.7574
230,10.234375,1491.6126
231,10.234375,1491.466
232,10.234375,1491.3174
233,10.234375,1491.1668
234,10.234375,1491.0143
235,10.234375,1490.86
236,10.234375,1490.7035
237,10.234375,1490.545
238,10.234375,1490.3846
239,10.234375,1490.2222
240,10.234375,1490.0576
241,10.234375,1489.8912
242,10.234375,1489.7225
243,10.234375,1489.5518
244,10.234375,1489.379
245,10.234375,1489.204
246,10.234375,1489.0268
247,10.234375,1488.8475
248,10.234375,1488.666
249,10.234375,1488.4824
250,10.234375,1488.2965
251,10.234375,1488.1083
252,10.234375,1487.918
253,10.234375,1487.7254
254,10.234375,1487.5304
255,10.234375,1487.3331
256,10.234375,1487.1336
257,10.234375,1486.9315
258,10.234375,1486.7274
259,10.234375,1486.5206
260,10.234375,1486.3116
261,10.234375,1486.1001
262,10.234375,1485.8862
263,10.234375,1485.6698
264,10.234375,1485.4509
265,10.234375,1485.2296
266,10.234375,1485.0058
267,10.234375,1484.7794
268,10.234375,1484.5505
269,10.234375,1484.3191
270,10.234375,1484.0851
271,10.234375,1483.8484
272,10.234375,1483.609
273,10.234375,1483.3671
274,10.234375,1483.1226
275,10.234375,1482.8752
276,10.234375,1482.6252
277,10.234375,1482.3726
278,10.234375,1482.1172
279,10.234375,1481.859
280,10.234375,1481.598
281,10.234375,1481.3344
282,10.234375,1481.0678
283,10.234375,1480.7984
284,10.234375,1480.5261
285,10.234375,1480.251
286,10.234375,1479.9729
287,10.234375,1479.692
288,10.234375,1479.4082
289,10.234375,1479.1213
290,10.234375,1478.8316
291,10.234375,1478.5387
292,10.234375,1478.2429
293,10.234375,1477.9441
294,10.234375,1477.6422
295,10.234375,1477.3372
296,10.234375,1477.0292
297,10.234375,1476.718
298,10.234375,1476.4037
299,10.234375,1476.0862
300,10.234375,1475.7655
301,10.234375,1475.4416
302,10.234375,1475.1146
303,10.234375,1474.7843
304,10.234375,1474.4507
305,10.234375,1474.1138
306,10.234375,1473.7737
307,10.234375,1473.4302
308,10.234375,1473.0834
309,10.234375,1472.7332
310,10.234375,1472.3795
311,10.234375,1472.0224
312,10.234375,1471.6621
313,10.234375,1471.2982
314,10.234375,1470.9308
315,10.234375,1470.5599
316,10.234375,1470.1857
317,10.234375,1469.8078
318,10.234375,1469.4263
319,10.234375,1469.0411
320,10.234375,1468.6525
321,10.234375,1468.2602
322,10.234375,1467.8642
323,10.234375,1467.4647
324,10.234375,1467.0614
325,10.234375,1466.6543
326,10.234375,1466.2436
327,10.234375,1465.8291
328,10.234375,1465.4108
329,10.234375,1464.9886
330,10.234375,1464.5628
331,10.234375,1464.1329
332,10.234375,1463.6994
333,10.234375,1463.2618
334,10.234375,1462.8204
335,10.234375,1462.375
336,10.234375,1461.9256
337,10.234375,1461.4723
338,10.234375,1461.015
339,10.234375,1460.5536
340,10.234375,1460.0881
341,10.234375,1459.6188
342,10.234375,1459.145
343,10.234375,1458.6674
344,10.234375,1458.1856
345,10.234375,1457.6995
346,10.234375,1457.2092
347,10.234375,1456.7147
348,10.234375,1456.2162
349,10.234375,1455.7131
350,10.234375,1455.2059
351,10.234375,1454.6944
352,10.234375,1454.1786
353,10.234375,1453.6584
354,10.234375,1453.1338
355,10.234375,1452.6048
356,10.234375,1452.0714
357,10.234375,1451.5336
358,10.234375,1450.9912
359,10.234375,1450.4443
360,10.234375,1449.8931
361,10.234375,1449.337
362,10.234375,1448.7766
363,10.234375,1448.2116
364,10.234375,1447.6418
365,10.234375,1447.0676
366,10.234375,1446.4886
367,10.234375,1445.9049
368,10.234375,1445.3165
369,10.234375,1444.7234
370,10.234375,1444.1255
371,10.234375,1443.5228
372,10.234375,1442.9154
373,10.234375,1442.3031
374,10.234375,1441.6859
375,10.234375,1441.0638
376,10.234375,1440.4369
377,10.234375,1439.8049
378,10.234375,1439.1681
379,10.234375,1438.5262
380,10.234375,1437.8795
381,10.234375,1437.2277
382,10.234375,1436.5707
383,10.234375,1435.9087
384,10.234375,1435.2416
385,10.234375,1434.5693
386,10.234375,1433.892
387,10.234375,1433.2094
388,10.234375,1432.5215
389,10.234375,1431.8285
390,10.234375,1431.1304
391,10.234375,1430.4268
392,10.234375,1429.7179
393,10.234375,1429.0037
394,10.234375,1428.2842
395,10.234375,1427.5592
396,10.234375,1426.829
397,10.234375,1426.0933
398,10.234375,1425.3519
399,10.234375,1424.6054
400,10.234375,1423.8532
401,10.234375,1423.0953
402,10.234375,1422.332
403,10.234375,1421.5632
404,10.234375,1420.7887
405,10.234375,1420.0086
406,10.234375,1419.2229
407,10.234375,1418.4314
408,10.234375,1417.6343
409,10.234375,1416.8313
410,10.234375,1416.0226
411,10.234375,1415.2082
412,10.234375,1414.388
413,10.234375,1413.5618
414,10.234375,1412.7298
415,10.234375,1411.892
416,10.234375,1411.0482
417,10.234375,1410.1984
418,10.234375,1409.3428
419,10.234375,1408.4811
420,10.234375,1407.6133
421,10.234375,1406.7396
422,10.234375,1405.8598
423,10.234375,1404.9739
424,10.234375,1404.0819
425,10.234375,1403.1836
426,10.234375,1402.2793
427,10.234375,1401.3686
428,10.234375,1400.4519
429,10.234375,1399.5287
430,10.234375,1398.5995
431,10.234375,1397.664
432,10.234375,1396.7218
433,10.234375,1395.7734
434,10.234375,1394.8187
435,10.234375,1393.8577
436,10.234375,1392.8901
437,10.234375,1391.9161
438,10.234375,1390.9356
439,10.234375,1389.9485
440,10.234375,1388.9548
441,10.234375,1387.9547
442,10.234375,1386.948
443,10.234375,1385.9347
444,10.234375,1384.9147
445,10.234375,1383.888
446,10.234375,1382.8547
447,10.234375,1381.8144
448,10.234375,1380.7677
449,10.234375,1379.714
450,10.234375,1378.6537
451,10.234375,1377.5862
452,10.234375,1376.5122
453,10.234375,1375.4312
454,10.234375,1374.3433
455,10.234375,1373.2484
456,10.234375,1372.1465
457,10.234375,1371.0377
458,10.234375,1369.922
459,10.234375,1368.7991
460,10.234375,1367.6691
461,10.234375,1366.532
462,10.234375,1365.388
463,10.234375,1364.2366
464,10.234375,1363.0781
465,10.234375,1361.9126
466,10.234375,1360.7396
467,10.234375,1359.5594
468,10.234375,1358.3721
469,10.234375,1357.1772
470,10.234375,1355.9752
471,10.234375,1354.7658
472,10.234375,1353.549
473,10.234375,1352.3248
474,10.234375,1351.0932
475,10.234375,1349.854
476,10.234375,1348.6074
477,10.234375,1347.3533
478,10.234375,1346.0917
479,10.234375,1344.8223
480,10.234375,1343.5455
481,10.234375,1342.2611
482,10.234375,1340.9691
483,10.234375,1339.6693
484,10.234375,1338.3618
485,10.234375,1337.0466
486,10.234375,1335.7236
487,10.234375,1334.393
488,10.234375,1333.0544
489,10.234375,1331.708
490,10.234375,1330.3538
491,10.234375,1328.9917
492,10.234375,1327.6217
493,10.234375,1326.2438
494,10.234375,1324.8578
495,10.234375,1323.464
496,10.234375,1322.0621
497,10.234375,1320.6521
498,10.234375,1319.234
499,10.234375,1317.808
500,10.234375,1316.3738
501,10.234375,1314.9315
502,10.234375,1313.481
503,10.234375,1312.0222
504,10.234375,1310.5552
505,10.234375,1309.0801
506,10.234375,1307.5967
507,10.234375,1306.1048
508,10.234375,1304.6048
509,10.234375,1303.0964
510,10.234375,1301.5797
511,10.234375,1300.0544
512,10.234375,1298.5208
513,10.234375,1296.9788
514,10.234375,1295.4282
515,10.234375,1293.8692
516,10.234375,1292.3016
517,10.234375,1290.7255
518,10.234375,1289.1409
519,10.234375,1287.5476
520,10.234375,1285.9456
521,10.234375,1284.335
522,10.234375,1282.7158
523,10.234375,1281.0879
524,10.234375,1279.451
525,10.234375,1277.8057
526,10.234375,1276.1514
527,10.234375,1274.4884
528,10.234375,1272.8166
529,10.234375,1271.1359
530,10.234375,1269.4463
531,10.234375,1267.7479
532,10.234375,1266.0405
533,10.234375,1264.3241
534,10.234375,1262.5989
535,10.234375,1260.8644
536,10.234375,1259.1211
537,10.234375,1257.3688
538,10.234375,1255.6073
539,10.234375,1253.8367
540,10.234375,1252.057
541,10.234375,1250.2682
542,10.234375,1248.4701
543,10.234375,1246.663
544,10.234375,1244.8466
545,10.234375,1243.021
546,10.234375,1241.1859
547,10.234375,1239.3418
548,10.234375,1237.4882
549,10.234375,1235.6252
550,10.234375,1233.7532
551,10.234375,1231.8714
552,10.234375,1229.9805
553,10.234375,1228.0801
554,10.234375,1226.1702
555,10.234375,1224.2507
556,10.234375,1222.3218
557,10.234375,1220.3834
558,10.234375,1218.4354
559,10.234375,1216.478
560,10.234375,1214.5109
561,10.234375,1212.534
562,10.234375,1210.5477
563,10.234375,1208.5518
564,10.234375,1206.546
565,10.234375,1204.5305
566,10.234375,1202.5055
567,10.234375,1200.4706
568,10.234375,1198.4259
569,10.234375,1196.3714
570,10.234375,1194.3072
571,10.234375,1192.233
572,10.234375,1190.1492
573,10.234375,1188.0552
574,10.234375,1185.9515
575,10.234375,1183.8378
576,10.234375,1181.7141
577,10.234375,1179.5806
578,10.234375,1177.4369
579,10.234375,1175.2833
580,10.234375,1173.1198
581,10.234375,1170.9459
582,10.234375,1168.7622
583,10.234375,1166.5684
584,10.234375,1164.3642
585,10.234375,1162.1502
586,10.234375,1159.926
587,10.234375,1157.6916
588,10.234375,1155.4469
589,10.234375,1153.1921
590,10.234375,1150.927
591,10.234375,1148.6515
592,10.234375,1146.366
593,10.234375,1144.07
594,10.234375,1141.7638
595,10.234375,1139.4472
596,10.234375,1137.1202
597,10.234375,1134.783
598,10.234375,1132.4353
599,10.234375,1130.0772
600,10.234375,1127.7085
601,10.234375,1125.3295
602,10.234375,1122.94
603,10.234375,1120.54
604,10.234375,1118.1295
605,10.234375,1115.7086
606,10.234375,1113.277
607,10.234375,1110.8348
608,10.234375,1108.3822
609,10.234375,1105.9188
610,10.234375,1103.4448
611,10.234375,1100.9604
612,10.234375,1098.4652
613,10.234375,1095.9594
614,10.234375,1093.4429
615,10.234375,1090.9155
616,10.234375,1088.3776
617,10.234375,1085.8288
618,10.234375,1083.2695
619,10.234375,1080.6992
620,10.234375,1078.1182
621,10.234375,1075.5262
622,10.234375,1072.9237
623,10.234375,1070.3103
624,10.234375,1067.6859
625,10.234375,1065.0508
626,10.234375,1062.4047
627,10.234375,1059.7477
628,10.234375,1057.0797
629,10.234375,1054.401
630,10.234375,1051.7112
631,10.234375,1049.0105
632,10.234375,1046.299
633,10.234375,1043.5762
634,10.234375,1040.8425
635,10.234375,1038.0979
636,10.234375,1035.3422
637,10.234375,1032.5753
638,10.234375,1029.7976
639,10.234375,1027.0087
640,10.234375,1024.2088
641,10.234375,1021.3977
642,10.234375,1018.5756
643,10.234375,1015.74224
644,10.234375,1012.8979
645,10.234375,1010.0423
646,10.234375,1007.17552
647,10.234375,1004.29768
648,10.234375,1001.40856
649,10.234375,998.5083
650,10.234375,995.5968
651,10.234375,992.67416
652,10.234375,989.74024
653,10.234375,986.79508
654,10.234375,983.83852
655,10.234375,980.87084
656,10.234375,977.8919
657,10.234375,974.90176
658,10.234375,971.90016
659,10.234375,968.8874
660,10.234375,965.8632
661,10.234375,962.82776
662,10.234375,959.78092
663,10.234375,956.7228
664,10.234375,953.6533
665,10.234375,950.57245
666,10.234375,947.48032
667,10.234375,944.37668
668,10.234375,941.2616
669,10.234375,938.1353
670,10.234375,934.997568
671,10.234375,931.8484
672,10.234375,928.6878
673,10.234375,925.5158
674,10.234375,922.3323
675,10.234375,919.1374
676,10.234375,915.9311
677,10.234375,912.7134
678,10.234375,909.48416
679,10.234375,906.2434
680,10.234375,902.99132
681,10.234375,899.7277
682,10.234375,896.45268
683,10.234375,893.166
684,10.234375,889.868
685,10.234375,886.5584
686,10.234375,883.23736
687,10.234375,879.904832
688,10.234375,876.5607
689,10.234375,873.2052
690,10.234375,869.83816
691,10.234375,866.45952
692,10.234375,863.0694
693,10.234375,859.66784
694,10.234375,856.25464
695,10.234375,852.83
696,10.234375,849.39376
697,10.234375,845.946
698,10.234375,842.4869
699,10.234375,839.016
700,10.234375,835.5337
701,10.234375,832.03984
702,10.234375,828.5344
703,10.234375,825.0175
704,10.234375,821.4891
705,10.234375,817.9491
706,10.234375,814.3975
707,10.234375,810.8345
708,10.234375,807.2599
709,10.234375,803.6737
710,10.234375,800.07608
711,10.234375,796.46684
712,10.234375,792.8461
713,10.234375,789.21408
714,10.234375,785.5701
715,10.234375,781.915
716,10.234375,778.2482
717,10.234375,774.5698
718,10.234375,770.8801
719,10.234375,767.1788
720,10.234375,763.4659
721,10.234375,759.7415
722,10.234375,756.0058
723,10.234375,752.2585
724,10.234375,748.499636
725,10.234375,744.72948
726,10.234375,740.9477
727,10.234375,737.15452
728,10.234375,733.34984
729,10.234375,729.5338
730,10.234375,725.70624
731,10.234375,721.8672
732,10.234375,718.0168
733,10.234375,714.154836
734,10.234375,710.2816
735,10.234375,706.3969
736,10.234375,702.5009
737,10.234375,698.5934
738,10.234375,694.6747
739,10.234375,690.7444
740,10.234375,686.8028
741,10.234375,682.84984
742,10.234375,678.8857
743,10.234375,674.91016
744,10.234375,670.92316
745,10.234375,666.925
746,10.234375,662.9154
747,10.234375,658.89452
748,10.234375,654.8624
749,10.234375,650.8192
750,10.234375,646.76464
751,10.234375,642.6987
752,10.234375,638.6217
753,10.234375,634.5334
754,10.234375,630.434
755,10.234375,626.32336
756,10.234375,622.20168
757,10.234375,618.0687
758,10.234375,613.9247
759,10.234375,609.76952
760,10.234375,605.6032
761,10.234375,601.42584
762,10.234375,597.2373
763,10.234375,593.0379
764,10.234375,588.82732
765,10.234375,584.60584
766,10.234375,580.3732
767,10.234375,576.12964
768,10.234375,571.8752
769,10.234375,567.6098
770,10.234375,563.3335
771,10.234375,559.04616
772,10.234375,554.74804
773,10.234375,550.439
774,10.234375,546.119
775,10.234375,541.7885
776,10.234375,537.44696
777,10.234375,533.09468
778,10.234375,528.7316
779,10.234375,524.35784
780,10.234375,519.9735
781,10.234375,515.57824
782,10.234375,511.17256
783,10.234375,506.75596
784,10.234375,502.328868
785,10.234375,497.89128
786,10.234375,493.443
787,10.234375,488.98412
788,10.234375,484.514836
789,10.234375,480.03516
790,10.234375,475.5448
791,10.234375,471.044232
792,10.234375,466.533
793,10.234375,462.01144
794,10.234375,457.47968
795,10.234375,452.93748
796,10.234375,448.38492
797,10.234375,443.82216
798,10.234375,439.24928
799,10.234375,434.66596
800,10.234375,430.0727
801,10.234375,425.469032
802,10.234375,420.85532
803,10.234375,416.23164
804,10.234375,411.59784
805,10.234375,406.95392
806,10.234375,402.3001
807,10.234375,397.6364
808,10.234375,392.96252
809,10.234375,388.279016
810,10.234375,383.58544
811,10.234375,378.88208
812,10.234375,374.16908
813,10.234375,369.4462
814,10.234375,364.7137
815,10.234375,359.97128
816,10.234375,355.21948
817,10.234375,350.457968
818,10.234375,345.6868
819,10.234375,340.906216
820,10.234375,336.11604
821,10.234375,331.3163
822,10.234375,326.50726
823,10.234375,321.68892
824,10.234375,316.86118
825,10.234375,312.02402
826,10.234375,307.1777
827,10.234375,302.32208
828,10.234375,297.45736
829,10.234375,292.58348
830,10.234375,287.7005
831,10.234375,282.80844
832,10.234375,277.9073
833,10.234375,272.99722
834,10.234375,268.0782
835,10.234375,263.15032
836,10.234375,258.21376
837,10.234375,253.2681
838,10.234375,248.313808
839,10.234375,243.35092
840,10.234375,238.37928
841,10.234375,233.3991
842,10.234375,228.410308
843,10.234375,223.4129
844,10.234375,218.40712
845,10.234375,213.39282
846,10.234375,208.370268
847,10.234375,203.3393
848,10.234375,198.30014
849,10.234375,193.252668
850,10.234375,188.19694
851,10.234375,183.133216
852,10.234375,178.061316
853,10.234375,172.98148
854,10.234375,167.89377
855,10.234375,162.79788
856,10.234375,157.69422
857,10.234375,152.58286
858,10.234375,147.46364
859,10.234375,142.33682
860,10.234375,137.20227
861,10.234375,132.06004
862,10.234375,126.910352
863,10.234375,121.75311
864,10.234375,116.58854
865,10.234375,111.416504
866,10.234375,106.23726
867,10.234375,101.050668
868,10.234375,95.85681
869,10.234375,90.65589
870,10.234375,85.44799
871,10.234375,80.232992
872,10.234375,75.01094
873,10.234375,69.78209
874,10.234375,64.54632
875,10.234375,59.303852
876,10.234375,54.054584
877,10.234375,48.798584
878,10.234375,43.536088
879,10.234375,38.267148
880,10.234375,32.991484
881,10.234375,27.709688
882,10.234375,22.421472
883,10.234375,17.126898
884,10.234375,11.826029
885,10.234375,6.5192916
886,10.234375,1.2062131
887,10.234375,-4.112781
888,10.234375,-9.437624
889,10.234375,-14.768606
890,10.234375,-20.105124
891,10.234375,-25.447466
892,10.234375,-30.795562
893,10.234375,-36.149344
894,10.234375,-41.50839
895,10.234375,-46.873156
896,10.234375,-52.243224
897,10.234375,-57.61851
898,10.234375,-62.999316
899,10.234375,-68.38502
900,10.234375,-73.77592
901,10.234375,-79.17193
902,10.234375,-84.57298
903,10.234375,-89.97865
904,10.234375,-95.38939
905,10.234375,-100.80478
906,10.234375,-106.22472
907,10.234375,-111.649344
908,10.234375,-117.07856
909,10.234375,-122.5121
910,10.234375,-127.95009
911,10.234375,-133.39228
912,10.234375,-138.83873
913,10.234375,-144.28938
914,10.234375,-149.744
915,10.234375,-155.20248
916,10.234375,-160.66493
917,10.234375,-166.13127
918,10.234375,-171.60124
919,10.234375,-177.07492
920,10.234375,-182.55208
921,10.234375,-188.03282
922,10.234375,-193.51684
923,10.234375,-199.00426
924,10.234375,-204.495
925,10.234375,-209.98878
926,10.234375,-215.4857
927,10.234375,-220.98552
928,10.234375,-226.48832
929,10.234375,-231.99382
930,10.234375,-237.50212
931,10.234375,-243.012976
932,10.234375,-248.52644
933,10.234375,-254.042452
934,10.234375,-259.56072
935,10.234375,-265.08124
936,10.234375,-270.604
937,10.234375,-276.12894
938,10.234375,-281.6558
939,10.234375,-287.1847
940,10.234375,-292.71544
941,10.234375,-298.2479
942,10.234375,-303.7819
943,10.234375,-309.31754
944,10.234375,-314.8547
945,10.234375,-320.3932
946,10.234375,-325.933
947,10.234375,-331.4739
948,10.234375,-337.016032
949,10.234375,-342.559
950,10.234375,-348.103
951,10.234375,-353.647868
952,10.234375,-359.19332
953,10.234375,-364.73932
954,10.234375,-370.28592
955,10.234375,-375.833
956,10.234375,-381.380336
957,10.234375,-386.92796
958,10.234375,-392.4758
959,10.234375,-398.0236
960,10.234375,-403.57116
961,10.234375,-409.11868
962,10.234375,-414.666
963,10.234375,-420.21284
964,10.234375,-425.7591
965,10.234375,-431.305032
966,10.234375,-436.8502
967,10.234375,-442.39448
968,10.234375,-447.93792
969,10.234375,-453.480368
970,10.234375,-459.02172
971,10.234375,-464.56196
972,10.234375,-470.100868
973,10.234375,-475.63836
974,10.234375,-481.17426
975,10.234375,-486.70864
976,10.234375,-492.241184
977,10.234375,-497.771936
978,10.234375,-503.3007
979,10.234375,-508.82748
980,10.234375,-514.3522
981,10.234375,-519.8745
982,10.234375,-525.39452
983,10.234375,-530.912
984,10.234375,-536.42692
985,10.234375,-541.939
986,10.234375,-547.4484
987,10.234375,-552.95496
988,10.234375,-558.4584
989,10.234375,-563.9585
990,10.234375,-569.45544
991,10.234375,-574.9491
992,10.234375,-580.4392
993,10.234375,-585.9257
994,10.234375,-591.40844
995,10.234375,-596.8874
996,10.234375,-602.3625
997,10.234375,-607.8334
998,10.234375,-613.30004
999,10.234375,-618.7625
1000,10.234375,-624.2206
1001,10.234375,-629.67424
1002,10.234375,-635.1229
1003,10.234375,-640.56696
1004,10.234375,-646.0062
1005,10.234375,-651.4405
1006,10.234375,-656.8694
1007,10.234375,-662.2931
1008,10.234375,-667.7119
1009,10.234375,-673.12468
1010,10.234375,-678.53216
1011,10.234375,-683.93368
1012,10.234375,-689.3297
1013,10.234375,-694.7193
1014,10.234375,-700.10312
1015,10.234375,-705.480836
1016,10.234375,-710.8519
1017,10.234375,-716.21672
1018,10.234375,-721.57496
1019,10.234375,-726.9262
1020,10.234375,-732.27108
1021,10.234375,-737.6087
1022,10.234375,-742.93932
1023,10.234375,-748.2628
1024,10.234375,-753.5788
1025,10.234375,-758.8873
1026,10.234375,-764.188336
1027,10.234375,-769.4817
1028,10.234375,-774.76732
1029,10.234375,-780.04472
1030,10.234375,-785.31416
1031,10.234375,-790.5754
1032,10.234375,-795.8284
1033,10.234375,-801.07268
1034,10.234375,-806.3087
1035,10.234375,-811.5357
1036,10.234375,-816.75368
1037,10.234375,-821.963
1038,10.234375,-827.163
1039,10.234375,-832.3541
1040,10.25,-837.5352
1041,10.25,-842.7073
1042,10.25,-847.8697
1043,10.25,-853.02216
1044,10.25,-858.16472
1045,10.25,-863.2973
1046,10.25,-868.419568
1047,10.25,-873.5318
1048,10.25,-878.63336
1049,10.265625,-883.724336
1050,10.265625,-888.8045
1051,10.265625,-893.87416
1052,10.265625,-898.9326
1053,10.28125,-903.98
1054,10.28125,-909.0162
1055,10.28125,-914.0408
1056,10.28125,-919.0542
1057,10.28125,-924.0557
1058,10.28125,-929.0455
1059,10.28125,-934.0235
1060,10.28125,-938.98916
1061,10.28125,-943.9427
1062,10.296875,-948.8839
1063,10.296875,-953.81272
1064,10.296875,-958.72892
1065,10.3125,-963.6323
1066,10.3125,-968.522736
1067,10.3125,-973.40024
1068,10.3125,-978.2648
1069,10.328125,-983.1156
1070,10.328125,-987.9532
1071,10.328125,-992.7771
1072,10.328125,-997.58744
1073,10.328125,-1002.384
1074,10.34375,-1007.16624
1075,10.34375,-1011.9345
1076,10.359375,-1016.68856
1077,10.359375,-1021.4282
1078,10.359375,-1026.1531
1079,10.375,-1030.8633
1080,10.375,-1035.5588
1081,10.390625,-1040.2392
1082,10.390625,-1044.9048
1083,10.390625,-1049.5547
1084,10.390625,-1054.1893
1085,10.40625,-1058.8085
1086,10.40625,-1063.412
1087,10.40625,-1067.9995
1088,10.40625,-1072.5709
1089,10.40625,-1077.1265
1090,10.421875,-1081.6656
1091,10.421875,-1086.1887
1092,10.4375,-1090.6948
1093,10.4375,-1095.1843
1094,10.4375,-1099.6572
1095,10.4375,-1104.113
1096,10.4375,-1108.5515
1097,10.4375,-1112.9729
1098,10.4375,-1117.377
1099,10.4375,-1121.7634
1100,10.453125,-1126.1322
1101,10.453125,-1130.483
1102,10.453125,-1134.8159
1103,10.453125,-1139.1307
1104,10.46875,-1143.4274
1105,10.484375,-1147.7053
1106,10.484375,-1151.9648
1107,10.5,-1156.2056
1108,10.5,-1160.4277
1109,10.5,-1164.6308
1110,10.5,-1168.8146
1111,10.5,-1172.9791
1112,10.515625,-1177.1243
1113,10.515625,-1181.25
1114,10.515625,-1185.3557
1115,10.53125,-1189.4416
1116,10.53125,-1193.5077
1117,10.546875,-1197.5536
1118,10.5625,-1201.5794
1119,10.5625,-1205.5842
1120,10.5625,-1209.5688
1121,10.5625,-1213.5327
1122,10.578125,-1217.4757
1123,10.578125,-1221.3974
1124,10.59375,-1225.2982
1125,10.609375,-1229.1777
1126,10.609375,-1233.0358
1127,10.625,-1236.8721
1128,10.625,-1240.6868
1129,10.640625,-1244.4796
1130,10.640625,-1248.2504
1131,10.640625,-1251.9989
1132,10.65625,-1255.7251
1133,10.65625,-1259.429
1134,10.65625,-1263.1101
1135,10.65625,-1266.7686
1136,10.65625,-1270.4039
1137,10.65625,-1274.0166
1138,10.671875,-1277.6058
1139,10.671875,-1281.1719
1140,10.671875,-1284.7142
1141,10.6875,-1288.2333
1142,10.6875,-1291.7284
1143,10.6875,-1295.1996
1144,10.6875,-1298.6466
1145,10.703125,-1302.0697
1146,10.703125,-1305.4683
1147,10.703125,-1308.8424
1148,10.703125,-1312.192
1149,10.71875,-1315.5168
1150,10.71875,-1318.8166
1151,10.71875,-1322.0917
1152,10.71875,-1325.3412
1153,10.71875,-1328.5654
1154,10.734375,-1331.7644
1155,10.734375,-1334.9376
1156,10.734375,-1338.0851
1157,10.734375,-1341.2067
1158,10.75,-1344.3022
1159,10.75,-1347.3714
1160,10.75,-1350.4144
1161,10.75,-1353.431
1162,10.75,-1356.4212
1163,10.765625,-1359.3842
1164,10.765625,-1362.3207
1165,10.765625,-1365.23
1166,10.765625,-1368.112
1167,10.765625,-1370.9669
1168,10.765625,-1373.7944
1169,10.765625,-1376.5942
1170,10.765625,-1379.3663
1171,10.765625,-1382.1106
1172,10.78125,-1384.8268
1173,10.78125,-1387.5149
1174,10.78125,-1390.1748
1175,10.78125,-1392.8063
1176,10.796875,-1395.4093
1177,10.796875,-1397.9835
1178,10.796875,-1400.5289
1179,10.796875,-1403.0455
1180,10.796875,-1405.533
1181,10.796875,-1407.9912
1182,10.796875,-1410.42
1183,10.8125,-1412.8193
1184,10.8125,-1415.1891
1185,10.8125,-1417.529
1186,10.8125,-1419.8392
1187,10.828125,-1422.1193
1188,10.828125,-1424.3693
1189,10.828125,-1426.5889
1190,10.828125,-1428.7782
1191,10.828125,-1430.9368
1192,10.828125,-1433.0648
1193,10.828125,-1435.1621
1194,10.84375,-1437.2284
1195,10.84375,-1439.2636
1196,10.84375,-1441.2674
1197,10.84375,-1443.2401
1198,10.84375,-1445.1815
1199,10.84375,-1447.0912
1200,10.84375,-1448.9691
1201,10.84375,-1450.8153
1202,10.84375,-1452.6294
1203,10.84375,-1454.4114
1204,10.84375,-1456.1614
1205,10.84375,-1457.8789
1206,10.84375,-1459.564
1207,10.84375,-1461.2164
1208,10.84375,-1462.8362
1209,10.859375,-1464.4232
1210,10.859375,-1465.9772
1211,10.859375,-1467.4982
1212,10.859375,-1468.9858
1213,10.859375,-1470.4403
1214,10.859375,-1471.8613
1215,10.859375,-1473.2488
1216,10.859375,-1474.6027
1217,10.84375,-1475.9225
1218,10.84375,-1477.2086
1219,10.84375,-1478.4608
1220,10.859375,-1479.6787
1221,10.84375,-1480.8623
1222,10.859375,-1482.0117
1223,10.84375,-1483.1265
1224,10.84375,-1484.2068
1225,10.84375,-1485.2522
1226,10.84375,-1486.263
1227,10.859375,-1487.2388
1228,10.859375,-1488.1794
1229,10.84375,-1489.085
1230,10.84375,-1489.9553
1231,10.84375,-1490.7903
1232,10.84375,-1491.5897
1233,10.84375,-1492.3535
1234,10.84375,-1493.0818
1235,10.84375,-1493.7742
1236,10.84375,-1494.4306
1237,10.84375,-1495.051
1238,10.84375,-1495.6354
1239,10.84375,-1496.1835
1240,10.828125,-1496.6952
1241,10.828125,-1497.1706
1242,10.828125,-1497.6095
1243,10.84375,-1498.0117
1244,10.84375,-1498.3772
1245,10.828125,-1498.7058
1246,10.828125,-1498.9977
1247,10.828125,-1499.2523
1248,10.828125,-1499.47
1249,10.828125,-1499.6504
1250,10.828125,-1499.7936
1251,10.828125,-1499.8993
1252,10.828125,-1499.9674
1253,10.8125,-1499.9982
1254,10.8125,-1499.9911
1255,10.8125,-1499.9464
1256,10.8125,-1499.8638
1257,10.8125,-1499.7432
1258,10.8125,-1499.5845
1259,10.8125,-1499.3878
1260,10.8125,-1499.153
1261,10.8125,-1498.8798
1262,10.8125,-1498.5682
1263,10.796875,-1498.2183
1264,10.796875,-1497.8297
1265,10.796875,-1497.4026
1266,10.796875,-1496.9368
1267,10.796875,-1496.4321
1268,10.796875,-1495.8887
1269,10.78125,-1495.3063
1270,10.78125,-1494.6849
1271,10.78125,-1494.0245
1272,10.78125,-1493.3248
1273,10.78125,-1492.586
1274,10.78125,-1491.8079
1275,10.78125,-1490.9905
1276,10.78125,-1490.1336
1277,10.78125,-1489.237
1278,10.78125,-1488.301
1279,10.78125,-1487.3254
1280,10.78125,-1486.31
1281,10.78125,-1485.2549
1282,10.765625,-1484.1599
1283,10.765625,-1483.0252
1284,10.765625,-1481.8504
1285,10.765625,-1480.6354
1286,10.765625,-1479.3805
1287,10.765625,-1478.0854
1288,10.765625,-1476.7501
1289,10.765625,-1475.3746
1290,10.765625,-1473.9589
1291,10.765625,-1472.5027
1292,10.765625,-1471.0061
1293,10.765625,-1469.4691
1294,10.765625,-1467.8916
1295,10.765625,-1466.2734
1296,10.765625,-1464.6148
1297,10.75,-1462.9154
1298,10.75,-1461.1753
1299,10.75,-1459.3945
1300,10.75,-1457.5729
1301,10.75,-1455.7103
1302,10.75,-1453.8071
1303,10.734375,-1451.8628
1304,10.734375,-1449.8777
1305,10.734375,-1447.8516
1306,10.75,-1445.7844
1307,10.75,-1443.6762
1308,10.75,-1441.5268
1309,10.71875,-1439.3364
1310,10.734375,-1437.1048
1311,10.734375,-1434.8322
1312,10.734375,-1432.5181
1313,10.71875,-1430.163
1314,10.71875,-1427.7665
1315,10.71875,-1425.3288
1316,10.71875,-1422.8497
1317,10.71875,-1420.3294
1318,10.71875,-1417.7677
1319,10.71875,-1415.1646
1320,10.71875,-1412.5202
1321,10.71875,-1409.8342
1322,10.71875,-1407.1069
1323,10.71875,-1404.3384
1324,10.71875,-1401.5282
1325,10.703125,-1398.6766
1326,10.703125,-1395.7836
1327,10.703125,-1392.849
1328,10.703125,-1389.8732
1329,10.703125,-1386.8557
1330,10.703125,-1383.7968
1331,10.703125,-1380.6964
1332,10.703125,-1377.5544
1333,10.703125,-1374.3711
1334,10.703125,-1371.1464
1335,10.703125,-1367.8799
1336,10.703125,-1364.572
1337,10.703125,-1361.2229
1338,10.703125,-1357.8322
1339,10.703125,-1354.4002
1340,10.703125,-1350.9266
1341,10.703125,-1347.4115
1342,10.703125,-1343.8551
1343,10.703125,-1340.2573
1344,10.703125,-1336.6183
1345,10.703125,-1332.9378
1346,10.703125,-1329.2158
1347,10.703125,-1325.4525
1348,10.703125,-1321.6482
1349,10.703125,-1317.8025
1350,10.6875,-1313.9155
1351,10.6875,-1309.9874
1352,10.6875,-1306.0181
1353,10.6875,-1302.0077
1354,10.6875,-1297.956
1355,10.6875,-1293.8633
1356,10.6875,-1289.7297
1357,10.6875,-1285.5549
1358,10.6875,-1281.3391
1359,10.6875,-1277.0826
1360,10.6875,-1272.7852
1361,10.6875,-1268.4469
1362,10.6875,-1264.0676
1363,10.6875,-1259.6477
1364,10.6875,-1255.1872
1365,10.6875,-1250.6859
1366,10.6875,-1246.1442
1367,10.6875,-1241.5619
1368,10.6875,-1236.9388
1369,10.6875,-1232.2755
1370,10.671875,-1227.572
1371,10.671875,-1222.828
1372,10.671875,-1218.0438
1373,10.671875,-1213.2192
1374,10.671875,-1208.3548
1375,10.671875,-1203.4502
1376,10.671875,-1198.5055
1377,10.671875,-1193.521
1378,10.671875,-1188.4968
1379,10.671875,-1183.4325
1380,10.671875,-1178.3287
1381,10.671875,-1173.1853
1382,10.671875,-1168.0023
1383,10.671875,-1162.78
1384,10.671875,-1157.5183
1385,10.671875,-1152.2173
1386,10.671875,-1146.877
1387,10.671875,-1141.4974
1388,10.671875,-1136.0791
1389,10.65625,-1130.6218
1390,10.65625,-1125.1255
1391,10.65625,-1119.5906
1392,10.65625,-1114.0168
1393,10.65625,-1108.4048
1394,10.65625,-1102.7542
1395,10.65625,-1097.0651
1396,10.65625,-1091.338
1397,10.65625,-1085.5725
1398,10.65625,-1079.7692
1399,10.65625,-1073.9277
1400,10.65625,-1068.0485
1401,10.65625,-1062.1318
1402,10.640625,-1056.1774
1403,10.640625,-1050.1854
1404,10.640625,-1044.1561
1405,10.640625,-1038.0895
1406,10.640625,-1031.986
1407,10.640625,-1025.8453
1408,10.640625,-1019.6678
1409,10.640625,-1013.4534
1410,10.640625,-1007.20264
1411,10.625,-1000.9151
1412,10.625,-994.59144
1413,10.625,-988.2314
1414,10.625,-981.8356
1415,10.625,-975.40376
1416,10.625,-968.936064
1417,10.625,-962.4323
1418,10.625,-955.89332
1419,10.625,-949.3191
1420,10.625,-942.7093
1421,10.625,-936.06468
1422,10.625,-929.3853
1423,10.625,-922.6709
1424,10.625,-915.922
1425,10.625,-909.1383
1426,10.625,-902.32104
1427,10.625,-895.4688
1428,10.625,-888.582768
1429,10.625,-881.6631
1430,10.625,-874.71
1431,10.625,-867.72312
1432,10.609375,-860.70308
1433,10.609375,-853.6496
1434,10.609375,-846.5633
1435,10.609375,-839.4438
1436,10.609375,-832.2926
1437,10.59375,-825.1079
1438,10.609375,-817.8918
1439,10.609375,-810.64328
1440,10.59375,-803.362368
1441,10.59375,-796.050036
1442,10.59375,-788.7064
1443,10.59375,-781.33168
1444,10.59375,-773.9254
1445,10.59375,-766.4878
1446,10.578125,-759.0204
1447,10.578125,-751.5219
1448,10.578125,-743.9927
1449,10.578125,-736.4336
1450,10.5625,-728.8447
1451,10.5625,-721.22576
1452,10.5625,-713.57748
1453,10.5625,-705.9
1454,10.5625,-698.1931
1455,10.5625,-690.45748
1456,10.5625,-682.69272
1457,10.5625,-674.8998
1458,10.5625,-667.0788
1459,10.5625,-659.2293
1460,10.5625,-651.3523
1461,10.5625,-643.44724
1462,10.546875,-635.515
1463,10.546875,-627.5559
1464,10.546875,-619.56948
1465,10.546875,-611.5565
1466,10.53125,-603.5167
1467,10.53125,-595.4509
1468,10.5,-587.3594
1469,10.5,-579.2424
1470,10.5,-571.0987
1471,10.5,-562.9306
1472,10.5,-554.7371
1473,10.5,-546.5191
1474,10.5,-538.2761
1475,10.5,-530.00904
1476,10.484375,-521.7182
1477,10.484375,-513.4031
1478,10.484375,-505.06472
1479,10.46875,-496.70264
1480,10.46875,-488.31776
1481,10.46875,-479.91036
1482,10.46875,-471.48004
1483,10.46875,-463.02768
1484,10.453125,-454.5536
1485,10.4375,-446.0574
1486,10.4375,-437.53996
1487,10.4375,-429.00092
1488,10.4375,-420.441232
1489,10.4375,-411.86044
1490,10.4375,-403.26024
1491,10.4375,-394.638816
1492,10.4375,-385.99852
1493,10.4375,-377.338268
1494,10.421875,-368.65836
1495,10.421875,-359.9604
1496,10.421875,-351.2426
1497,10.40625,-342.5074
1498,10.40625,-333.7536
1499,10.40625,-324.9823
1500,10.390625,-316.193
1501,10.390625,-307.38672
1502,10.390625,-298.56308
1503,10.375,-289.72302
1504,10.375,-280.8669
1505,10.375,-271.995
1506,10.375,-263.1062
1507,10.375,-254.202916
1508,10.359375,-245.28406
1509,10.359375,-236.35064
1510,10.34375,-227.40224
1511,10.34375,-218.43988
1512,10.34375,-209.4639
1513,10.34375,-200.47386
1514,10.328125,-191.47082
1515,10.328125,-182.4551
1516,10.328125,-173.426268
1517,10.328125,-164.38468
1518,10.3125,-155.33206
1519,10.3125,-146.26658
1520,10.3125,-137.19074
1521,10.296875,-128.10341
1522,10.296875,-119.00564
1523,10.296875,-109.89703
1524,10.28125,-100.77865
1525,10.28125,-91.6508
1526,10.28125,-82.51313
1527,10.28125,-73.36666
1528,10.28125,-64.21104
1529,10.28125,-55.047288
1530,10.28125,-45.875768
1531,10.28125,-36.69609
1532,10.28125,-27.509324
1533,10.28125,-18.31508
1534,10.265625,-9.114429
1535,10.265625,0.09228588
1536,10.25,9.305435
1537,10.25,18.523956
1538,10.234375,27.747498
1539,10.234375,36.976424
1540,10.234375,46.20967
1541,10.234375,55.447596
1542,10.234375,64.68914
1543,10.234375,73.93465
1544,10.21875,83.182332
1545,10.21875,92.434
1546,10.21875,101.687128
1547,10.21875,110.942792
1548,10.203125,120.200616
1549,10.203125,129.45883
1550,10.1875,138.71849
1551,10.1875,147.97924
1552,10.1875,157.23996
1553,10.1875,166.50032
1554,10.1875,175.76066
1555,10.1875,185.0199
1556,10.1875,194.278352
1557,10.171875,203.53424
1558,10.171875,212.78934
1559,10.171875,222.0411
1560,10.171875,231.29064
1561,10.15625,240.537484
1562,10.15625,249.78062
1563,10.15625,259.01964
1564,10.15625,268.2542
1565,10.140625,277.48456
1566,10.140625,286.7104
1567,10.140625,295.9299
1568,10.140625,305.14476
1569,10.140625,314.35254
1570,10.140625,323.55424
1571,10.140625,332.74872
1572,10.125,341.9364
1573,10.125,351.1161
1574,10.125,360.28816
1575,10.125,369.45148
1576,10.125,378.60568
1577,10.109375,387.75044
1578,10.109375,396.8859
1579,10.109375,406.011768
1580,10.109375,415.12696
1581,10.109375,424.2311
1582,10.109375,433.32372
1583,10.109375,442.4052
1584,10.109375,451.47508
1585,10.09375,460.532268
1586,10.09375,469.5764
1587,10.09375,478.6071
1588,10.09375,487.6245
1589,10.09375,496.627768
1590,10.078125,505.617
1591,10.078125,514.5911
1592,10.078125,523.55052
1593,10.078125,532.494
1594,10.078125,541.42124
1595,10.0625,550.3318
1596,10.0625,559.22596
1597,10.0625,568.1033
1598,10.0625,576.9627
1599,10.0625,585.8039
1600,10.0625,594.6263
1601,10.0625,603.43036
1602,10.0625,612.21548
1603,10.0625,620.9807
1604,10.0625,629.7256
1605,10.0625,638.44976
1606,10.0625,647.15344
1607,10.0625,655.83564
1608,10.0625,664.4965
1609,10.0625,673.13496
1610,10.0625,681.7513
1611,10.0625,690.3438
1612,10.0625,698.91408
1613,10.0625,707.45968
1614,10.0625,715.98148
1615,10.0625,724.47908
1616,10.0625,732.9515
1617,10.046875,741.39824
1618,10.046875,749.819
1619,10.046875,758.2139
1620,10.046875,766.5826
1621,10.046875,774.92332
1622,10.046875,783.2377
1623,10.046875,791.52328
1624,10.046875,799.781
1625,10.046875,808.00976
1626,10.046875,816.2099
1627,10.046875,824.38024
1628,10.046875,832.5205
1629,10.046875,840.6308
1630,10.046875,848.710768
1631,10.046875,856.7587
1632,10.046875,864.77544
1633,10.046875,872.7607
1634,10.046875,880.7127
1635,10.046875,888.63292
1636,10.046875,896.519136
1637,10.046875,904.37216
1638,10.046875,912.1909
1639,10.0625,919.9757
1640,10.0625,927.7254
1641,10.0625,935.44024
1642,10.0625,943.1192
1643,10.0625,950.7621
1644,10.0625,958.3688
1645,10.0625,965.9384
1646,10.0625,973.47064
1647,10.0625,980.9656
1648,10.0625,988.4222
1649,10.0625,995.8407
1650,10.0625,1003.2203
1651,10.0625,1010.5604
1652,10.0625,1017.861
1653,10.0625,1025.1216
1654,10.0625,1032.3419
1655,10.0625,1039.5214
1656,10.0625,1046.6592
1657,10.0625,1053.7558
1658,10.0625,1060.8103
1659,10.0625,1067.822
1660,10.0625,1074.7912
1661,10.0625,1081.7176
1662,10.0625,1088.5997
1663,10.0625,1095.4381
1664,10.0625,1102.2326
1665,10.0625,1108.9818
1666,10.0625,1115.6859
1667,10.0625,1122.3448
1668,10.0625,1128.9574
1669,10.0625,1135.5237
1670,10.0625,1142.0434
1671,10.0625,1148.516
1672,10.0625,1154.9409
1673,10.0625,1161.3184
1674,10.0625,1167.6477
1675,10.0625,1173.928
1676,10.0625,1180.16
1677,10.0625,1186.342
1678,10.078125,1192.4746
1679,10.078125,1198.557
1680,10.078125,1204.5891
1681,10.078125,1210.5702
1682,10.078125,1216.5001
1683,10.078125,1222.3786
1684,10.078125,1228.2051
1685,10.078125,1233.9794
1686,10.09375,1239.701
1687,10.09375,1245.3695
1688,10.09375,1250.9848
1689,10.09375,1256.5463
1690,10.09375,1262.0538
1691,10.09375,1267.5068
1692,10.09375,1272.9049
1693,10.09375,1278.248
1694,10.09375,1283.5358
1695,10.109375,1288.7676
1696,10.109375,1293.943
1697,10.109375,1299.0622
1698,10.109375,1304.1243
1699,10.109375,1309.1294
1700,10.109375,1314.077
1701,10.109375,1318.9667
1702,10.109375,1323.7981
1703,10.109375,1328.571
1704,10.109375,1333.2852
1705,10.109375,1337.9398
1706,10.109375,1342.5352
1707,10.109375,1347.0707
1708,10.109375,1351.5458
1709,10.109375,1355.9607
1710,10.109375,1360.3148
1711,10.109375,1364.6076
1712,10.109375,1368.8394
1713,10.109375,1373.0089
1714,10.125,1377.1167
1715,10.125,1381.162
1716,10.125,1385.1448
1717,10.125,1389.0644
1718,10.125,1392.9209
1719,10.125,1396.7139
1720,10.125,1400.4429
1721,10.125,1404.1079
1722,10.125,1407.7084
1723,10.125,1411.2442
1724,10.140625,1414.715
1725,10.140625,1418.1205
1726,10.140625,1421.4606
1727,10.140625,1424.7346
1728,10.140625,1427.9426
1729,10.140625,1431.0844
1730,10.140625,1434.1592
1731,10.140625,1437.1671
1732,10.140625,1440.108
1733,10.140625,1442.9814
1734,10.140625,1445.7872
1735,10.140625,1448.525
1736,10.140625,1451.1946
1737,10.140625,1453.7956
1738,10.140625,1456.3281
1739,10.140625,1458.7915
1740,10.140625,1461.1858
1741,10.140625,1463.5108
1742,10.140625,1465.7658
1743,10.140625,1467.951
1744,10.140625,1470.0663
1745,10.140625,1472.1111
1746,10.15625,1474.0853
1747,10.15625,1475.9889
1748,10.15625,1477.8213
1749,10.140625,1479.5825
1750,10.140625,1481.2723
1751,10.15625,1482.8905
1752,10.15625,1484.4368
1753,10.15625,1485.911
1754,10.15625,1487.3131
1755,10.15625,1488.6428
1756,10.15625,1489.8998
1757,10.15625,1491.0839
1758,10.15625,1492.1951
1759,10.15625,1493.2332
1760,10.15625,1494.1979
1761,10.15625,1495.089
1762,10.15625,1495.9064
1763,10.15625,1496.6499
1764,10.15625,1497.3194
1765,10.15625,1497.9148
1766,10.15625,1498.4358
1767,10.15625,1498.8823
1768,10.15625,1499.2542
1769,10.15625,1499.5512
1770,10.15625,1499.7733
1771,10.15625,1499.9204
1772,10.15625,1499.9922
1773,10.15625,1499.9888
1774,10.15625,1499.9098
1775,10.15625,1499.7552
1776,10.15625,1499.525
1777,10.15625,1499.2189
1778,10.15625,1498.8368
1779,10.15625,1498.3788
1780,10.15625,1497.8446
1781,10.15625,1497.2341
1782,10.15625,1496.5472
1783,10.15625,1495.784
1784,10.15625,1494.9442
1785,10.15625,1494.0277
1786,10.15625,1493.0346
1787,10.15625,1491.9647
1788,10.15625,1490.818
1789,10.15625,1489.5942
1790,10.15625,1488.2936
1791,10.15625,1486.9159
1792,10.15625,1485.461
1793,10.15625,1483.9291
1794,10.15625,1482.3201
1795,10.15625,1480.6336
1796,10.15625,1478.8699
1797,10.15625,1477.0288
1798,10.15625,1475.1105
1799,10.15625,1473.1146
1800,10.15625,1471.0415
1801,10.15625,1468.8909
1802,10.15625,1466.6627
1803,10.15625,1464.357
1804,10.15625,1461.9741
1805,10.15625,1459.5137
1806,10.15625,1456.9758
1807,10.15625,1454.3605
1808,10.15625,1451.6675
1809,10.15625,1448.8972
1810,10.15625,1446.0496
1811,10.140625,1443.1245
1812,10.140625,1440.1221
1813,10.15625,1437.0422
1814,10.15625,1433.8852
1815,10.140625,1430.6506
1816,10.140625,1427.3394
1817,10.140625,1423.9506
1818,10.140625,1420.4849
1819,10.140625,1416.9419
1820,10.140625,1413.3222
1821,10.140625,1409.6252
1822,10.140625,1405.8518
1823,10.140625,1402.0014
1824,10.140625,1398.0744
1825,10.140625,1394.0707
1826,10.140625,1389.9905
1827,10.140625,1385.8339
1828,10.140625,1381.6011
1829,10.140625,1377.2921
1830,10.140625,1372.907
1831,10.140625,1368.4457
1832,10.140625,1363.9089
1833,10.140625,1359.2963
1834,10.140625,1354.6078
1835,10.140625,1349.8439
1836,10.140625,1345.0048
1837,10.140625,1340.0903
1838,10.140625,1335.101
1839,10.140625,1330.0369
1840,10.140625,1324.8977
1841,10.140625,1319.6841
1842,10.140625,1314.396
1843,10.140625,1309.0337
1844,10.140625,1303.5975
1845,10.140625,1298.0872
1846,10.140625,1292.5033
1847,10.140625,1286.8456
1848,10.140625,1281.1148
1849,10.140625,1275.311
1850,10.140625,1269.4341
1851,10.140625,1263.4845
1852,10.140625,1257.4623
1853,10.140625,1251.3679
1854,10.140625,1245.2016
1855,10.140625,1238.9632
1856,10.140625,1232.6534
1857,10.140625,1226.2726
1858,10.140625,1219.8202
1859,10.140625,1213.2971
1860,10.140625,1206.7032
1861,10.140625,1200.0392
1862,10.140625,1193.3052
1863,10.140625,1186.501
1864,10.140625,1179.6274
1865,10.140625,1172.6843
1866,10.140625,1165.6725
1867,10.140625,1158.592
1868,10.140625,1151.4429
1869,10.140625,1144.2257
1870,10.125,1136.9409
1871,10.125,1129.5884
1872,10.125,1122.1687
1873,10.125,1114.682
1874,10.125,1107.1288
1875,10.125,1099.509
1876,10.125,1091.824
1877,10.125,1084.0726
1878,10.125,1076.2567
1879,10.125,1068.3755
1880,10.125,1060.4294
1881,10.125,1052.4199
1882,10.125,1044.3457
1883,10.125,1036.2088
1884,10.125,1028.0083
1885,10.125,1019.7453
1886,10.125,1011.4196
1887,10.125,1003.03216
1888,10.125,994.582768
1889,10.125,986.0723
1890,10.125,977.5013
1891,10.125,968.8695
1892,10.125,960.178
1893,10.125,951.427
1894,10.125,942.6166
1895,10.125,933.7475
1896,10.125,924.81976
1897,10.125,915.834336
1898,10.125,906.7917
1899,10.125,897.6915
1900,10.125,888.5351
1901,10.125,879.32216
1902,10.140625,870.0537
1903,10.140625,860.7303
1904,10.125,851.3516
1905,10.125,841.91896
1906,10.125,832.4326
1907,10.125,822.8925
1908,10.125,813.2998
1909,10.125,803.6543
1910,10.125,793.9571
1911,10.125,784.20808
1912,10.125,774.409
1913,10.125,764.5585
1914,10.125,754.65896
1915,10.125,744.70952
1916,10.125,734.7108
1917,10.125,724.6647
1918,10.125,714.5696
1919,10.125,704.428036
1920,10.125,694.2393
1921,10.125,684.0046
1922,10.125,673.72376
1923,10.125,663.398
1924,10.125,653.0272
1925,10.125,642.6132
1926,10.125,632.15468
1927,10.125,621.654
1928,10.125,611.1106
1929,10.125,600.525
1930,10.125,589.8984
1931,10.125,579.2313
1932,10.125,568.5238
1933,10.125,557.777
1934,10.125,546.9916
1935,10.125,536.16736
1936,10.125,525.3057
1937,10.125,514.4072
1938,10.140625,503.47184
1939,10.125,492.500068
1940,10.125,481.494
1941,10.125,470.4528
1942,10.140625,459.3771
1943,10.140625,448.26828
1944,10.140625,437.12692
1945,10.140625,425.95296
1946,10.140625,414.747736
1947,10.140625,403.51188
1948,10.140625,392.2454
1949,10.140625,380.9495
1950,10.125,369.62428
1951,10.140625,358.271
1952,10.140625,346.89036
1953,10.140625,335.48228
1954,10.140625,324.0482
1955,10.140625,312.58798
1956,10.140625,301.1038
1957,10.125,289.59412
1958,10.140625,278.06184
1959,10.140625,266.50544
1960,10.140625,254.92776
1961,10.140625,243.32808
1962,10.140625,231.70776
1963,10.140625,220.06682
1964,10.140625,208.40666
1965,10.140625,196.72796
1966,10.140625,185.030732
1967,10.140625,173.31638
1968,10.140625,161.5849
1969,10.140625,149.83772
1970,10.140625,138.07556
1971,10.140625,126.298416
1972,10.140625,114.50771
1973,10.140625,102.70347
1974,10.140625,90.88713
1975,10.140625,79.0594
1976,10.140625,67.22031
1977,10.140625,55.37131
1978,10.140625,43.513128
1979,10.140625,31.64578
1980,10.140625,19.770736
1981,10.140625,7.888013
1982,10.140625,-4.000927
1983,10.140625,-15.895338
1984,10.140625,-27.795186
1985,10.140625,-39.699
1986,10.140625,-51.60675
1987,10.140625,-63.51696
1988,10.140625,-75.42888
1989,10.140625,-87.34245
1990,10.140625,-99.2562
1991,10.140625,-111.1701
1992,10.140625,-123.08265
1993,10.140625,-134.99309
1994,10.140625,-146.90135
1995,10.140625,-158.80597
1996,10.140625,-170.70616
1997,10.140625,-182.601868
1998,10.15625,-194.4916
1999,10.15625,-206.3753
2000,10.15625,-218.25146
2001,10.15625,-230.12002
2002,10.15625,-241.9795
2003,10.15625,-253.829132
2004,10.15625,-265.6681
2005,10.15625,-277.4956
2006,10.15625,-289.3123
2007,10.15625,-301.116
2008,10.15625,-312.90584
2009,10.15625,-324.68116
2010,10.171875,-336.44248
2011,10.171875,-348.1862
2012,10.171875,-359.91436
2013,10.171875,-371.6248
2014,10.1875,-383.31664
2015,10.1875,-394.990536
2016,10.1875,-406.6443
2017,10.1875,-418.27576
2018,10.1875,-429.88684
2019,10.1875,-441.476768
2020,10.1875,-453.042
2021,10.1875,-464.58448
2022,10.1875,-476.10068
2023,10.1875,-487.59252
2024,10.1875,-499.05924
2025,10.1875,-510.4972
2026,10.1875,-521.9071
2027,10.203125,-533.2894
2028,10.203125,-544.6421
2029,10.203125,-555.9642
2030,10.203125,-567.2563
2031,10.203125,-578.515
2032,10.21875,-589.7421
2033,10.21875,-600.93552
2034,10.21875,-612.0944
2035,10.21875,-623.2181
2036,10.21875,-634.30692
2037,10.21875,-645.3576
2038,10.234375,-656.3719
2039,10.234375,-667.34768
2040,10.234375,-678.28548
2041,10.234375,-689.18192
2042,10.234375,-700.0389
2043,10.234375,-710.8541
2044,10.234375,-721.6269
2045,10.234375,-732.3565
2046,10.25,-743.04332
2047,10.25,-753.6841
2048,10.265625,-764.28068
2049,10.265625,-774.8306
2050,10.265625,-785.333568
2051,10.265625,-795.7898
2052,10.265625,-806.1961
2053,10.28125,-816.5541
2054,10.28125,-826.86192
2055,10.28125,-837.1186
2056,10.28125,-847.32468
2057,10.296875,-857.477
2058,10.296875,-867.57716
2059,10.296875,-877.6231
2060,10.3125,-887.6142
2061,10.3125,-897.550864
2062,10.3125,-907.42992
2063,10.328125,-917.25288
2064,10.328125,-927.018
2065,10.328125,-936.724336
2066,10.328125,-946.37132
2067,10.328125,-955.9592
2068,10.34375,-965.48616
2069,10.34375,-974.9503
2070,10.34375,-984.3542
2071,10.34375,-993.6939
2072,10.359375,-1002.9696
2073,10.375,-1012.1818
2074,10.375,-1021.3286
2075,10.375,-1030.4093
2076,10.390625,-1039.4231
2077,10.390625,-1048.3705
2078,10.390625,-1057.2496
2079,10.40625,-1066.0587
2080,10.40625,-1074.7991
2081,10.40625,-1083.4701
2082,10.421875,-1092.069
2083,10.421875,-1100.597
2084,10.4375,-1109.0525
2085,10.4375,-1117.4348
2086,10.4375,-1125.7432
2087,10.4375,-1133.977
2088,10.4375,-1142.1365
2089,10.4375,-1150.22
2090,10.453125,-1158.2268
2091,10.453125,-1166.1564
2092,10.46875,-1174.0079
2093,10.46875,-1181.7818
2094,10.484375,-1189.4763
2095,10.484375,-1197.0908
2096,10.484375,-1204.6248
2097,10.5,-1212.0774
2098,10.5,-1219.449
2099,10.5,-1226.7373
2100,10.515625,-1233.9431
2101,10.515625,-1241.0652
2102,10.515625,-1248.1035
2103,10.53125,-1255.0562
2104,10.53125,-1261.9238
2105,10.546875,-1268.7052
2106,10.546875,-1275.3996
2107,10.546875,-1282.0067
2108,10.5625,-1288.5264
2109,10.5625,-1294.9572
2110,10.5625,-1301.2982
2111,10.578125,-1307.5506
2112,10.578125,-1313.7122
2113,10.59375,-1319.7826
2114,10.59375,-1325.7621
2115,10.59375,-1331.6495
2116,10.609375,-1337.4443
2117,10.609375,-1343.1458
2118,10.625,-1348.7542
2119,10.625,-1354.2676
2120,10.625,-1359.6869
2121,10.625,-1365.0108
2122,10.625,-1370.2388
2123,10.640625,-1375.371
2124,10.640625,-1380.4056
2125,10.703125,-1385.3435
2126,10.703125,-1390.1836
2127,10.703125,-1394.9252
2128,10.703125,-1399.5685
2129,10.71875,-1404.1118
2130,10.734375,-1408.5559
2131,10.734375,-1412.8998
2132,10.734375,-1417.1428
2133,10.75,-1421.2847
2134,10.75,-1425.3254
2135,10.75,-1429.264
2136,10.75,-1433.1002
2137,10.765625,-1436.8334
2138,10.765625,-1440.4632
2139,10.765625,-1443.9898
2140,10.765625,-1447.4118
2141,10.78125,-1450.7295
2142,10.78125,-1453.9424
2143,10.78125,-1457.0503
2144,10.78125,-1460.0521
2145,10.796875,-1462.9481
2146,10.796875,-1465.7378
2147,10.8125,-1468.4206
2148,10.8125,-1470.9963
2149,10.8125,-1473.465
2150,10.8125,-1475.8253
2151,10.8125,-1478.078
2152,10.828125,-1480.222
2153,10.828125,-1482.2576
2154,10.828125,-1484.1841
2155,10.828125,-1486.0011
2156,10.84375,-1487.7086
2157,10.84375,-1489.3063
2158,10.84375,-1490.7938
2159,10.859375,-1492.1709
2160,10.859375,-1493.4372
2161,10.859375,-1494.5928
2162,10.859375,-1495.6371
2163,10.859375,-1496.57
2164,10.859375,-1497.3914
2165,10.875,-1498.1008
2166,10.875,-1498.6982
2167,10.875,-1499.1834
2168,10.875,-1499.5562
2169,10.875,-1499.8162
2170,10.875,-1499.9635
2171,10.875,-1499.9978
2172,10.875,-1499.919
2173,10.875,-1499.7269
2174,10.890625,-1499.4214
2175,10.890625,-1499.0024
2176,10.890625,-1498.4697
2177,10.890625,-1497.8232
2178,10.890625,-1497.0628
2179,10.890625,-1496.1884
2180,10.90625,-1495.1998
2181,10.90625,-1494.097
2182,10.90625,-1492.8801
2183,10.90625,-1491.549
2184,10.90625,-1490.1034
2185,10.90625,-1488.5433
2186,10.90625,-1486.869
2187,10.90625,-1485.08
2188,10.90625,-1483.1765
2189,10.921875,-1481.1587
2190,10.921875,-1479.0261
2191,10.921875,-1476.7794
2192,10.921875,-1474.4178
2193,10.921875,-1471.9421
2194,10.921875,-1469.3519
2195,10.921875,-1466.6471
2196,10.921875,-1463.8282
2197,10.921875,-1460.895
2198,10.921875,-1457.8475
2199,10.921875,-1454.6862
2200,10.921875,-1451.4104
2201,10.921875,-1448.0212
2202,10.921875,-1444.5178
2203,10.921875,-1440.9009
2204,10.921875,-1437.1705
2205,10.921875,-1433.3264
2206,10.921875,-1429.3695
2207,10.921875,-1425.2991
2208,10.921875,-1421.1158
2209,10.921875,-1416.8198
2210,10.921875,-1412.4115
2211,10.921875,-1407.8902
2212,10.90625,-1403.2574
2213,10.90625,-1398.5123
2214,10.90625,-1393.6554
2215,10.90625,-1388.6866
2216,10.921875,-1383.6072
2217,10.90625,-1378.4164
2218,10.90625,-1373.1148
2219,10.90625,-1367.7028
2220,10.90625,-1362.1808
2221,10.890625,-1356.5484
2222,10.890625,-1350.807
2223,10.890625,-1344.9559
2224,10.890625,-1338.9958
2225,10.890625,-1332.9272
2226,10.890625,-1326.7498
2227,10.890625,-1320.4652
2228,10.890625,-1314.0723
2229,10.875,-1307.5724
2230,10.875,-1300.9658
2231,10.875,-1294.2521
2232,10.875,-1287.433
2233,10.875,-1280.5078
2234,10.859375,-1273.4773
2235,10.859375,-1266.3422
2236,10.859375,-1259.102
2237,10.859375,-1251.7588
2238,10.859375,-1244.3114
2239,10.859375,-1236.7611
2240,10.859375,-1229.1083
2241,10.859375,-1221.3536
2242,10.859375,-1213.4966
2243,10.84375,-1205.5387
2244,10.84375,-1197.4802
2245,10.828125,-1189.322
2246,10.828125,-1181.0642
2247,10.828125,-1172.7078
2248,10.828125,-1164.252
2249,10.8125,-1155.6984
2250,10.8125,-1147.0477
2251,10.796875,-1138.3005
2252,10.796875,-1129.4562
2253,10.78125,-1120.5166
2254,10.78125,-1111.4832
2255,10.78125,-1102.3535
2256,10.765625,-1093.1314
2257,10.765625,-1083.8162
2258,10.765625,-1074.4078
2259,10.765625,-1064.9078
2260,10.765625,-1055.3168
2261,10.765625,-1045.6354
2262,10.75,-1035.8644
2263,10.75,-1026.0034
2264,10.734375,-1016.0543
2265,10.734375,-1006.0176
2266,10.734375,-995.894032
2267,10.71875,-985.6844
2268,10.703125,-975.388336
2269,10.703125,-965.007536
2270,10.703125,-954.543
2271,10.703125,-943.9953
2272,10.6875,-933.3653
2273,10.6875,-922.6525
2274,10.671875,-911.8591
2275,10.671875,-900.9856
2276,10.65625,-890.03292
2277,10.65625,-879.00184
2278,10.640625,-867.8921
2279,10.640625,-856.7068
2280,10.625,-845.44448
2281,10.625,-834.107
2282,10.578125,-822.69416
2283,10.5625,-811.2093
2284,10.5625,-799.65064
2285,10.5625,-788.0204
2286,10.546875,-776.3195
2287,10.546875,-764.5488
2288,10.53125,-752.7092
2289,10.53125,-740.800368
2290,10.515625,-728.8245
2291,10.515625,-716.7824
2292,10.5,-704.6751
2293,10.5,-692.5023
2294,10.5,-680.26744
2295,10.5,-667.9689
2296,10.484375,-655.60892
2297,10.484375,-643.18852
2298,10.46875,-630.7074
2299,10.453125,-618.1677
2300,10.4375,-605.5719
2301,10.4375,-592.9183
2302,10.4375,-580.2078
2303,10.4375,-567.4443
2304,10.4375,-554.62724
2305,10.421875,-541.7565
2306,10.421875,-528.8343
2307,10.421875,-515.8618
2308,10.390625,-502.83864
2309,10.390625,-489.7686
2310,10.390625,-476.65
2311,10.390625,-463.485236
2312,10.375,-450.2755
2313,10.359375,-437.0218
2314,10.359375,-423.723816
2315,10.34375,-410.384
2316,10.34375,-397.003552
2317,10.328125,-383.58352
2318,10.328125,-370.124936
2319,10.3125,-356.629068
2320,10.296875,-343.09552
2321,10.28125,-329.5269
2322,10.28125,-315.92426
2323,10.28125,-302.2888
2324,10.28125,-288.6202
2325,10.265625,-274.92104
2326,10.25,-261.1939
2327,10.25,-247.43712
2328,10.234375,-233.65182
2329,10.234375,-219.84206
2330,10.234375,-206.00612
2331,10.21875,-192.14662
2332,10.21875,-178.26474
2333,10.203125,-164.36166
2334,10.1875,-150.4386
2335,10.1875,-136.49528
2336,10.1875,-122.53439
2337,10.1875,-108.55709
2338,10.1875,-94.56459
2339,10.1875,-80.558104
2340,10.171875,-66.53743
2341,10.15625,-52.505216
2342,10.15625,-38.462672
2343,10.140625,-24.411036
2344,10.140625,-10.351534
2345,10.140625,3.71603
2346,10.125,17.787558
2347,10.125,31.864672
2348,10.125,45.9447
2349,10.109375,60.02782
2350,10.109375,74.10993
2351,10.109375,88.192632
2352,10.109375,102.273256
2353,10.09375,116.350532
2354,10.09375,130.4232
2355,10.078125,144.49144
2356,10.0625,158.55112
2357,10.0625,172.60384
2358,10.0625,186.6469
2359,10.0625,200.68044
2360,10.0625,214.70038
2361,10.0625,228.708252
2362,10.046875,242.70138
2363,10.03125,256.6785
2364,10.015625,270.63834
2365,10.015625,284.5796
2366,10.015625,298.50238
2367,10.015625,312.40404
2368,10.015625,326.28332
2369,10.015625,340.13892
2370,10.0,353.9695
2371,10.0,367.77528
2372,9.984375,381.5535
2373,9.984375,395.3029
2374,9.984375,409.022216
2375,9.984375,422.710136
2376,9.984375,436.3668
2377,9.984375,449.98948
2378,9.96875,463.57696
2379,9.96875,477.12792
2380,9.96875,490.6411
2381,9.96875,504.11664
2382,9.953125,517.5504
2383,9.953125,530.944
2384,9.953125,544.2946
2385,9.953125,557.6024
2386,9.9375,570.86348
2387,9.9375,584.0791
2388,9.9375,597.2468
2389,9.9375,610.3653
2390,9.9375,623.4332
2391,9.9375,636.4507
2392,9.9375,649.4138
2393,9.9375,662.324
2394,9.9375,675.1785
2395,9.9375,687.9776
2396,9.9375,700.7173
2397,9.9375,713.39908
2398,9.921875,726.02016
2399,9.921875,738.57944
2400,9.921875,751.0758
2401,9.921875,763.5079
2402,9.921875,775.8756
2403,9.90625,788.1767
2404,9.90625,800.4098
2405,9.90625,812.5737
2406,9.90625,824.667236
2407,9.90625,836.6904
2408,9.90625,848.64072
2409,9.90625,860.517
2410,9.90625,872.3181
2411,9.90625,884.04284
2412,9.90625,895.69108
2413,9.90625,907.2606
2414,9.90625,918.75
2415,9.90625,930.158464
2416,9.90625,941.484432
2417,9.90625,952.72816
2418,9.90625,963.88616
2419,9.90625,974.95932
2420,9.90625,985.9457
2421,9.90625,996.84504
2422,9.90625,1007.6542
2423,9.90625,1018.374
2424,9.90625,1029.0022
2425,9.90625,1039.5381
2426,9.90625,1049.9801
2427,9.90625,1060.3284
2428,9.90625,1070.5797
2429,9.90625,1080.7352
2430,9.90625,1090.7927
2431,9.90625,1100.751
2432,9.90625,1110.61
2433,9.90625,1120.3677
2434,9.90625,1130.0222
2435,9.90625,1139.5745
2436,9.90625,1149.0231
2437,9.90625,1158.3654
2438,9.90625,1167.6022
2439,9.90625,1176.7314
2440,9.90625,1185.7524
2441,9.90625,1194.6638
2442,9.90625,1203.4648
2443,9.90625,1212.1553
2444,9.90625,1220.7333
2445,9.90625,1229.1973
2446,9.90625,1237.5486
2447,9.90625,1245.7837
2448,9.90625,1253.9036
2449,9.90625,1261.9056
2450,9.921875,1269.7903
2451,9.921875,1277.5562
2452,9.921875,1285.203
2453,9.921875,1292.7283
2454,9.9375,1300.1328
2455,9.9375,1307.415
2456,9.9375,1314.5738
2457,9.9375,1321.6086
2458,9.9375,1328.519
2459,9.9375,1335.3038
2460,9.9375,1341.9613
2461,9.9375,1348.4927
2462,9.9375,1354.8952
2463,9.9375,1361.1688
2464,9.9375,1367.3134
2465,9.9375,1373.3274
2466,9.9375,1379.2103
2467,9.9375,1384.9612
2468,9.9375,1390.58
2469,9.953125,1396.0648
2470,9.953125,1401.4161
2471,9.953125,1406.6327
2472,9.953125,1411.7139
2473,9.953125,1416.6594
2474,9.96875,1421.4676
2475,9.96875,1426.1392
2476,9.96875,1430.6725
2477,9.96875,1435.0672
2478,9.984375,1439.3232
2479,9.984375,1443.439
2480,9.984375,1447.4148
2481,9.984375,1451.2496
2482,9.984375,1454.9431
2483,9.984375,1458.4949
2484,9.984375,1461.9037
2485,9.984375,1465.1698
2486,9.984375,1468.2925
2487,9.984375,1471.271
2488,10.0,1474.1051
2489,10.0,1476.7946
2490,10.0,1479.3386
2491,10.0,1481.7366
2492,10.015625,1483.9888
2493,10.015625,1486.0941
2494,10.015625,1488.0525
2495,10.015625,1489.8639
2496,10.03125,1491.5272
2497,10.03125,1493.0427
2498,10.03125,1494.4098
2499,10.03125,1495.6282
2500,10.03125,1496.6975
2501,10.046875,1497.6177
2502,10.046875,1498.3883
2503,10.046875,1499.0092
2504,10.0625,1499.4798
2505,10.0625,1499.8003
2506,10.0625,1499.9702
2507,10.0625,1499.9895
2508,10.0625,1499.858
2509,10.0625,1499.5754
2510,10.0625,1499.1417
2511,10.0625,1498.5566
2512,10.078125,1497.8201
2513,10.078125,1496.932
2514,10.078125,1495.8923
2515,10.078125,1494.7009
2516,10.09375,1493.3577
2517,10.09375,1491.8628
2518,10.109375,1490.2158
2519,10.109375,1488.4172
2520,10.109375,1486.4666
2521,10.109375,1484.3644
2522,10.109375,1482.1101
2523,10.109375,1479.7042
2524,10.125,1477.1464
2525,10.125,1474.4372
2526,10.125,1471.5764
2527,10.125,1468.5643
2528,10.125,1465.4009
2529,10.140625,1462.0864
2530,10.140625,1458.6208
2531,10.140625,1455.0048
2532,10.140625,1451.2379
2533,10.140625,1447.3207
2534,10.140625,1443.2529
2535,10.140625,1439.0359
2536,10.15625,1434.6687
2537,10.15625,1430.1524
2538,10.15625,1425.4869
2539,10.171875,1420.6727
2540,10.171875,1415.7103
2541,10.171875,1410.5994
2542,10.171875,1405.3407
2543,10.1875,1399.9348
2544,10.1875,1394.382
2545,10.1875,1388.6826
2546,10.1875,1382.8367
2547,10.1875,1376.8451
2548,10.1875,1370.7084
2549,10.1875,1364.4269
2550,10.1875,1358.0012
2551,10.1875,1351.4312
2552,10.1875,1344.718
2553,10.1875,1337.862
2554,10.1875,1330.8641
2555,10.1875,1323.7246
2556,10.203125,1316.4435
2557,10.203125,1309.0227
2558,10.203125,1301.4614
2559,10.203125,1293.7605
2560,10.203125,1285.9218
2561,10.203125,1277.9452
2562,10.21875,1269.8308
2563,10.21875,1261.58
2564,10.21875,1253.1935
2565,10.21875,1244.672
2566,10.21875,1236.0155
2567,10.21875,1227.2257
2568,10.21875,1218.3038
2569,10.21875,1209.2485
2570,10.21875,1200.063
2571,10.234375,1190.7472
2572,10.234375,1181.3012
2573,10.234375,1171.7264
2574,10.234375,1162.0242
2575,10.234375,1152.195
2576,10.234375,1142.2399
2577,10.234375,1132.1589
2578,10.234375,1121.954
2579,10.234375,1111.626
2580,10.234375,1101.1756
2581,10.234375,1090.6034
2582,10.234375,1079.9118
2583,10.234375,1069.1
2584,10.234375,1058.1703
2585,10.234375,1047.1233
2586,10.234375,1035.9603
2587,10.234375,1024.6813
2588,10.234375,1013.2883
2589,10.234375,1001.78264
2590,10.234375,990.165168
2591,10.234375,978.4372
2592,10.234375,966.59864
2593,10.234375,954.6519
2594,10.234375,942.59908
2595,10.234375,930.4381
2596,10.234375,918.1735
2597,10.234375,905.8054
2598,10.234375,893.3339
2599,10.234375,880.7613
2600,10.234375,868.0889
2601,10.234375,855.31792
2602,10.234375,842.4484
2603,10.234375,829.483
2604,10.234375,816.424
2605,10.234375,803.27052
2606,10.234375,790.02376
2607,10.234375,776.687536
2608,10.234375,763.2607
2609,10.234375,749.7458
2610,10.234375,736.1444
2611,10.234375,722.45776
2612,10.234375,708.68728
2613,10.234375,694.8331
2614,10.234375,680.898
2615,10.21875,666.88336
2616,10.21875,652.79064
2617,10.203125,638.6212
2618,10.203125,624.3754
2619,10.203125,610.0559
2620,10.203125,595.66424
2621,10.203125,581.2019
2622,10.203125,566.6704
2623,10.1875,552.06992
2624,10.203125,537.4034
2625,10.1875,522.6723
2626,10.1875,507.8782
2627,10.1875,493.0227
2628,10.1875,478.106
2629,10.1875,463.132432
2630,10.1875,448.10084
2631,10.1875,433.01416
2632,10.1875,417.8727
2633,10.1875,402.6808
2634,10.1875,387.43732
2635,10.1875,372.14532
2636,10.1875,356.80644
2637,10.1875,341.42232
2638,10.1875,325.99326
2639,10.1875,310.52374
2640,10.171875,295.0126
2641,10.171875,279.46292
2642,10.171875,263.87506
2643,10.171875,248.253508
2644,10.15625,232.597168
2645,10.15625,216.91056
2646,10.15625,201.19256
2647,10.15625,185.44498
2648,10.15625,169.67234
2649,10.15625,153.87355
2650,10.15625,138.0518
2651,10.140625,122.20884
2652,10.140625,106.34643
2653,10.140625,90.46635
2654,10.140625,74.56894
2655,10.140625,58.657412
2656,10.140625,42.734984
2657,10.140625,26.799152
2658,10.140625,10.856003
2659,10.140625,-5.0955256
2660,10.140625,-21.05077
2661,10.140625,-37.010784
2662,10.140625,-52.97232
2663,10.140625,-68.935
2664,10.125,-84.89414
2665,10.125,-100.85079
2666,10.125,-116.80169
2667,10.125,-132.74501
2668,10.125,-148.67891
2669,10.125,-164.60301
2670,10.125,-180.51402
2671,10.125,-196.4087
2672,10.125,-212.289484
2673,10.125,-228.150268
2674,10.125,-243.990632
2675,10.125,-259.81012
2676,10.125,-275.6055
2677,10.125,-291.37494
2678,10.125,-307.11656
2679,10.125,-322.82996
2680,10.109375,-338.51048
2681,10.125,-354.159068
2682,10.125,-369.772436
2683,10.125,-385.34884
2684,10.125,-400.8878
2685,10.125,-416.38464
2686,10.125,-431.84032
2687,10.125,-447.25168
2688,10.125,-462.616832
2689,10.125,-477.93528
2690,10.125,-493.20248
2691,10.125,-508.41936
2692,10.125,-523.5827
2693,10.125,-538.69076
2694,10.125,-553.7429
2695,10.125,-568.7348
2696,10.140625,-583.6671
2697,10.140625,-598.5369
2698,10.140625,-613.3423
2699,10.140625,-628.0815
2700,10.140625,-642.7539
2701,10.140625,-657.3553
2702,10.140625,-671.886336
2703,10.140625,-686.34536
2704,10.140625,-700.72784
2705,10.140625,-715.0335
2706,10.140625,-729.2617
2707,10.140625,-743.4095
2708,10.140625,-757.47508
2709,10.140625,-771.45668
2710,10.15625,-785.35392
2711,10.15625,-799.1625
2712,10.15625,-812.8831
2713,10.171875,-826.51292
2714,10.171875,-840.0514
2715,10.171875,-853.4944
2716,10.171875,-866.8426
2717,10.171875,-880.092
2718,10.171875,-893.243136
2719,10.1875,-906.2946
2720,10.1875,-919.2422
2721,10.1875,-932.0867
2722,10.1875,-944.82416
2723,10.1875,-957.4551
2724,10.1875,-969.977968
2725,10.203125,-982.3889
2726,10.203125,-994.68868
2727,10.203125,-1006.8733
2728,10.21875,-1018.9434
2729,10.21875,-1030.8974
2730,10.21875,-1042.7318
2731,10.234375,-1054.4459
2732,10.234375,-1066.0392
2733,10.234375,-1077.5094
2734,10.234375,-1088.8546
2735,10.234375,-1100.0747
2736,10.25,-1111.1659
2737,10.265625,-1122.1288
2738,10.265625,-1132.961
2739,10.265625,-1143.6612
2740,10.28125,-1154.2278
2741,10.28125,-1164.6602
2742,10.28125,-1174.9554
2743,10.28125,-1185.1136
2744,10.296875,-1195.1328
2745,10.296875,-1205.0122
2746,10.3125,-1214.7489
2747,10.3125,-1224.3433
2748,10.328125,-1233.7924
2749,10.328125,-1243.0972
2750,10.328125,-1252.2542
2751,10.328125,-1261.2627
2752,10.34375,-1270.1224
2753,10.34375,-1278.8313
2754,10.359375,-1287.3881
2755,10.359375,-1295.7915
2756,10.375,-1304.0405
2757,10.375,-1312.1346
2758,10.375,-1320.0719
2759,10.390625,-1327.8512
2760,10.390625,-1335.4714
2761,10.40625,-1342.9315
2762,10.40625,-1350.231
2763,10.421875,-1357.3682
2764,10.4375,-1364.342
2765,10.4375,-1371.1514
2766,10.4375,-1377.7954
2767,10.4375,-1384.2736
2768,10.453125,-1390.5839
2769,10.453125,-1396.7263
2770,10.453125,-1402.6996
2771,10.46875,-1408.5032
2772,10.46875,-1414.1351
2773,10.46875,-1419.5957
2774,10.5,-1424.8834
2775,10.5,-1429.9974
2776,10.5,-1434.937
2777,10.5625,-1439.7018
2778,10.5625,-1444.2902
2779,10.578125,-1448.702
2780,10.578125,-1452.9364
2781,10.59375,-1456.993
2782,10.59375,-1460.8702
2783,10.59375,-1464.5682
2784,10.609375,-1468.0859
2785,10.625,-1471.4227
2786,10.625,-1474.5781
2787,10.625,-1477.5514
2788,10.625,-1480.3423
2789,10.625,-1482.95
2790,10.640625,-1485.3739
2791,10.65625,-1487.6138
2792,10.671875,-1489.6688
2793,10.671875,-1491.5391
2794,10.6875,-1493.2236
2795,10.6875,-1494.7223
2796,10.6875,-1496.0346
2797,10.703125,-1497.1602
2798,10.703125,-1498.0989
2799,10.703125,-1498.8501
2800,10.703125,-1499.4137
2801,10.734375,-1499.7893
2802,10.734375,-1499.9768
2803,10.75,-1499.9761
2804,10.765625,-1499.7866
2805,10.765625,-1499.4083
2806,10.765625,-1498.8412
2807,10.765625,-1498.085
2808,10.765625,-1497.1396
2809,10.78125,-1496.0049
2810,10.796875,-1494.681
2811,10.828125,-1493.1678
2812,10.828125,-1491.4652
2813,10.828125,-1489.5731
2814,10.84375,-1487.4921
2815,10.84375,-1485.2216
2816,10.859375,-1482.762
2817,10.859375,-1480.1134
2818,10.859375,-1477.2758
2819,10.859375,-1474.2494
2820,10.875,-1471.0348
2821,10.875,-1467.6316
2822,10.890625,-1464.04
2823,10.890625,-1460.2611
2824,10.90625,-1456.2943
2825,10.90625,-1452.1402
2826,10.90625,-1447.7994
2827,10.90625,-1443.272
2828,10.921875,-1438.5585
2829,10.921875,-1433.6593
2830,10.9375,-1428.5745
2831,10.9375,-1423.3048
2832,10.9375,-1417.8508
2833,10.9375,-1412.2122
2834,10.9375,-1406.391
2835,10.9375,-1400.3872
2836,10.9375,-1394.2003
2837,10.953125,-1387.833
2838,10.953125,-1381.2837
2839,10.953125,-1374.554
2840,10.953125,-1367.6449
2841,10.953125,-1360.558
2842,10.96875,-1353.2906
2843,10.96875,-1345.8473
2844,10.96875,-1338.2272
2845,10.984375,-1330.4315
2846,10.984375,-1322.4594
2847,10.984375,-1314.3146
2848,11.0,-1305.9952
2849,11.0,-1297.5036
2850,10.984375,-1288.8404
2851,10.984375,-1280.0086
2852,10.984375,-1271.0056
2853,11.0,-1261.8328
2854,11.0,-1252.4939
2855,11.0,-1242.9888
2856,11.0,-1233.3166
2857,11.015625,-1223.482
2858,11.0,-1213.4826
2859,11.015625,-1203.3229
2860,11.015625,-1193.0007
2861,11.015625,-1182.519
2862,11.015625,-1171.8788
2863,11.015625,-1161.0817
2864,11.015625,-1150.1284
2865,11.015625,-1139.0188
2866,11.015625,-1127.7577
2867,11.015625,-1116.3426
2868,11.0,-1104.7789
2869,11.015625,-1093.064
2870,11.0,-1081.2012
2871,11.0,-1069.1941
2872,11.0,-1057.0398
2873,11.0,-1044.7399
2874,11.0,-1032.3
2875,11.0,-1019.71952
2876,10.984375,-1007.00008
2877,10.984375,-994.1409
2878,10.984375,-981.14792
2879,10.984375,-968.01852
2880,10.96875,-954.75632
2881,10.96875,-941.36308
2882,10.96875,-927.8402
2883,10.953125,-914.1896
2884,10.953125,-900.412864
2885,10.9375,-886.5117
2886,10.9375,-872.488
2887,10.9375,-858.34092
2888,10.9375,-844.07716
2889,10.9375,-829.69352
2890,10.9375,-815.1944
2891,10.9375,-800.584
2892,10.9375,-785.8592
2893,10.921875,-771.0243
2894,10.921875,-756.08136
2895,10.90625,-741.02968
2896,10.90625,-725.8761
2897,10.890625,-710.6201
2898,10.875,-695.261168
2899,10.859375,-679.8062
2900,10.859375,-664.25224
2901,10.859375,-648.6038
2902,10.84375,-632.86284
2903,10.84375,-617.0314
2904,10.828125,-601.1115
2905,10.8125,-585.1053
2906,10.796875,-569.01484
2907,10.78125,-552.83952
2908,10.765625,-536.5868
2909,10.765625,-520.2535
2910,10.765625,-503.84708
2911,10.75,-487.364268
2912,10.75,-470.80996
2913,10.71875,-454.18636
2914,10.703125,-437.4957
2915,10.703125,-420.74008
2916,10.6875,-403.92172
2917,10.671875,-387.040232
2918,10.65625,-370.1032
2919,10.625,-353.10748
2920,10.625,-336.06084
2921,10.625,-318.96
2922,10.609375,-301.81
2923,10.59375,-284.6132
2924,10.578125,-267.37184
2925,10.5625,-250.088268
2926,10.5625,-232.76484
2927,10.546875,-215.40104
2928,10.515625,-198.0049
2929,10.515625,-180.575932
2930,10.484375,-163.11363
2931,10.46875,-145.62324
2932,10.453125,-128.10716
2933,10.4375,-110.56774
2934,10.40625,-93.0074
2935,10.40625,-75.42854
2936,10.390625,-57.833572
2937,10.234375,-40.22491
2938,10.21875,-22.604974
2939,10.203125,-4.973337
2940,10.203125,12.664711
2941,10.203125,30.303866
2942,10.140625,47.947408
2943,10.140625,65.59003
2944,10.109375,83.22928
2945,10.109375,100.8627
2946,10.0625,118.48784
2947,10.0625,136.10222
2948,10.03125,153.70624
2949,10.015625,171.29172
2950,9.984375,188.861908
2951,9.96875,206.408624
2952,9.953125,223.9351
2953,9.9375,241.436
2954,9.9375,258.90884
2955,9.921875,276.35124
2956,9.90625,293.76056
2957,9.90625,311.1345
2958,9.875,328.47328
2959,9.859375,345.76884
2960,9.859375,363.02432
2961,9.828125,380.2317
2962,9.828125,397.39404
2963,9.796875,414.50612
2964,9.796875,431.565468
2965,9.765625,448.5696
2966,9.765625,465.51614
2967,9.734375,482.4026
2968,9.734375,499.2265
2969,9.71875,515.98816
2970,9.703125,532.67976
2971,9.6875,549.30416
2972,9.6875,565.85364
2973,9.65625,582.3311
2974,9.65625,598.7315
2975,9.65625,615.0524
2976,9.640625,631.29144
2977,9.625,647.4462
2978,9.625,663.51696
2979,9.59375,679.4961
2980,9.59375,695.3838
2981,9.578125,711.180336
2982,9.5625,726.88088
2983,9.5625,742.4804
2984,9.546875,757.9817
2985,9.546875,773.37992
2986,9.53125,788.6728
2987,9.53125,803.85816
2988,9.515625,818.9358
2989,9.515625,833.899
2990,9.5,848.7477
2991,9.5,863.4821
2992,9.484375,878.09752
2993,9.46875,892.58952
2994,9.46875,906.9606
2995,9.46875,921.20608
2996,9.453125,935.32384
2997,9.4375,949.3117
2998,9.4375,963.16768
2999,9.421875,976.89168
3000,9.40625,990.477264
3001,9.40625,1003.9266
3002,9.40625,1017.2335
3003,9.390625,1030.3999
3004,9.375,1043.422
3005,9.375,1056.2974
3006,9.375,1069.0242
3007,9.375,1081.6005
3008,9.359375,1094.0244
3009,9.34375,1106.2937
3010,9.34375,1118.4067
3011,9.34375,1130.3634
3012,9.34375,1142.1597
3013,9.328125,1153.7921
3014,9.3125,1165.2624
3015,9.3125,1176.567
3016,9.3125,1187.704
3017,9.3125,1198.6716
3018,9.3125,1209.4682
3019,9.296875,1220.0917
3020,9.296875,1230.5425
3021,9.28125,1240.8152
3022,9.28125,1250.9116
3023,9.28125,1260.8268
3024,9.28125,1270.5624
3025,9.265625,1280.115
3026,9.265625,1289.4832
3027,9.265625,1298.6654
3028,9.25,1307.66
3029,9.25,1316.4657
3030,9.25,1325.0809
3031,9.25,1333.5055
3032,9.234375,1341.7352
3033,9.234375,1349.7716
3034,9.234375,1357.6118
3035,9.21875,1365.2544
3036,9.21875,1372.697
3039,9.171875,1393.8236
3040,9.171875,1400.4594
3041,9.15625,1406.8901
3042,9.15625,1413.1157
3043,9.15625,1419.134
3044,9.15625,1424.943
3045,9.15625,1430.5433
3046,9.15625,1435.9332
3047,9.15625,1441.1116
3048,9.15625,1446.0774
3049,9.15625,1450.8298
3050,9.15625,1455.3679
3051,9.15625,1459.6915
3052,9.15625,1463.7984
3053,9.15625,1467.6888
3054,9.15625,1471.3612
3055,9.15625,1474.8154
3056,9.15625,1478.0506
3057,9.15625,1481.0659
3058,9.15625,1483.8607
3059,9.15625,1486.4343
3060,9.15625,1488.786
3061,9.15625,1490.9158
3062,9.171875,1492.8224
3063,9.171875,1494.5058
3064,9.171875,1495.9653
3065,9.171875,1497.2006
3066,9.171875,1498.2112
3067,9.171875,1498.9967
3068,9.171875,1499.557
3069,9.171875,1499.8915
3070,9.171875,1499.9999
3071,9.171875,1499.8823
3072,9.171875,1499.5382
3073,9.171875,1498.9676
3074,9.1875,1498.1702
3075,9.1875,1497.146
3076,9.1875,1495.8952
3077,9.1875,1494.4172
3078,9.1875,1492.7124
3079,9.1875,1490.7808
3080,9.1875,1488.6223
3081,9.1875,1486.2369
3082,9.203125,1483.6254
3083,9.203125,1480.7871
3084,9.203125,1477.7232
3085,9.21875,1474.4329
3086,9.21875,1470.9171
3087,9.21875,1467.1765
3088,9.21875,1463.2106
3089,9.21875,1459.02
3090,9.21875,1454.6047
3091,9.21875,1449.9666
3092,9.21875,1445.1054
3093,9.234375,1440.0208
3094,9.25,1434.7148
3095,9.25,1429.1868
3096,9.25,1423.4379
3097,9.25,1417.4697
3098,9.25,1411.2814
3099,9.25,1404.8743
3100,9.25,1398.2493
3101,9.265625,1391.4062
3102,9.265625,1384.3482
3103,9.265625,1377.0746
3104,9.265625,1369.5856
3105,9.265625,1361.8829
3106,9.296875,1353.9691
3107,9.296875,1345.8426
3108,9.296875,1337.5057
3109,9.296875,1328.9596
3110,9.296875,1320.2052
3111,9.359375,1311.2438
3112,9.359375,1302.0752
3113,9.375,1292.7034
3114,9.375,1283.1282
3115,9.375,1273.3496
3116,9.390625,1263.3701
3117,9.390625,1253.193
3118,9.40625,1242.8164
3119,9.40625,1232.2432
3120,9.40625,1221.4748
3121,9.40625,1210.5114
3122,9.421875,1199.3576
3123,9.421875,1188.0132
3124,9.4375,1176.4782
3125,9.453125,1164.7578
3126,9.453125,1152.85
3127,9.453125,1140.7582
3128,9.46875,1128.4862
3129,9.484375,1116.0317
3130,9.484375,1103.3987
3131,9.484375,1090.589
3132,9.484375,1077.6022
3133,9.5,1064.4442
3134,9.515625,1051.1151
3135,9.515625,1037.6148
3136,9.53125,1023.9469
3137,9.53125,1010.116
3138,9.546875,996.1197
3139,9.5625,981.96216
3140,9.5625,967.6455
3141,9.5625,953.1718
3142,9.5625,938.5432
3143,9.578125,923.75976
3144,9.59375,908.828
3145,9.59375,893.74568
3146,9.59375,878.5196
3147,9.609375,863.1474
3148,9.625,847.63384
3149,9.625,831.9811
3150,9.625,816.19168
3151,9.640625,800.2677
3152,9.640625,784.2119
3153,9.65625,768.0266
3154,9.6875,751.7141
3155,9.6875,735.27464
3156,9.703125,718.7156
3157,9.703125,702.0344
3158,9.71875,685.2362
3159,9.71875,668.3236
3160,9.734375,651.2992
3161,9.734375,634.1655
3162,9.765625,616.92536
3163,9.765625,599.5812
3164,9.78125,582.13584
3165,9.796875,564.5894
3166,9.796875,546.94976
3167,9.8125,529.2145
3168,9.828125,511.3888
3169,9.828125,493.4757
3170,9.84375,475.47788
3171,9.859375,457.3982
3172,9.859375,439.2395
3173,9.875,421.004568
3174,9.90625,402.69636
3175,9.90625,384.315
3176,9.90625,365.86888
3177,9.9375,347.35536
3178,9.9375,328.78296
3179,9.9375,310.14908
3180,9.953125,291.45948
3181,9.984375,272.71708
3182,9.984375,253.92488
3183,9.984375,235.08594
3184,9.984375,216.2004
3185,10.015625,197.27696
3186,10.03125,178.313
3187,10.03125,159.31723
3188,10.0625,140.28705
3189,10.0625,121.22834
3190,10.078125,102.14707
3191,10.109375,83.0405936
3192,10.109375,63.91489
3193,10.140625,44.77019
3194,10.140625,25.615322
3195,10.171875,6.4505552
3196,10.171875,-12.723847
3197,10.203125,-31.89903
3198,10.21875,-51.07758
3199,10.234375,-70.253496
3200,10.234375,-89.42075
3201,10.25,-108.58193
3202,10.28125,-127.73102
3203,10.28125,-146.8677
3204,10.28125,-165.98312
3205,10.296875,-185.07696
3206,10.3125,-204.14892
3207,10.328125,-223.19012
3208,10.328125,-242.2031
3209,10.34375,-261.17902
3210,10.34375,-280.12032
3211,10.359375,-299.02112
3212,10.390625,-317.87814
3213,10.390625,-336.68832
3214,10.40625,-355.448436
3215,10.421875,-374.1582
3216,10.421875,-392.8088
3217,10.4375,-411.40268
3218,10.4375,-429.931168
3219,10.4375,-448.39672
3220,10.453125,-466.79332
3221,10.46875,-485.11528
3222,10.484375,-503.3648
3223,10.484375,-521.53876
3224,10.5,-539.6288
3225,10.5,-557.63432
3226,10.5,-575.5524
3227,10.5,-593.3826
3228,10.5,-611.1166
3229,10.515625,-628.75652
3230,10.515625,-646.29676
3231,10.546875,-663.7342
3232,10.5625,-681.0659
3233,10.5625,-698.289
3234,10.5625,-715.40024
3235,10.5625,-732.3969
3236,10.5625,-749.2759
3237,10.578125,-766.03688
3238,10.59375,-782.6717
3239,10.59375,-799.1827
3240,10.59375,-815.5644
3241,10.609375,-831.8114
3242,10.609375,-847.92584
3243,10.609375,-863.9024
3244,10.625,-879.7406
3245,10.625,-895.4329
3246,10.625,-910.979
3247,10.625,-926.3761
3248,10.625,-941.6237
3249,10.640625,-956.7168
3250,10.65625,-971.65048
3251,10.671875,-986.4265
3252,10.671875,-1001.04
3253,10.671875,-1015.48848
3254,10.671875,-1029.7692
3255,10.6875,-1043.8795
3256,10.703125,-1057.8171
3257,10.703125,-1071.5813
3258,10.703125,-1085.1656
3259,10.703125,-1098.5716
3260,10.703125,-1111.7948
3261,10.71875,-1124.8308
3262,10.71875,-1137.6812
3263,10.71875,-1150.3416
3264,10.734375,-1162.8097
3265,10.734375,-1175.0831
3266,10.734375,-1187.1616
3267,10.734375,-1199.0391
3268,10.734375,-1210.7153
3269,10.765625,-1222.1897
3270,10.765625,-1233.4585
3271,10.765625,-1244.5178
3272,10.765625,-1255.3689
3273,10.765625,-1266.008
3274,10.765625,-1276.4334
3275,10.78125,-1286.6428
3276,10.78125,-1296.6344
3277,10.8125,-1306.4076
3278,10.8125,-1315.9576
3279,10.8125,-1325.2856
3280,10.828125,-1334.387
3281,10.828125,-1343.2626
3282,10.828125,-1351.9093
3283,10.828125,-1360.3256
3284,10.828125,-1368.5096
3285,10.828125,-1376.4598
3286,10.84375,-1384.1748
3287,10.84375,-1391.6528
3288,10.84375,-1398.8934
3289,10.84375,-1405.8931
3290,10.84375,-1412.6524
3291,10.84375,-1419.1681
3292,10.84375,-1425.4406
3293,10.84375,-1431.4676
3294,10.84375,-1437.2482
3295,10.84375,-1442.7808
3296,10.859375,-1448.0643
3297,10.859375,-1453.0984
3298,10.859375,-1457.8804
3299,10.859375,-1462.41
3300,10.859375,-1466.687
3301,10.859375,-1470.7096
3302,10.859375,-1474.4764
3303,10.859375,-1477.9876
3304,10.859375,-1481.2417
3305,10.859375,-1484.238
3306,10.859375,-1486.9757
3307,10.859375,-1489.4546
3308,10.859375,-1491.673
3309,10.859375,-1493.631
3310,10.859375,-1495.3281
3311,10.859375,-1496.7633
3312,10.859375,-1497.9365
3313,10.859375,-1498.8472
3314,10.859375,-1499.4949
3315,10.859375,-1499.8792
3316,10.859375,-1499.9998
3317,10.859375,-1499.8564
3318,10.859375,-1499.4492
3319,10.859375,-1498.7776
3320,10.859375,-1497.8416
3321,10.859375,-1496.641
3322,10.859375,-1495.1759
3323,10.859375,-1493.4465
3324,10.859375,-1491.4526
3325,10.859375,-1489.1943
3326,10.859375,-1486.6721
3327,10.859375,-1483.8855
3328,10.859375,-1480.8356
3329,10.859375,-1477.5224
3330,10.859375,-1473.9458
3331,10.859375,-1470.1072
3332,10.859375,-1466.0058
3333,10.859375,-1461.643
3334,10.859375,-1457.0188
3335,10.859375,-1452.135
3336,10.859375,-1446.9898
3337,10.859375,-1441.5863
3338,10.859375,-1435.9243
3339,10.859375,-1430.0048
3340,10.859375,-1423.8274
3341,10.859375,-1417.3952
3342,10.859375,-1410.7068
3343,10.84375,-1403.7645
3344,10.84375,-1396.5703
3345,10.84375,-1389.1229
3346,10.84375,-1381.4248
3347,10.84375,-1373.476
3348,10.84375,-1365.2797
3349,10.84375,-1356.836
3350,10.84375,-1348.1467
3351,10.828125,-1339.2116
3352,10.8125,-1330.033
3353,10.828125,-1320.6141
3354,10.828125,-1310.9537
3355,10.828125,-1301.0544
3356,10.8125,-1290.9181
3357,10.8125,-1280.5462
3358,10.8125,-1269.9404
3359,10.8125,-1259.1008
3360,10.8125,-1248.0326
3361,10.8125,-1236.7356
3362,10.796875,-1225.2103
3363,10.796875,-1213.4602
3364,10.796875,-1201.4888
3365,10.796875,-1189.2946
3366,10.796875,-1176.8815
3367,10.78125,-1164.2516
3368,10.78125,-1151.4068
3369,10.78125,-1138.3476
3370,10.765625,-1125.0798
3371,10.765625,-1111.6019
3372,10.765625,-1097.9199
3373,10.765625,-1084.0324
3374,10.765625,-1069.9456
3375,10.765625,-1055.6578
3376,10.765625,-1041.1736
3377,10.75,-1026.4955
3378,10.75,-1011.6259
3379,10.75,-996.5653
3380,10.75,-981.3203
3381,10.75,-965.8918
3382,10.75,-950.28
3383,10.734375,-934.4899
3384,10.734375,-918.5264
3385,10.734375,-902.38792
3386,10.71875,-886.0793
3387,10.71875,-869.603664
3388,10.71875,-852.9637
3389,10.703125,-836.1623
3390,10.703125,-819.2002
3391,10.703125,-802.085
3392,10.703125,-784.8175
3393,10.703125,-767.39816
3394,10.703125,-749.8325
3395,10.6875,-732.1237
3396,10.671875,-714.27748
3397,10.671875,-696.2919
3398,10.65625,-678.17268
3399,10.65625,-659.9205
3400,10.65625,-641.54376
3401,10.640625,-623.04316
3402,10.640625,-604.4195
3403,10.625,-585.6813
3404,10.625,-566.82668
3405,10.625,-547.86164
3406,10.625,-528.7896
3407,10.625,-509.61416
3408,10.609375,-490.33864
3409,10.609375,-470.9666
3410,10.59375,-451.50156
3411,10.59375,-431.94704
3412,10.578125,-412.30392
3413,10.578125,-392.5813
3414,10.578125,-372.77716
3415,10.5625,-352.897968
3416,10.5625,-332.9502
3417,10.5625,-312.93184
3418,10.546875,-292.8495
3419,10.53125,-272.70672
3420,10.515625,-252.50454
3421,10.5,-232.2523
3422,10.5,-211.95092
3423,10.5,-191.6013
3424,10.5,-171.2101
3425,10.5,-150.78394
3426,10.484375,-130.32094
3427,10.46875,-109.82777
3428,10.46875,-89.30825
3429,10.453125,-68.766232
3430,10.453125,-48.205568
3431,10.4375,-27.630108
3432,10.4375,-7.040862
3433,10.421875,13.55257
3434,10.328125,34.15203
3435,10.328125,54.750764
3436,10.328125,75.34202
3437,10.3125,95.92762
3438,10.296875,116.5008
3439,10.28125,137.05765
3440,10.28125,157.59427
3441,10.265625,178.10958
3442,10.265625,198.59398
3443,10.25,219.04642
3444,10.234375,239.465784
3445,10.234375,259.84536
3446,10.21875,280.17844
3447,10.203125,300.46668
3448,10.1875,320.70344
3449,10.1875,340.88476
3450,10.171875,361.00676
3451,10.15625,381.06564
3452,10.140625,401.06012
3453,10.140625,420.98092
3454,10.140625,440.82968
3455,10.109375,460.597
3456,10.109375,480.28452
3457,10.109375,499.88564
3458,10.09375,519.3966
3459,10.078125,538.8136
3460,10.078125,558.13276
3461,10.0625,577.35032
3462,10.046875,596.4625
3463,10.03125,615.4682
3464,10.015625,634.3584
3465,10.015625,653.13464
3466,10.0,671.7879
3467,9.984375,690.31976
3468,9.984375,708.72392
3469,9.984375,726.996736
3470,9.96875,745.13464
3471,9.953125,763.134
3472,9.953125,780.99344
3473,9.9375,798.7049
3474,9.9375,816.2669
3475,9.921875,833.67864
3476,9.921875,850.933936
3477,9.90625,868.0271
3478,9.90625,884.9595
3479,9.90625,901.725168
3480,9.890625,918.3207
3481,9.875,934.74284
3482,9.859375,950.9906
3483,9.859375,967.05596
3484,9.84375,982.938064
3485,9.84375,998.6357
3486,9.828125,1014.1414
3487,9.828125,1029.4563
3488,9.828125,1044.5751
3489,9.8125,1059.4946
3490,9.8125,1074.2119
3491,9.796875,1088.7238
3492,9.796875,1103.0274
3493,9.796875,1117.1214
3494,9.796875,1130.9994
3495,9.796875,1144.6603
3496,9.765625,1158.1029
3497,9.765625,1171.3229
3498,9.765625,1184.317
3499,9.75,1197.081
3500,9.75,1209.616
3501,9.75,1221.9187
3502,9.734375,1233.9835
3503,9.734375,1245.8094
3504,9.734375,1257.394
3505,9.734375,1268.7363
3506,9.734375,1279.8306
3507,9.71875,1290.6777
3508,9.71875,1301.2738
3509,9.703125,1311.6164
3510,9.703125,1321.7036
3511,9.703125,1331.5328
3512,9.6875,1341.102
3513,9.6875,1350.4092
3514,9.6875,1359.4523
3515,9.6875,1368.2304
3516,9.6875,1376.7391
3517,9.671875,1384.9789
3518,9.671875,1392.9469
3519,9.65625,1400.6411
3520,9.65625,1408.0598
3521,9.65625,1415.2014
3522,9.65625,1422.0642
3523,9.65625,1428.6466
3524,9.65625,1434.947
3525,9.65625,1440.9648
3526,9.65625,1446.697
3527,9.65625,1452.1436
3528,9.640625,1457.3019
3529,9.640625,1462.1721
3530,9.640625,1466.7522
3531,9.640625,1471.0411
3532,9.640625,1475.0376
3533,9.625,1478.7407
3534,9.625,1482.15
3535,9.625,1485.2636
3536,9.625,1488.0813
3537,9.625,1490.6017
3538,9.625,1492.8247
3539,9.625,1494.7493
3540,9.625,1496.3746
3541,9.625,1497.7007
3542,9.625,1498.7264
3543,9.625,1499.4516
3544,9.625,1499.8758
3545,9.625,1499.9988
3546,9.625,1499.82
3547,9.625,1499.3394
3548,9.609375,1498.5568
3549,9.609375,1497.4722
3550,9.609375,1496.0853
3551,9.609375,1494.3966
3552,9.609375,1492.4058
3553,9.625,1490.1128
3554,9.609375,1487.5184
3555,9.625,1484.6227
3556,9.625,1481.4256
3557,9.625,1477.9284
3558,9.625,1474.1305
3559,9.609375,1470.0334
3560,9.609375,1465.6368
3561,9.609375,1460.9419
3562,9.609375,1455.9491
3563,9.625,1450.6594
3564,9.625,1445.0736
3565,9.625,1439.1918
3566,9.625,1433.0166
3567,9.625,1426.5472
3568,9.625,1419.7866
3569,9.625,1412.734
3570,9.625,1405.3916
3571,9.625,1397.7605
3572,9.625,1389.8423
3573,9.625,1381.6381
3574,9.625,1373.1495
3575,9.625,1364.3779
3576,9.625,1355.3251
3577,9.625,1345.9912
3578,9.625,1336.3793
3579,9.640625,1326.4923
3580,9.640625,1316.3295
3581,9.640625,1305.8939
3582,9.65625,1295.1876
3583,9.65625,1284.2126
3584,9.65625,1272.9708
3585,9.65625,1261.4645
3586,9.65625,1249.694
3587,9.65625,1237.6648
3588,9.65625,1225.3777
3589,9.65625,1212.8331
3590,9.65625,1200.0353
3591,9.671875,1186.9864
3592,9.671875,1173.6893
3593,9.671875,1160.1464
3594,9.6875,1146.36
3595,9.6875,1132.3331
3596,9.6875,1118.0685
3597,9.6875,1103.5666
3598,9.6875,1088.8345
3599,9.6875,1073.8708
3600,9.6875,1058.6828
3601,9.6875,1043.2689
3602,9.703125,1027.6348
3603,9.703125,1011.7829
3604,9.703125,995.71672
3605,9.71875,979.4394
3606,9.765625,962.95184
3607,9.765625,946.2617
3608,9.765625,929.368
3609,9.78125,912.2785
3610,9.78125,894.992
3611,9.78125,877.51432
3612,9.796875,859.8513
3613,9.796875,842.0017
3614,9.796875,823.971568
3615,9.796875,805.762
3616,9.8125,787.38168
3617,9.8125,768.8316
3618,9.828125,750.11336
3619,9.828125,731.2355
3620,9.828125,712.196836
3621,9.828125,693.00384
3622,9.84375,673.66296
3623,9.859375,654.17304
3624,9.859375,634.5405
3625,9.859375,614.76696
3626,9.859375,594.86148
3627,9.875,574.8256
3628,9.875,554.6635
3629,9.890625,534.37664
3630,9.90625,513.9718
3631,9.90625,493.45588
3632,9.90625,472.827816
3633,9.921875,452.09444
3634,9.921875,431.260232
3635,9.9375,410.329368
3636,9.9375,389.30628
3637,9.9375,368.19256
3638,9.953125,346.998136
3639,9.953125,325.72186
3640,9.96875,304.3738
3641,9.984375,282.95282
3642,9.984375,261.4662
3643,9.984375,239.921252
3644,10.0,218.316916
3645,10.015625,196.66052
3646,10.015625,174.95382
3647,10.015625,153.20706
3648,10.046875,131.42201
3649,10.046875,109.60043
3650,10.0625,87.752652
3651,10.0625,65.877592
3652,10.0625,43.982772
3653,10.078125,22.072848
3654,10.09375,0.15248654
3655,10.109375,-21.773628
3656,10.109375,-43.70081
3657,10.109375,-65.62437
3658,10.125,-87.5396
3659,10.125,-109.44466
3660,10.125,-131.32912
3661,10.140625,-153.19398
3662,10.140625,-175.0317
3663,10.15625,-196.83468
3664,10.1875,-218.60394
3665,10.1875,-240.3319
3666,10.1875,-262.01384
3667,10.1875,-283.6479
3668,10.1875,-305.22376
3669,10.1875,-326.73948
3670,10.203125,-348.1932
3671,10.21875,-369.5747
3672,10.21875,-390.884868
3673,10.234375,-412.11616
3674,10.234375,-433.264
3675,10.234375,-454.3238
3676,10.25,-475.29084
3677,10.25,-496.16052
3678,10.265625,-516.92832
3679,10.28125,-537.5923
3680,10.28125,-558.14248
3681,10.28125,-578.5798
3682,10.28125,-598.89416
3683,10.296875,-619.0866
3684,10.3125,-639.1499
3685,10.3125,-659.0795
3686,10.328125,-678.871136
3687,10.328125,-698.5202
3688,10.328125,-718.0225
3689,10.34375,-737.376036
3690,10.359375,-756.5715
3691,10.375,-775.609536
3692,10.390625,-794.481
3693,10.390625,-813.1865
3694,10.390625,-831.7194
3695,10.390625,-850.0754
3696,10.421875,-868.250336
3697,10.421875,-886.2403
3698,10.421875,-904.0411
3699,10.4375,-921.6508
3700,10.4375,-939.06104
3701,10.4375,-956.27232
3702,10.453125,-973.2762
3703,10.46875,-990.073232
3704,10.46875,-1006.65736
3705,10.484375,-1023.02468
3706,10.5,-1039.1715
3707,10.5,-1055.0941
3708,10.5,-1070.789
3709,10.5,-1086.2521
3710,10.515625,-1101.482
3711,10.515625,-1116.4714
3712,10.53125,-1131.2204
3713,10.53125,-1145.7222
3714,10.53125,-1159.9766
3715,10.546875,-1173.9786
3716,10.5625,-1187.725
3717,10.5625,-1201.2125
3718,10.5625,-1214.4379
3719,10.5625,-1227.398
3720,10.5625,-1240.0913
3721,10.578125,-1252.5118
3722,10.578125,-1264.6596
3723,10.609375,-1276.5286
3724,10.609375,-1288.1189
3725,10.625,-1299.4265
3726,10.625,-1310.4482
3727,10.625,-1321.1819
3728,10.625,-1331.6245
3729,10.625,-1341.7737
3730,10.640625,-1351.6282
3731,10.65625,-1361.183
3732,10.671875,-1370.4384
3733,10.671875,-1379.3894
3734,10.6875,-1388.0362
3735,10.6875,-1396.3757
3736,10.6875,-1404.4055
3737,10.703125,-1412.1236
3738,10.703125,-1419.5283
3739,10.703125,-1426.6174
3740,10.703125,-1433.3892
3741,10.71875,-1439.8428
3742,10.71875,-1445.9747
3743,10.734375,-1451.7849
3744,10.75,-1457.2705
3745,10.75,-1462.4313
3746,10.75,-1467.2652
3747,10.75,-1471.7709
3748,10.75,-1475.9469
3749,10.765625,-1479.7924
3750,10.765625,-1483.3065
3751,10.765625,-1486.4872
3752,10.78125,-1489.3341
3753,10.78125,-1491.8466
3754,10.78125,-1494.0233
3755,10.796875,-1495.8636
3756,10.796875,-1497.3671
3757,10.796875,-1498.5328
3758,10.8125,-1499.3604
3759,10.8125,-1499.8495
3760,10.8125,-1499.9995
3761,10.828125,-1499.81
3762,10.828125,-1499.2814
3763,10.84375,-1498.4127
3764,10.84375,-1497.2045
3765,10.859375,-1495.6566
3766,10.859375,-1493.7689
3767,10.859375,-1491.5416
3768,10.859375,-1488.9751
3769,10.90625,-1486.0698
3770,10.90625,-1482.8259
3771,10.921875,-1479.2434
3772,10.921875,-1475.324
3773,10.921875,-1471.0671
3774,10.921875,-1466.4746
3775,10.9375,-1461.5462
3776,10.9375,-1456.2831
3777,10.9375,-1450.6865
3778,10.9375,-1444.7574
3779,10.9375,-1438.4967
3780,10.9375,-1431.9058
3781,10.9375,-1424.9857
3782,10.9375,-1417.7372
3783,10.9375,-1410.1632
3784,10.9375,-1402.2633
3785,10.9375,-1394.0412
3786,10.9375,-1385.4964
3787,10.9375,-1376.6318
3788,10.953125,-1367.449
3789,10.953125,-1357.9497
3790,10.953125,-1348.1362
3791,10.953125,-1338.0105
3792,10.953125,-1327.5731
3793,10.953125,-1316.8288
3794,10.953125,-1305.7776
3795,10.953125,-1294.4241
3796,10.953125,-1282.768
3797,10.953125,-1270.8131
3798,10.953125,-1258.5621
3799,10.953125,-1246.0174
3800,10.953125,-1233.1821
3801,10.96875,-1220.0584
3802,10.96875,-1206.6478
3803,10.96875,-1192.9563
3804,10.96875,-1178.9835
3805,10.953125,-1164.7361
3806,10.953125,-1150.2135
3807,10.953125,-1135.4205
3808,10.9375,-1120.3607
3809,10.953125,-1105.037
3810,10.953125,-1089.4529
3811,10.953125,-1073.6119
3812,10.9375,-1057.5174
3813,10.9375,-1041.1709
3814,10.9375,-1024.5802
3815,10.9375,-1007.7448
3816,10.9375,-990.67256
3817,10.9375,-973.3631
3818,10.9375,-955.822464
3819,10.9375,-938.0543
3820,10.9375,-920.063
3821,10.9375,-901.8522
3822,10.9375,-883.424
3823,10.9375,-864.7869
3824,10.9375,-845.943
3825,10.9375,-826.894036
3826,10.9375,-807.64664
3827,10.9375,-788.2078
3828,10.921875,-768.57692
3829,10.90625,-748.761
3830,10.90625,-728.7644
3831,10.890625,-708.5918
3832,10.890625,-688.245236
3833,10.890625,-667.73444
3834,10.875,-647.0615
3835,10.875,-626.2287
3836,10.859375,-605.24332
3837,10.859375,-584.11284
3838,10.859375,-562.83684
3839,10.84375,-541.4229
3840,10.84375,-519.876
3841,10.828125,-498.201032
3842,10.828125,-476.40304
3843,10.8125,-454.48444
3844,10.796875,-432.45572
3845,10.78125,-410.3165
3846,10.78125,-388.07756
3847,10.765625,-365.73844
3848,10.765625,-343.30712
3849,10.75,-320.78896
3850,10.734375,-298.19192
3851,10.71875,-275.513
3852,10.71875,-252.76586
3853,10.703125,-229.9531
3854,10.6875,-207.080032
3855,10.6875,-184.14928
3856,10.671875,-161.1719
3857,10.65625,-138.14766
3858,10.640625,-115.084816
3859,10.625,-91.98887
3860,10.625,-68.865292
3861,10.609375,-45.71958
3862,10.59375,-22.55725
3863,10.578125,0.61618684
3864,10.5625,23.79806
3865,10.5625,46.977104
3866,10.546875,70.1535
3867,10.515625,93.31597
3868,10.515625,116.46469
3869,10.5,139.59123
3870,10.484375,162.69004
3871,10.46875,185.75556
3872,10.4375,208.7822
3873,10.4375,231.76444
3874,10.4375,254.69672
3875,10.421875,277.57626
3876,10.390625,300.39196
3877,10.375,323.14386
3878,10.359375,345.8236
3879,10.34375,368.42296
3880,10.328125,390.94192
3881,10.3125,413.37224
3882,10.296875,435.7085
3883,10.28125,457.94784
3884,10.265625,480.07948
3885,10.234375,502.100616
3886,10.21875,524.0086
3887,10.203125,545.79268
3888,10.1875,567.45276
3889,10.1875,588.98096
3890,10.140625,610.3719
3891,10.125,631.62024
3892,10.109375,652.72076
3893,10.09375,673.6683
3894,10.0625,694.4576
3895,10.0625,715.08344
3896,10.046875,735.5433
3897,10.015625,755.827
3898,10.015625,775.934436
3899,10.015625,795.85816
3900,9.953125,815.59316
3901,9.953125,835.13448
3902,9.921875,854.477264
3903,9.90625,873.6165
3904,9.90625,892.5474
3905,9.890625,911.2654
3906,9.875,929.7679
3907,9.875,948.04552
3908,9.84375,966.09848
3909,9.828125,983.919536
3910,9.8125,1001.50448
3911,9.796875,1018.8465
3912,9.78125,1035.9456
3913,9.78125,1052.7971
3914,9.765625,1069.3928
3915,9.734375,1085.7304
3916,9.734375,1101.8057
3917,9.71875,1117.6164
3918,9.71875,1133.1567
3919,9.71875,1148.4205
3920,9.671875,1163.4076
3921,9.65625,1178.1124
3922,9.65625,1192.5308
3923,9.640625,1206.6592
3924,9.625,1220.4939
3925,9.625,1234.0312
3926,9.59375,1247.2693
3927,9.59375,1260.2014
3928,9.59375,1272.8272
3929,9.578125,1285.1417
3930,9.5625,1297.1404
3931,9.46875,1308.8228
3932,9.453125,1320.1844
3933,9.453125,1331.2222
3934,9.421875,1341.9331
3935,9.421875,1352.3156
3936,9.421875,1362.3644
3937,9.40625,1372.0778
3938,9.40625,1381.4544
3939,9.390625,1390.4894
3940,9.375,1399.1824
3941,9.375,1407.5299
3942,9.359375,1415.5297
3943,9.34375,1423.1793
3944,9.34375,1430.4768
3945,9.34375,1437.4199
3946,9.328125,1444.0077
3947,9.3125,1450.2364
3948,9.3125,1456.106
3949,9.3125,1461.6129
3950,9.296875,1466.7572
3951,9.296875,1471.5365
3952,9.28125,1475.9494
3953,9.265625,1479.9944
3954,9.265625,1483.6704
3955,9.265625,1486.9761
3956,9.25,1489.9104
3957,9.25,1492.4724
3958,9.25,1494.6612
3959,9.234375,1496.4761
3960,9.234375,1497.9156
3961,9.21875,1498.98
3962,9.21875,1499.6681
3963,9.21875,1499.9798
3964,9.21875,1499.9147
3965,9.1875,1499.4723
3966,9.1875,1498.6526
3967,9.1875,1497.4554
3968,9.1875,1495.881
3969,9.171875,1493.9292
3970,9.171875,1491.6005
3971,9.171875,1488.8949
3972,9.15625,1485.8129
3973,9.140625,1482.3548
3974,9.140625,1478.5217
3975,9.140625,1474.3141
3976,9.125,1469.7327
3977,9.125,1464.7777
3978,9.125,1459.4515
3979,9.125,1453.7545
3980,9.125,1447.6871
3981,9.109375,1441.2514
3982,9.109375,1434.4485
3983,9.09375,1427.28
3984,9.09375,1419.7476
3985,9.09375,1411.8526
3986,9.09375,1403.5972
3987,9.09375,1394.9828
3988,9.078125,1386.0105
3989,9.078125,1376.6843
3990,9.078125,1367.0044
3991,9.078125,1356.9751
3992,9.078125,1346.5963
3993,9.0625,1335.8717
3994,9.0625,1324.8037
3995,9.0625,1313.3948
3996,9.0625,1301.6478
3997,9.0625,1289.5654
3998,9.0625,1277.149
3999,9.0625,1264.4046
4000,9.046875,1251.3319
4001,9.046875,1237.9357
4002,9.046875,1224.2192
4003,9.03125,1210.1857
4004,9.03125,1195.8386
4005,9.03125,1181.1812
4006,9.03125,1166.2172
4007,9.03125,1150.9501
4008,9.03125,1135.3837
4009,9.03125,1119.5218
4010,9.03125,1103.3683
4011,9.03125,1086.9232
4012,9.03125,1070.1981
4013,9.03125,1053.1936
4014,9.015625,1035.9096
4015,9.015625,1018.3584
4016,9.015625,1000.5362
4017,9.015625,982.4515
4018,9.015625,964.1132
4019,9.015625,945.51715
4020,9.015625,926.6722
4021,9.015625,907.5832
4022,9.015625,888.2594
4023,9.015625,868.69656
4024,9.015625,848.90408
4025,9.015625,828.8869
4026,9.015625,808.65016
4027,9.015625,788.19884
4028,9.015625,767.53824
4029,9.015625,746.66848
4030,9.015625,725.6048
4031,9.015625,704.34752
4032,9.015625,682.8971
4033,9.015625,661.269
4034,9.015625,639.4637
4035,9.015625,617.48156
4036,9.015625,595.33856
4037,9.015625,573.0299
4038,9.015625,550.5665
4039,9.015625,527.95952
4040,9.015625,505.20404
4041,9.015625,482.311232
4042,9.015625,459.28696
4043,9.015625,436.1426
4044,9.015625,412.87332
4045,9.015625,389.49044
4046,9.015625,366.00016
4047,9.015625,342.408416
4048,9.015625,318.7158
4049,9.015625,294.9396
4050,9.015625,271.0804
4051,9.015625,247.1445
4052,9.015625,223.13806
4053,9.03125,199.06166
4054,9.03125,174.93297
4055,9.03125,150.7469
4056,9.03125,126.52116
4057,9.03125,102.250728
4058,9.03125,77.95337
4059,9.03125,53.624044
4060,9.046875,29.274864
4061,9.046875,4.9179644
4062,9.046875,-19.451676
4063,9.0625,-43.8219
4064,9.0625,-68.18627
4065,9.0625,-92.53834
4066,9.0625,-116.87165
4067,9.0625,-141.17974
4068,9.0625,-165.45618
4069,9.0625,-189.694492
4070,9.078125,-213.88824
4071,9.078125,-238.03096
4072,9.078125,-262.12186
4073,9.078125,-286.1432
4074,9.09375,-310.09424
4075,9.09375,-333.97412
4076,9.09375,-357.765236
4077,9.09375,-381.472368
4078,9.109375,-405.07812
4079,9.109375,-428.58704
4080,9.125,-451.9874
4081,9.125,-475.26732
4082,9.125,-498.43152
4083,9.125,-521.4682
4084,9.125,-544.37116
4085,9.140625,-567.1341
4086,9.140625,-589.751
4087,9.140625,-612.2156
4088,9.140625,-634.5218
4089,9.15625,-656.6635
4090,9.15625,-678.6347
4091,9.15625,-700.42948
4092,9.171875,-722.04664
4093,9.171875,-743.47048
4094,9.1875,-764.699968
4095,9.1875,-785.7342
4096,9.1875,-806.5577
4097,9.1875,-827.1695
4098,9.203125,-847.56868
4099,9.21875,-867.7401
4100,9.28125,-887.6877
4101,9.28125,-907.3966
4102,9.296875,-926.8749
4103,9.296875,-946.09908
4104,9.3125,-965.0775
4105,9.3125,-983.8001
4106,9.3125,-1002.2618
4107,9.328125,-1020.45736
4108,9.328125,-1038.3817
4109,9.34375,-1056.0299
4110,9.359375,-1073.3968
4111,9.359375,-1090.4778
4112,9.375,-1107.2716
4113,9.375,-1123.762
4114,9.390625,-1139.9597
4115,9.40625,-1155.8488
4116,9.40625,-1171.4318
4117,9.421875,-1186.6974
4118,9.421875,-1201.6482
4119,9.421875,-1216.273
4120,9.453125,-1230.5742
4121,9.453125,-1244.5412
4122,9.46875,-1258.1797
4123,9.484375,-1271.4729
4124,9.5,-1284.4265
4125,9.515625,-1297.0306
4126,9.515625,-1309.2903
4127,9.53125,-1321.1904
4128,9.546875,-1332.7386
4129,9.546875,-1343.921
4130,9.5625,-1354.7444
4131,9.578125,-1365.198
4132,9.59375,-1375.2811
4133,9.59375,-1384.991
4134,9.59375,-1394.3266
4135,9.625,-1403.281
4136,9.625,-1411.8556
4137,9.640625,-1420.0419
4138,9.65625,-1427.845
4139,9.65625,-1435.2567
4140,9.671875,-1442.2802
4141,9.703125,-1448.9062
4142,9.703125,-1455.138
4143,9.734375,-1460.9702
4144,9.734375,-1466.4039
4145,9.765625,-1471.4358
4146,9.78125,-1476.0644
4147,9.796875,-1480.288
4148,9.8125,-1484.1051
4149,9.828125,-1487.5139
4150,9.828125,-1490.5151
4151,9.859375,-1493.1056
4152,9.859375,-1495.285
4153,9.890625,-1497.0525
4154,9.90625,-1498.4076
4155,9.9375,-1499.3489
4156,9.9375,-1499.8764
4157,9.953125,-1499.9892
4158,9.984375,-1499.6875
4159,10.0,-1498.971
4160,10.0,-1497.8391
4161,10.015625,-1496.2926
4162,10.046875,-1494.3302
4163,10.0625,-1491.9542
4164,10.09375,-1489.1633
4165,10.09375,-1485.9594
4166,10.140625,-1482.3406
4167,10.140625,-1478.311
4168,10.171875,-1473.8679
4169,10.1875,-1469.0162
4170,10.203125,-1463.7524
4171,10.234375,-1458.0828
4172,10.25,-1452.0032
4173,10.265625,-1445.5208
4174,10.28125,-1438.631
4175,10.296875,-1431.3402
4176,10.328125,-1423.6467
4177,10.34375,-1415.556
4178,10.359375,-1407.0664
4179,10.390625,-1398.1837
4180,10.421875,-1388.9062
4181,10.453125,-1379.2405
4182,10.453125,-1369.1846
4183,10.5,-1358.7455
4184,10.515625,-1347.9213
4185,10.53125,-1336.7195
4186,10.5625,-1325.1354
4187,10.578125,-1313.1824
4188,10.59375,-1300.8527
4189,10.609375,-1288.1609
4190,10.640625,-1275.0985
4191,10.65625,-1261.681
4192,10.671875,-1247.8998
4193,10.703125,-1233.7709
4194,10.71875,-1219.2852
4195,10.71875,-1204.4562
4196,10.75,-1189.2812
4197,10.765625,-1173.7748
4198,10.765625,-1157.927
4199,10.796875,-1141.7527
4200,10.828125,-1125.2488
4201,10.859375,-1108.4275
4202,10.859375,-1091.2854
4203,10.875,-1073.8309
4204,10.890625,-1056.069
4205,10.921875,-1038.0084
4206,10.921875,-1019.64608
4207,10.953125,-1000.9908
4208,10.953125,-982.0479
4209,10.953125,-962.8268
4210,11.0,-943.3195
4211,11.0,-923.5493
4212,11.015625,-903.5034
4213,11.03125,-883.2012
4214,11.046875,-862.6435
4215,11.046875,-841.836
4216,11.0625,-820.77968
4217,11.078125,-799.49
4218,11.09375,-777.9631
4219,11.109375,-756.21968
4220,11.109375,-734.24616
4221,11.125,-712.06332
4222,11.15625,-689.6625
4223,11.15625,-667.06992
4224,11.171875,-644.2768
4225,11.171875,-621.2998
4226,11.171875,-598.13492
4227,11.1875,-574.7939
4228,11.1875,-551.28324
4229,11.1875,-527.615
4230,11.203125,-503.7796
4231,11.21875,-479.80544
4232,11.21875,-455.677568
4233,11.203125,-431.4246
4234,11.203125,-407.03152
4235,11.21875,-382.52168
4236,11.21875,-357.89096
4237,11.21875,-333.1631
4238,11.203125,-308.32278
4239,11.203125,-283.3939
4240,11.1875,-258.37228
4241,11.1875,-233.276352
4242,11.1875,-208.10196
4243,11.1875,-182.867692
4244,11.171875,-157.56938
4245,11.15625,-132.22568
4246,11.15625,-106.82673
4247,11.140625,-81.40269
4248,11.125,-55.943724
4249,11.109375,-30.462896
4250,11.09375,-4.967543
4251,11.09375,20.534964
4252,11.0625,46.03726
4253,11.046875,71.53195
4254,11.046875,97.01166
4255,11.03125,122.46898
4256,11.0,147.90224
4257,10.984375,173.28694
4258,10.953125,198.63846
4259,10.9375,223.93232
4260,10.9375,249.17254
4261,10.734375,274.3404
4262,10.734375,299.43982
4263,10.65625,324.4522
4264,10.625,349.38144
4265,10.625,374.20904
4266,10.59375,398.9388
4267,10.578125,423.55792
4268,10.546875,448.0591
4269,10.5,472.429784
4270,10.484375,496.67896
4271,10.4375,520.77784
4272,10.421875,544.7408
4273,10.40625,568.53936
4274,10.375,592.18776
4275,10.375,615.65784
4276,10.328125,638.9635
4277,10.296875,662.0823
4278,10.265625,685.0175
4279,10.234375,707.74712
4280,10.203125,730.28456
4281,10.15625,752.6079
4282,10.140625,774.7205
4283,10.109375,796.6058
4284,10.109375,818.267
4285,10.109375,839.688
4286,10.0,860.87648
4287,9.984375,881.8071
4288,9.953125,902.48784
4289,9.921875,922.9031
4290,9.890625,943.06024
4291,9.859375,962.9352
4292,9.84375,982.5397
4293,9.8125,1001.8501
4294,9.796875,1020.87808
4295,9.765625,1039.6006
4296,9.734375,1058.0287
4297,9.703125,1076.1444
4298,9.6875,1093.9501
4299,9.65625,1111.4285
4300,9.625,1128.5898
4301,9.609375,1145.4175
4302,9.578125,1161.9133
4303,9.546875,1178.0651
4304,9.515625,1193.875
4305,9.484375,1209.331
4306,9.46875,1224.4353
4307,9.4375,1239.1796
4308,9.421875,1253.5592
4309,9.40625,1267.5668
4310,9.390625,1281.2038
4311,9.375,1294.4631
4312,9.34375,1307.3404
4313,9.34375,1319.8316
4314,9.3125,1331.9325
4315,9.28125,1343.6396
4316,9.265625,1354.949
4317,9.25,1365.857
4318,9.25,1376.3624
4319,9.21875,1386.4573
4320,9.1875,1396.1405
4321,9.171875,1405.4089
4322,9.15625,1414.2617
4323,9.140625,1422.6915
4324,9.125,1430.6998
4325,9.09375,1438.2802
4326,9.078125,1445.4331
4327,9.0625,1452.1548
4328,9.046875,1458.4429
4329,9.03125,1464.294
4330,9.015625,1469.7085
4331,9.015625,1474.6832
4332,8.984375,1479.2164
4333,8.96875,1483.3065
4334,8.953125,1486.9518
4335,8.921875,1490.1509
4336,8.90625,1492.9027
4337,8.890625,1495.206
4338,8.875,1497.0602
4339,8.859375,1498.4632
4340,8.84375,1499.4159
4341,8.84375,1499.9166
4342,8.828125,1499.9651
4343,8.796875,1499.5612
4344,8.796875,1498.7044
4345,8.765625,1497.3953
4346,8.75,1495.633
4347,8.734375,1493.419
4348,8.734375,1490.7522
4349,8.71875,1487.6346
4350,8.703125,1484.0647
4351,8.703125,1480.0462
4352,8.65625,1475.5776
4353,8.65625,1470.6609
4354,8.640625,1465.297
4355,8.640625,1459.4877
4356,8.609375,1453.234
4357,8.609375,1446.5378
4358,8.59375,1439.3992
4359,8.578125,1431.8248
4360,8.578125,1423.81
4361,8.5625,1415.3623
4362,8.5625,1406.4798
4363,8.546875,1397.1694
4364,8.53125,1387.4292
4365,8.53125,1377.2662
4366,8.515625,1366.6788
4367,8.515625,1355.6747
4368,8.5,1344.252
4369,8.484375,1332.4191
4370,8.484375,1320.1713
4371,8.46875,1307.5226
4372,8.453125,1294.4689
4373,8.453125,1281.0164
4374,8.4375,1267.1688
4375,8.421875,1252.9304
4376,8.421875,1238.305
4377,8.40625,1223.2971
4378,8.40625,1207.911
4379,8.40625,1192.1511
4380,8.390625,1176.0184
4381,8.375,1159.5246
4382,8.375,1142.6713
4383,8.375,1125.4632
4384,8.359375,1107.9017
4385,8.34375,1089.9994
4386,8.328125,1071.754
4387,8.328125,1053.1787
4388,8.3125,1034.2709
4389,8.296875,1015.04032
4390,8.28125,995.49272
4391,8.28125,975.6381
4392,8.265625,955.47392
4393,8.265625,935.010464
4394,8.25,914.2537
4395,8.234375,893.2101
4396,8.234375,871.88584
4397,8.234375,850.287264
4398,8.234375,828.421
4399,8.1875,806.293636
4400,8.1875,783.907
4401,8.171875,761.27748
4402,8.171875,738.4071
4403,8.140625,715.30284
4404,8.125,691.9667
4405,8.109375,668.4158
4406,8.09375,644.6471
4407,8.09375,620.6782
4408,8.09375,596.50604
4409,8.0625,572.14844
4410,8.0625,547.59704
4411,8.046875,522.8805
4412,8.015625,497.99044
4413,8.0,472.94536
4414,7.984375,447.73664
4415,7.96875,422.3938
4416,7.96875,396.902752
4417,7.953125,371.29336
4418,7.9375,345.55148
4419,7.921875,319.70164
4420,7.90625,293.7463
4421,7.890625,267.6936
4422,7.875,241.54592
4423,7.84375,215.32264
4424,7.84375,189.0263
4425,7.828125,162.66513
4426,7.8125,136.24161
4427,7.796875,109.77539
4428,7.78125,83.26334
4429,7.75,56.719456
4430,7.734375,30.152046
4431,7.71875,3.5751726
4432,7.546875,-23.014268
4433,7.515625,-49.596472
4434,7.5,-76.180248
4435,7.484375,-102.73434
4436,7.453125,-129.27322
4437,7.4375,-155.7657
4438,7.421875,-182.22618
4439,7.40625,-208.62358
4440,7.375,-234.9722
4441,7.375,-261.24668
4442,7.359375,-287.44998
4443,7.328125,-313.55698
4444,7.3125,-339.5817
4445,7.28125,-365.4991
4446,7.265625,-391.31208
4447,7.234375,-417.00128
4448,7.21875,-442.569568
4449,7.203125,-467.997736
4450,7.171875,-493.2886
4451,7.15625,-518.42316
4452,7.140625,-543.4095
4453,7.125,-568.21816
4454,7.109375,-592.8572
4455,7.078125,-617.3132
4456,7.0625,-641.5784
4457,7.046875,-665.645
4458,7.046875,-689.5052
4459,7.03125,-713.1512
4460,7.015625,-736.5754
4461,6.984375,-759.77016
4462,6.96875,-782.7328
4463,6.953125,-805.4413
4464,6.9375,-827.9076
4465,6.921875,-850.11
4466,6.90625,-872.05052
4467,6.890625,-893.7128
4468,6.875,-915.09908
4469,6.875,-936.19292
4470,6.84375,-956.99668
4471,6.8125,-977.494464
4472,6.796875,-997.6925
4473,6.765625,-1017.5671
4474,6.75,-1037.1244
4475,6.71875,-1056.3536
4476,6.703125,-1075.2485
4477,6.6875,-1093.7987
4478,6.671875,-1112.0099
4479,6.65625,-1129.8605
4480,6.640625,-1147.3598
4481,6.625,-1164.4905
4482,6.609375,-1181.2507
4483,6.59375,-1197.6349
4484,6.578125,-1213.6409
4485,6.5625,-1229.2564
4486,6.546875,-1244.4828
4487,6.53125,-1259.3084
4488,6.515625,-1273.7346
4489,6.5,-1287.7504
4490,6.484375,-1301.3568
4491,6.46875,-1314.5436
4492,6.453125,-1327.3116
4493,6.4375,-1339.6512
4494,6.421875,-1351.5634
4495,6.421875,-1363.0411
4496,6.390625,-1374.0807
4497,6.375,-1384.6781
4498,6.375,-1394.8297
4499,6.359375,-1404.5318
4500,6.34375,-1413.7812
4501,6.328125,-1422.5744
4502,6.3125,-1430.9083
4503,6.296875,-1438.78
4504,6.296875,-1446.1881
4505,6.28125,-1453.1268
4506,6.28125,-1459.5963
4507,6.265625,-1465.5906
4508,6.25,-1471.1123
4509,6.25,-1476.1556
4510,6.234375,-1480.7217
4511,6.21875,-1484.8049
4512,6.21875,-1488.4064
4513,6.21875,-1491.5231
4514,6.203125,-1494.1549
4515,6.1875,-1496.3003
4516,6.1875,-1497.9579
4517,6.171875,-1499.1267
4518,6.171875,-1499.8068
4519,6.171875,-1499.997
4520,6.171875,-1499.697
4521,6.15625,-1498.9068
4522,6.15625,-1497.6261
4523,6.15625,-1495.8551
4524,6.15625,-1493.5942
4525,6.15625,-1490.8438
4526,6.15625,-1487.6036
4527,6.15625,-1483.8758
4528,6.15625,-1479.6598
4529,6.15625,-1474.9585
4530,6.15625,-1469.771
4531,6.15625,-1464.1008
4532,6.15625,-1457.9474
4533,6.15625,-1451.3148
4534,6.15625,-1444.2024
4535,6.15625,-1436.6133
4536,6.15625,-1428.5497
4537,6.15625,-1420.016
4538,6.171875,-1411.009
4539,6.171875,-1401.5391
4540,6.171875,-1391.6011
4541,6.171875,-1381.2062
4542,6.1875,-1370.349
4543,6.1875,-1359.0394
4544,6.203125,-1347.2788
4545,6.203125,-1335.0704
4546,6.203125,-1322.4156
4547,6.21875,-1309.3236
4548,6.21875,-1295.7928
4549,6.234375,-1281.8332
4550,6.25,-1267.4432
4551,6.25,-1252.6334
4552,6.265625,-1237.4022
4553,6.265625,-1221.7609
4554,6.28125,-1205.7076
4555,6.296875,-1189.2545
4556,6.3125,-1172.396
4557,6.3125,-1155.1516
4558,6.328125,-1137.5162
4559,6.34375,-1119.499
4560,6.34375,-1101.1057
4561,6.359375,-1082.3422
4562,6.359375,-1063.2145
4563,6.390625,-1043.7286
4564,6.390625,-1023.88696
4565,6.390625,-1003.7082
4566,6.4375,-983.18208
4567,6.453125,-962.32792
4568,6.46875,-941.14384
4569,6.484375,-919.6456
4570,6.484375,-897.8311
4571,6.484375,-875.71656
4572,6.53125,-853.3001
4573,6.53125,-830.59816
4574,6.546875,-807.6088
4575,6.578125,-784.349236
4576,6.59375,-760.8172
4577,6.59375,-737.0253
4578,6.609375,-712.98148
4579,6.640625,-688.6934
4580,6.65625,-664.16924
4581,6.65625,-639.41708
4582,6.671875,-614.44508
4583,6.703125,-589.26136
4584,6.703125,-563.87448
4585,6.734375,-538.29268
4586,6.75,-512.51916
4587,6.765625,-486.5731
4588,6.78125,-460.45792
4589,6.796875,-434.1822
4590,6.8125,-407.74924
4591,6.828125,-381.17884
4592,6.84375,-354.46884
4593,6.859375,-327.63922
4594,6.875,-300.68788
4595,6.890625,-273.6294
4596,7.03125,-246.472816
4597,7.046875,-219.232976
4598,7.078125,-191.902
4599,7.09375,-164.5118
4600,7.09375,-137.05455
4601,7.109375,-109.54522
4602,7.125,-81.993064
4603,7.140625,-54.40742
4604,7.15625,-26.7918932
4605,7.171875,0.82699656
4606,7.1875,28.462768
4607,7.203125,56.08888
4608,7.21875,83.70166
4609,7.234375,111.291732
4610,7.25,138.85538
4611,7.25,166.37181
4612,7.265625,193.84302
4613,7.28125,221.24824
4614,7.296875,248.58948
4615,7.3125,275.85168
4616,7.328125,303.02548
4617,7.34375,330.09598
4618,7.359375,357.065068
4619,7.375,383.9179
4620,7.375,410.64516
4621,7.390625,437.23228
4622,7.40625,463.686336
4623,7.421875,489.97656
4624,7.4375,516.1154
4625,7.4375,542.0777
4626,7.4375,567.8598
4627,7.453125,593.45276
4628,7.46875,618.85296
4629,7.484375,644.0411
4630,7.5,669.01876
4631,7.5,693.7669
4632,7.515625,718.2871
4633,7.53125,742.5608
4634,7.53125,766.5895
4635,7.546875,790.35468
4636,7.5625,813.858036
4637,7.5625,837.0815
4638,7.5625,860.02652
4639,7.5625,882.68024
4640,7.59375,905.0346
4641,7.609375,927.08184
4642,7.609375,948.814
4643,7.625,970.2236
4644,7.625,991.3028
4645,7.640625,1012.0443
4646,7.640625,1032.4407
4647,7.65625,1052.4846
4648,7.671875,1072.1731
4649,7.671875,1091.4908
4650,7.671875,1110.4391
4651,7.6875,1128.9994
4652,7.703125,1147.1803
4653,7.703125,1164.964
4654,7.71875,1182.3513
4655,7.734375,1199.3324
4656,7.734375,1215.901
4657,7.734375,1232.048
4658,7.734375,1247.774
4659,7.75,1263.0668
4660,7.765625,1277.9303
4661,7.78125,1292.3468
4662,7.78125,1306.3228
4663,7.78125,1319.8416
4664,7.78125,1332.9094
4665,7.796875,1345.5108
4666,7.796875,1357.6511
4667,7.796875,1369.3163
4668,7.8125,1380.5114
4669,7.828125,1391.225
4670,7.828125,1401.4576
4671,7.828125,1411.2013
4672,7.84375,1420.456
4673,7.84375,1429.2148
4674,7.84375,1437.4778
4675,7.84375,1445.2383
4676,7.859375,1452.4964
4677,7.859375,1459.2464
4678,7.859375,1465.4885
4679,7.875,1471.2175
4680,7.875,1476.4346
4681,7.890625,1481.133
4682,7.890625,1485.3151
4683,7.90625,1488.9754
4684,7.90625,1492.1152
4685,7.90625,1494.7307
4686,7.90625,1496.8228
4687,7.90625,1498.3886
4688,7.921875,1499.4285
4689,7.921875,1499.9413
4690,7.921875,1499.9263
4691,7.9375,1499.3837
4692,7.9375,1498.3128
4693,7.9375,1496.7141
4694,7.9375,1494.5872
4695,7.9375,1491.9335
4696,7.953125,1488.7523
4697,7.953125,1485.046
4698,7.953125,1480.813
4699,7.953125,1476.0579
4700,7.96875,1470.7793
4701,7.96875,1464.9798
4702,7.96875,1458.6611
4703,7.96875,1451.8264
4704,7.96875,1444.4736
4705,7.984375,1436.611
4706,7.984375,1428.2348
4707,7.984375,1419.3522
4708,7.984375,1409.9647
4709,7.984375,1400.0753
4710,7.984375,1389.685
4711,7.984375,1378.8015
4712,7.984375,1367.4262
4713,8.0,1355.5628
4714,8.0,1343.2128
4715,8.0,1330.3851
4716,8.0,1317.0791
4717,8.0,1303.3043
4718,8.0,1289.0571
4719,8.015625,1274.3536
4720,8.015625,1259.1901
4721,8.015625,1243.5778
4722,8.015625,1227.5124
4723,8.015625,1211.0123
4724,8.015625,1194.0701
4725,8.015625,1176.7047
4726,8.015625,1158.9084
4727,8.015625,1140.7018
4728,8.03125,1122.0762
4729,8.03125,1103.0492
4730,8.03125,1083.6236
4731,8.03125,1063.8063
4732,8.03125,1043.5998
4733,8.03125,1023.01952
4734,8.03125,1002.0643
4735,8.03125,980.749632
4736,8.03125,959.0745
4737,8.03125,937.0553
4738,8.03125,914.6907
4739,8.03125,891.997536
4740,8.03125,868.97468
4741,8.03125,845.6349
4742,8.03125,821.9862
4743,8.03125,798.04176
4744,8.03125,773.7956
4745,8.03125,749.2757
4746,8.03125,724.471
4747,8.03125,699.4102
4748,8.03125,674.08216
4749,8.03125,648.51084
4750,8.03125,622.7004
4751,8.03125,596.66004
4752,8.03125,570.3937
4753,8.03125,543.92116
4754,8.03125,517.2414
4755,8.03125,490.3746
4756,8.03125,463.3196
4757,8.03125,436.09696
4758,8.03125,408.70544
4759,8.03125,381.1659
4760,8.03125,353.4772
4761,8.03125,325.66036
4762,8.03125,297.70864
4763,8.03125,269.65454
4764,8.03125,241.4913
4765,8.03125,213.23472
4766,8.03125,184.89502
4767,8.03125,156.48244
4768,8.015625,128.00728
4769,8.015625,99.479864
4770,8.015625,70.90483
4771,8.015625,42.3097
4772,8.015625,13.682003
4773,8.015625,-14.950678
4774,8.0,-43.58935
4775,8.0,-72.21213
4776,8.0,-100.81999
4777,8.0,-129.39105
4778,8.0,-157.92628
4779,8.0,-186.40382
4780,8.0,-214.824624
4781,7.984375,-243.16688
4782,7.984375,-271.43712
4783,7.984375,-299.60244
4784,7.984375,-327.66934
4785,7.984375,-355.6218
4786,7.984375,-383.44956
4787,7.984375,-411.14232
4788,7.984375,-438.689832
4789,7.96875,-466.0819
4790,7.96875,-493.31384
4791,7.96875,-520.35924
4792,7.96875,-547.22976
4793,7.96875,-573.89904
4794,7.96875,-600.3681
4795,7.953125,-626.61632
4796,7.953125,-652.6444
4797,7.953125,-678.4323
4798,7.953125,-703.98068
4799,7.953125,-729.2697
4800,7.9375,-754.3001
4801,7.9375,-779.0524
4802,7.9375,-803.5272
4803,7.9375,-827.7104
4804,7.921875,-851.5929
4805,7.921875,-875.1608
4806,7.921875,-898.4195
4807,7.921875,-921.341536
4808,7.921875,-943.9366
4809,7.921875,-966.178
4810,7.90625,-988.07512
4811,7.90625,-1009.6064
4812,7.90625,-1030.7681
4813,7.90625,-1051.552
4814,7.90625,-1071.9544
4815,7.90625,-1091.9591
4816,7.90625,-1111.5669
4817,7.90625,-1130.762
4818,7.90625,-1149.5449
4819,7.890625,-1167.9009
4820,7.890625,-1185.8301
4821,7.890625,-1203.3185
4822,7.875,-1220.3663
4823,7.875,-1236.9602
4824,7.875,-1253.1035
4825,7.875,-1268.777
4826,7.859375,-1283.9869
4827,7.859375,-1298.7154
4828,7.859375,-1312.9686
4829,7.859375,-1326.7291
4830,7.84375,-1340.0027
4831,7.84375,-1352.7737
4832,7.84375,-1365.047
4833,7.84375,-1376.8102
4834,7.84375,-1388.0634
4835,7.84375,-1398.7956
4836,7.84375,-1409.0108
4837,7.828125,-1418.6988
4838,7.828125,-1427.8595
4839,7.828125,-1436.4855
4840,7.8125,-1444.5765
4841,7.8125,-1452.1261
4842,7.8125,-1459.1356
4843,7.8125,-1465.5963
4844,7.796875,-1471.5095
4845,7.796875,-1476.8704
4846,7.796875,-1481.6794
4847,7.796875,-1485.931
4848,7.78125,-1489.6264
4849,7.78125,-1492.7609
4850,7.78125,-1495.3353
4851,7.78125,-1497.3468
4852,7.78125,-1498.7955
4853,7.765625,-1499.6797
4854,7.765625,-1499.9988
4855,7.765625,-1499.7526
4856,7.75,-1498.9407
4857,7.75,-1497.563
4858,7.75,-1495.6195
4859,7.75,-1493.1113
4860,7.734375,-1490.038
4861,7.734375,-1486.4016
4862,7.734375,-1482.2016
4863,7.734375,-1477.4403
4864,7.734375,-1472.1189
4865,7.71875,-1466.2402
4866,7.71875,-1459.8027
4867,7.703125,-1452.8135
4868,7.703125,-1445.2709
4869,7.703125,-1437.1787
4870,7.6875,-1428.5399
4871,7.6875,-1419.3572
4872,7.6875,-1409.632
4873,7.6875,-1399.3733
4874,7.671875,-1388.5768
4875,7.671875,-1377.2526
4876,7.671875,-1365.4002
4877,7.671875,-1353.0282
4878,7.65625,-1340.1364
4879,7.65625,-1326.737
4880,7.65625,-1312.8218
4881,7.640625,-1298.4089
4882,7.640625,-1283.4955
4883,7.640625,-1268.0926
4884,7.640625,-1252.2
4885,7.640625,-1235.8295
4886,7.625,-1218.9773
4887,7.625,-1201.6628
4888,7.609375,-1183.8789
4889,7.609375,-1165.646
4890,7.609375,-1146.9601
4891,7.609375,-1127.8318
4892,7.59375,-1108.2642
4893,7.578125,-1088.2761
4894,7.578125,-1067.8594
4895,7.578125,-1047.0333
4896,7.5625,-1025.7977
4897,7.5625,-1004.17304
4898,7.5625,-982.1502
4899,7.546875,-959.7504
4900,7.546875,-936.9734
4901,7.53125,-913.8363
4902,7.53125,-890.33908
4903,7.53125,-866.49476
4904,7.53125,-842.3126
4905,7.53125,-817.80632
4906,7.515625,-792.9757
4907,7.5,-767.8347
4908,7.5,-742.3931
4909,7.5,-716.6654
4910,7.5,-690.646336
4911,7.484375,-664.3659
4912,7.484375,-637.8137
4913,7.46875,-611.0153
4914,7.46875,-583.9757
4915,7.46875,-556.70524
4916,7.46875,-529.209
4917,7.453125,-501.5081
4918,7.453125,-473.6024
4919,7.4375,-445.518836
4920,7.4375,-417.2465
4921,7.421875,-388.81252
4922,7.421875,-360.21136
4923,7.40625,-331.47608
4924,7.40625,-302.60108
4925,7.390625,-273.60872
4926,7.390625,-244.49898
4927,7.375,-215.28862
4928,7.375,-185.98898
4929,7.359375,-156.61711
4930,7.359375,-127.167272
4931,7.34375,-97.67369
4932,7.34375,-68.124984
4933,7.328125,-38.555484
4934,7.25,-8.95381
4935,7.25,20.65135
4936,7.25,50.259904
4937,7.25,79.84315
4938,7.234375,109.4124
4939,7.21875,138.93896
4940,7.21875,168.42268
4941,7.203125,197.84066
4942,7.203125,227.192684
4943,7.1875,256.45596
4944,7.171875,285.63022
4945,7.171875,314.6928
4946,7.15625,343.64904
4947,7.15625,372.4652
4948,7.140625,401.1466
4949,7.140625,429.6764
4950,7.125,458.04324
4951,7.125,486.236032
4952,7.109375,514.24348
4953,7.09375,542.05456
4954,7.09375,569.65824
4955,7.078125,597.0436
4956,7.078125,624.2048
4957,7.0625,651.1156
4958,7.046875,677.7859
4959,7.046875,704.1895
4960,7.03125,730.32624
4961,7.03125,756.17552
4962,7.015625,781.7368
4963,7.0,806.99024
4964,7.0,831.9353
4965,7.0,856.552368
4966,6.984375,880.845632
4967,6.96875,904.7867
4968,6.953125,928.37976
4969,6.9375,951.6064
4970,6.9375,974.4702
4971,6.9375,996.9445
4972,6.921875,1019.03768
4973,6.90625,1040.7235
4974,6.90625,1062.0099
4975,6.890625,1082.8758
4976,6.875,1103.3169
4977,6.859375,1123.3248
4978,6.859375,1142.8952
4979,6.84375,1162.0122
4980,6.84375,1180.6756
4981,6.828125,1198.8672
4982,6.8125,1216.5933
4983,6.796875,1233.836
4984,6.796875,1250.5985
4985,6.78125,1266.8606
4986,6.765625,1282.6252
4987,6.765625,1297.8798
4988,6.75,1312.6235
4989,6.75,1326.8475
4990,6.734375,1340.5458
4991,6.71875,1353.7102
4992,6.71875,1366.3423
4993,6.71875,1378.4274
4994,6.6875,1389.9694
4995,6.6875,1400.9566
4996,6.671875,1411.3867
4997,6.65625,1421.2551
4998,6.65625,1430.5594
4999,6.640625,1439.2919
5000,6.640625,1447.4506
5001,6.625,1455.0318
5002,6.609375,1462.0337
5003,6.59375,1468.4502
5004,6.578125,1474.2811
5005,6.578125,1479.5214
5006,6.5625,1484.1713
5007,6.5625,1488.2254
5008,6.546875,1491.684
5009,6.53125,1494.544
5010,6.53125,1496.8056
5011,6.515625,1498.4654
5012,6.5,1499.5243
5013,6.5,1499.9801
5014,6.484375,1499.8331
5015,6.484375,1499.0829
5016,6.46875,1497.7289
5017,6.453125,1495.7723
5018,6.453125,1493.212
5019,6.4375,1490.0503
5020,6.421875,1486.2865
5021,6.40625,1481.9235
5022,6.40625,1476.9609
5023,6.390625,1471.4024
5024,6.390625,1465.2477
5025,6.375,1458.5012
5026,6.375,1451.163
5027,6.359375,1443.2382
5028,6.34375,1434.7267
5029,6.34375,1425.6351
5030,6.328125,1415.9612
5031,6.328125,1405.716
5032,6.328125,1394.8954
5033,6.296875,1383.512
5034,6.296875,1371.5634
5035,6.28125,1359.0564
5036,6.28125,1345.9933
5037,6.265625,1332.3865
5038,6.265625,1318.2311
5039,6.25,1303.5403
5040,6.25,1288.3142
5041,6.25,1272.5675
5042,6.234375,1256.2944
5043,6.21875,1239.5104
5044,6.21875,1222.2154
5045,6.21875,1204.4231
5046,6.203125,1186.1334
5047,6.203125,1167.3607
5048,6.1875,1148.1012
5049,6.1875,1128.3773
5050,6.171875,1108.1858
5051,6.171875,1087.5381
5052,6.171875,1066.4425
5053,6.171875,1044.9116
5054,6.15625,1022.9414
5055,6.15625,1000.5575
5056,6.140625,977.75164
5057,6.140625,954.5458
5058,6.140625,930.9451
5059,6.125,906.95884
5060,6.125,882.592064
5061,6.125,857.8637
5062,6.125,832.7791
5063,6.109375,807.3484
5064,6.109375,781.5769
5065,6.109375,755.48488
5066,6.109375,729.072736
5067,6.109375,702.36132
5068,6.109375,675.34608
5069,6.109375,648.0585
5070,6.109375,620.4941
5071,6.109375,592.67456
5072,6.109375,564.59548
5073,6.109375,536.28924
5074,6.09375,507.74616
5075,6.09375,478.9993
5076,6.09375,450.038816
5077,6.09375,420.8983
5078,6.109375,391.5677
5079,6.109375,362.07552
5080,6.109375,332.4284
5081,6.109375,302.63844
5082,6.109375,272.71224
5083,6.109375,242.673368
5084,6.109375,212.5229
5085,6.109375,182.284532
5086,6.109375,151.9594
5087,6.125,121.57137
5088,6.125,91.121608
5089,6.125,60.634104
5090,6.140625,30.110048
5091,6.140625,-0.432211232
5092,6.140625,-30.980011
5093,6.15625,-61.51496
5094,6.15625,-92.04153
5095,6.15625,-122.52418
5096,6.171875,-152.97304
5097,6.171875,-183.35264
5098,6.1875,-213.67308
5099,6.1875,-243.90466
5100,6.203125,-274.04044
5101,6.203125,-304.0678
5102,6.203125,-333.97976
5103,6.21875,-363.75262
5104,6.21875,-393.385
5105,6.3125,-422.85344
5106,6.3125,-452.156616
5107,6.328125,-481.2711
5108,6.34375,-510.1956
5109,6.34375,-538.90716
5110,6.359375,-567.40436
5111,6.375,-595.6645
5112,6.375,-623.6914
5113,6.390625,-651.45232
5114,6.40625,-678.9512
5115,6.421875,-706.1709
5116,6.421875,-733.10016
5117,6.4375,-759.7274
5118,6.453125,-786.0462
5119,6.453125,-812.030768
5120,6.46875,-837.6892
5121,6.484375,-862.9963
5122,6.5,-887.9461
5123,6.5,-912.5277
5124,6.515625,-936.7353
5125,6.53125,-960.5494
5126,6.546875,-983.96856
5127,6.5625,-1006.9741
5128,6.578125,-1029.5646
5129,6.578125,-1051.7219
5130,6.59375,-1073.445
5131,6.59375,-1094.7197
5132,6.625,-1115.5374
5133,6.640625,-1135.8849
5134,6.65625,-1155.7649
5135,6.65625,-1175.1537
5136,6.671875,-1194.054
5137,6.6875,-1212.4537
5138,6.6875,-1230.3483
5139,6.71875,-1247.72
5140,6.71875,-1264.574
5141,6.734375,-1280.8904
5142,6.75,-1296.6742
5143,6.765625,-1311.9093
5144,6.765625,-1326.5948
5145,6.78125,-1340.7186
5146,6.78125,-1354.2798
5147,6.828125,-1367.2671
5148,6.84375,-1379.6796
5149,6.859375,-1391.5072
5150,6.875,-1402.7488
5151,6.890625,-1413.3952
5152,6.90625,-1423.4454
5153,6.921875,-1432.893
5154,6.921875,-1441.7333
5155,6.953125,-1449.961
5156,6.953125,-1457.5768
5157,6.984375,-1464.571
5158,6.984375,-1470.9459
5159,7.0,-1476.6935
5160,7.015625,-1481.8153
5161,7.03125,-1486.3059
5162,7.046875,-1490.1644
5163,7.0625,-1493.3871
5164,7.078125,-1495.9746
5165,7.078125,-1497.9237
5166,7.09375,-1499.2341
5167,7.109375,-1499.9043
5168,7.140625,-1499.934
5169,7.15625,-1499.3228
5170,7.15625,-1498.0702
5171,7.171875,-1496.177
5172,7.171875,-1493.6431
5173,7.203125,-1490.4692
5174,7.21875,-1486.6566
5175,7.21875,-1482.2073
5176,7.234375,-1477.1202
5177,7.265625,-1471.401
5178,7.265625,-1465.0474
5179,7.265625,-1458.0666
5180,7.265625,-1450.456
5181,7.296875,-1442.2228
5182,7.328125,-1433.3686
5183,7.328125,-1423.8971
5184,7.34375,-1413.8097
5185,7.359375,-1403.1145
5186,7.359375,-1391.8116
5187,7.40625,-1379.9122
5188,7.40625,-1367.4121
5189,7.4375,-1354.3231
5190,7.4375,-1340.6433
5191,7.453125,-1326.3881
5192,7.46875,-1311.5558
5193,7.46875,-1296.1578
5194,7.484375,-1280.195
5195,7.5,-1263.6765
5196,7.5,-1246.6092
5197,7.53125,-1229.0004
5198,7.53125,-1210.8569
5199,7.546875,-1192.1869
5200,7.546875,-1172.9978
5201,7.546875,-1153.2976
5202,7.578125,-1133.0946
5203,7.609375,-1112.3974
5204,7.609375,-1091.2107
5205,7.625,-1069.551
5206,7.625,-1047.4198
5207,7.640625,-1024.8385
5208,7.65625,-1001.80024
5209,7.671875,-978.32712
5210,7.6875,-954.4208
5211,7.6875,-930.0954
5212,7.6875,-905.3613
5213,7.703125,-880.2338
5214,7.71875,-854.7144
5215,7.71875,-828.823236
5216,7.734375,-802.55704
5217,7.75,-775.9464
5218,7.765625,-748.983136
5219,7.78125,-721.6986
5220,7.78125,-694.0845
5221,7.78125,-666.17284
5222,7.8125,-637.95524
5223,7.8125,-609.45936
5224,7.828125,-580.69224
5225,7.84375,-551.6663
5226,7.84375,-522.3888
5227,7.84375,-492.88296
5228,7.859375,-463.15088
5229,7.875,-433.216232
5230,7.890625,-403.081184
5231,7.90625,-372.76968
5232,7.90625,-342.2839
5233,7.90625,-311.64822
5234,7.90625,-280.86488
5235,7.9375,-249.952732
5236,7.9375,-218.925368
5237,7.953125,-187.801968
5238,7.96875,-156.57914
5239,7.984375,-125.29328
5240,7.984375,-93.93529
5241,7.984375,-62.541736
5242,8.0,-31.103558
5243,8.015625,0.3482998
5244,8.015625,31.805724
5245,8.03125,63.254876
5246,8.03125,94.687616
5247,8.046875,126.07867
5248,8.0625,157.42556
5249,8.0625,188.703108
5250,8.0625,219.90882
5251,8.078125,251.01754
5252,8.078125,282.02684
5253,8.078125,312.91162
5254,8.09375,343.6695
5255,8.09375,374.2756
5256,8.09375,404.7329
5257,8.09375,435.00584
5258,8.109375,465.0974
5259,8.125,494.98868
5260,8.125,524.6663
5261,8.140625,554.11708
5262,8.140625,583.32776
5263,8.140625,612.2853
5264,8.15625,640.9819
5265,8.15625,669.3892
5266,8.171875,697.51496
5267,8.171875,725.3313
5268,8.171875,752.835636
5269,8.1875,780.0057
5270,8.1875,806.8391
5271,8.234375,833.313968
5272,8.234375,859.428
5273,8.25,885.1597
5274,8.25,910.5071
5275,8.25,935.449136
5276,8.25,959.98816
5277,8.25,984.0953
5278,8.25,1007.77268
5279,8.265625,1031.0049
5280,8.265625,1053.7818
5281,8.265625,1076.0926
5282,8.265625,1097.9272
5283,8.28125,1119.2758
5284,8.28125,1140.1321
5285,8.28125,1160.4752
5286,8.28125,1180.3108
5287,8.28125,1199.6186
5288,8.296875,1218.397
5289,8.296875,1236.6268
5290,8.296875,1254.313
5291,8.296875,1271.4375
5292,8.296875,1287.9988
5293,8.3125,1303.9857
5294,8.3125,1319.3909
5295,8.3125,1334.2045
5296,8.3125,1348.4248
5297,8.3125,1362.0402
5298,8.328125,1375.0512
5299,8.328125,1387.4424
5300,8.328125,1399.2167
5301,8.328125,1410.3602
5302,8.328125,1420.8755
5303,8.328125,1430.7498
5304,8.34375,1439.9855
5305,8.34375,1448.5715
5306,8.34375,1456.5099
5307,8.34375,1463.7921
5308,8.359375,1470.4171
5309,8.359375,1476.3793
5310,8.359375,1481.6777
5311,8.359375,1486.3069
5312,8.359375,1490.2678
5313,8.375,1493.5564
5314,8.375,1496.1709
5315,8.375,1498.1094
5316,8.375,1499.3714
5317,8.375,1499.9557
5318,8.375,1499.8614
5319,8.375,1499.0888
5320,8.390625,1497.6371
5321,8.390625,1495.507
5322,8.390625,1492.6988
5323,8.390625,1489.2138
5324,8.390625,1485.053
5325,8.390625,1480.2179
5326,8.40625,1474.7094
5327,8.40625,1468.5326
5328,8.40625,1461.6857
5329,8.40625,1454.1749
5330,8.40625,1446.0005
5331,8.40625,1437.169
5332,8.40625,1427.6804
5333,8.40625,1417.5426
5334,8.421875,1406.7561
5335,8.421875,1395.3291
5336,8.421875,1383.2627
5337,8.421875,1370.5637
5338,8.421875,1357.2379
5339,8.421875,1343.2933
5340,8.421875,1328.7285
5341,8.4375,1313.56
5342,8.4375,1297.7868
5343,8.4375,1281.418
5344,8.4375,1264.4579
5345,8.4375,1246.9231
5346,8.4375,1228.809
5347,8.4375,1210.1361
5348,8.453125,1190.8996
5349,8.453125,1171.1183
5350,8.453125,1150.7936
5351,8.453125,1129.9418
5352,8.453125,1108.5648
5353,8.453125,1086.68
5354,8.453125,1064.2888
5355,8.46875,1041.4097
5356,8.46875,1018.0446
5357,8.46875,994.21216
5358,8.46875,969.91048
5359,8.46875,945.16752
5360,8.46875,919.9815
5361,8.46875,894.3681
5362,8.46875,868.3388
5363,8.46875,841.9101
5364,8.484375,815.0798
5365,8.484375,787.8742
5366,8.484375,760.30092
5367,8.484375,732.3725
5368,8.484375,704.09656
5369,8.484375,675.50104
5370,8.484375,646.57876
5371,8.5,617.35804
5372,8.5,587.842
5373,8.5,558.05456
5374,8.5,527.9987
5375,8.5,497.698936
5376,8.5,467.1583
5377,8.5,436.40168
5378,8.515625,405.4267
5379,8.515625,374.269632
5380,8.515625,342.92824
5381,8.515625,311.42244
5382,8.515625,279.7668
5383,8.515625,247.98154
5384,8.53125,216.06436
5385,8.53125,184.046936
5386,8.53125,151.9385
5387,8.53125,119.75383
5388,8.53125,87.502148
5389,8.546875,55.215536
5390,8.546875,22.886122
5391,8.546875,-9.453932
5392,8.546875,-41.80103
5393,8.546875,-74.12868
5394,8.546875,-106.43327
5395,8.546875,-138.68831
5396,8.546875,-170.89016
5397,8.546875,-203.0124
5398,8.5625,-235.051384
5399,8.5625,-266.98076
5400,8.5625,-298.80256
5401,8.5625,-330.4793
5402,8.578125,-362.013
5403,8.578125,-393.38324
5404,8.578125,-424.57524
5405,8.578125,-455.57436
5406,8.578125,-486.3714
5407,8.578125,-516.9356
5408,8.59375,-547.2742
5409,8.578125,-577.35656
5410,8.59375,-607.1741
5411,8.59375,-636.7125
5412,8.59375,-665.963
5413,8.59375,-694.90136
5414,8.59375,-723.5242
5415,8.59375,-751.8076
5416,8.609375,-779.7483
5417,8.609375,-807.3231
5418,8.609375,-834.5284
5419,8.609375,-861.3419
5420,8.609375,-887.7647
5421,8.609375,-913.765568
5422,8.625,-939.346
5423,8.625,-964.48892
5424,8.625,-989.1825
5425,8.640625,-1013.41468
5426,8.640625,-1037.1741
5427,8.640625,-1060.4488
5428,8.640625,-1083.232
5429,8.640625,-1105.5007
5430,8.65625,-1127.2596
5431,8.65625,-1148.4868
5432,8.65625,-1169.1793
5433,8.671875,-1189.3163
5434,8.671875,-1208.9022
5435,8.671875,-1227.917
5436,8.671875,-1246.358
5437,8.6875,-1264.2128
5438,8.6875,-1281.4726
5439,8.6875,-1298.1264
5440,8.6875,-1314.1714
5441,8.734375,-1329.5941
5442,8.75,-1344.3952
5443,8.75,-1358.5565
5444,8.75,-1372.079
5445,8.75,-1384.953
5446,8.75,-1397.1722
5447,8.765625,-1408.7307
5448,8.765625,-1419.6243
5449,8.765625,-1429.8417
5450,8.765625,-1439.3852
5451,8.765625,-1448.2448
5452,8.78125,-1456.4187
5453,8.78125,-1463.8987
5454,8.78125,-1470.686
5455,8.796875,-1476.7736
5456,8.796875,-1482.1598
5457,8.8125,-1486.8403
5458,8.828125,-1490.8144
5459,8.828125,-1494.0775
5460,8.828125,-1496.6292
5461,8.84375,-1498.467
5462,8.84375,-1499.5906
5463,8.84375,-1499.9983
5464,8.859375,-1499.6897
5465,8.859375,-1498.6648
5466,8.859375,-1496.9235
5467,8.859375,-1494.4662
5468,8.890625,-1491.294
5469,8.890625,-1487.4076
5470,8.890625,-1482.8079
5471,8.90625,-1477.4993
5472,8.90625,-1471.4801
5473,8.921875,-1464.7561
5474,8.921875,-1457.3276
5475,8.921875,-1449.2004
5476,8.953125,-1440.3752
5477,8.953125,-1430.859
5478,8.96875,-1420.6526
5479,8.96875,-1409.7642
5480,8.96875,-1398.1947
5481,8.984375,-1385.9535
5482,8.984375,-1373.0396
5483,9.015625,-1359.4678
5484,9.015625,-1345.2373
5485,9.015625,-1330.3569
5486,9.03125,-1314.8336
5487,9.03125,-1298.6743
5488,9.046875,-1281.8867
5489,9.0625,-1264.4784
5490,9.0625,-1246.4542
5491,9.0625,-1227.8323
5492,9.078125,-1208.6083
5493,9.09375,-1188.801
5494,9.09375,-1168.4127
5495,9.109375,-1147.4602
5496,9.125,-1125.9498
5497,9.125,-1103.8915
5498,9.140625,-1081.2877
5499,9.140625,-1058.165
5500,9.15625,-1034.5222
5501,9.171875,-1010.3788
5502,9.171875,-985.73784
5503,9.1875,-960.6194
5504,9.203125,-935.02232
5505,9.21875,-908.9765
5506,9.21875,-882.4764
5507,9.234375,-855.5528
5508,9.25,-828.1999
5509,9.265625,-800.44996
5510,9.265625,-772.2967
5511,9.265625,-743.7683
5512,9.296875,-714.87352
5513,9.3125,-685.62632
5514,9.3125,-656.03548
5515,9.34375,-626.1255
5516,9.34375,-595.9004
5517,9.359375,-565.3852
5518,9.359375,-534.5841
5519,9.375,-503.5226
5520,9.390625,-472.20496
5521,9.40625,-440.65708
5522,9.421875,-408.883432
5523,9.453125,-376.910216
5524,9.46875,-344.7365
5525,9.484375,-312.40004
5526,9.484375,-279.89424
5527,9.515625,-247.25726
5528,9.53125,-214.482532
5529,9.546875,-181.608616
5530,9.578125,-148.62882
5531,9.59375,-115.58199
5532,9.609375,-82.461496
5533,9.625,-49.300616
5534,9.640625,-16.104156
5535,9.65625,17.094474
5536,9.671875,50.30189
5537,9.6875,83.48464
5538,9.703125,116.63786
5539,9.734375,149.73386
5540,9.734375,182.76772
5541,9.765625,215.71186
5542,9.796875,248.56698
5543,9.796875,281.2943
5544,9.828125,313.89462
5545,9.828125,346.3462
5546,9.859375,378.63288
5547,9.890625,410.73328
5548,9.90625,442.64804
5549,9.921875,474.339268
5550,9.9375,505.8131
5551,9.953125,537.0377
5552,9.953125,568.00284
5553,9.984375,598.6932
5554,10.0,629.09864
5555,10.015625,659.1885
5556,10.046875,688.96824
5557,10.0625,718.4078
5558,10.078125,747.5024
5559,10.109375,776.22752
5560,10.140625,804.57868
5561,10.15625,832.5319
5562,10.171875,860.0875
5563,10.1875,887.2127
5564,10.203125,913.9077
5565,10.234375,940.1502
5566,10.234375,965.9402
5567,10.28125,991.247
5568,10.28125,1016.07512
5569,10.296875,1040.3952
5570,10.328125,1064.2112
5571,10.328125,1087.495
5572,10.34375,1110.2507
5573,10.375,1132.451
5574,10.375,1154.0998
5575,10.390625,1175.175
5576,10.40625,1195.6728
5577,10.40625,1215.5759
5578,10.4375,1234.8808
5579,10.4375,1253.5709
5580,10.453125,1271.643
5581,10.46875,1289.0817
5582,10.484375,1305.8837
5583,10.5,1322.0349
5584,10.515625,1337.5321
5585,10.53125,1352.3648
5586,10.546875,1366.5248
5587,10.546875,1380.0028
5588,10.5625,1392.7982
5589,10.578125,1404.8958
5590,10.59375,1416.2971
5591,10.59375,1426.9885
5592,10.625,1436.9717
5593,10.625,1446.2341
5594,10.625,1454.7775
5595,10.625,1462.5924
5596,10.640625,1469.6772
5597,10.65625,1476.0258
5598,10.671875,1481.6364
5599,10.6875,1486.5034
5600,10.6875,1490.6279
5601,10.703125,1494.0038
5602,10.703125,1496.6307
5603,10.703125,1498.5065
5604,10.703125,1499.63
5605,10.765625,1500.0
5606,10.765625,1499.616
5607,10.765625,1498.4782
5608,10.765625,1496.586
5609,10.765625,1493.9406
5610,10.765625,1490.5425
5611,10.765625,1486.3933
5612,10.765625,1481.4948
5613,10.765625,1475.8486
5614,10.765625,1469.4566
5615,10.765625,1462.3247
5616,10.765625,1454.4514
5617,10.765625,1445.8441
5618,10.75,1436.504
5619,10.75,1426.4385
5620,10.75,1415.6487
5621,10.734375,1404.1437
5622,10.734375,1391.9248
5623,10.734375,1379.002
5624,10.734375,1365.3772
5625,10.71875,1351.0614
5626,10.71875,1336.0543
5627,10.71875,1320.373
5628,10.703125,1304.0174
5629,10.703125,1286.9984
5630,10.6875,1269.3238
5631,10.6875,1251.0026
5632,10.671875,1232.0433
5633,10.671875,1212.4558
5634,10.671875,1192.2494
5635,10.640625,1171.434
5636,10.625,1150.0162
5637,10.625,1128.014
5638,10.625,1105.4308
5639,10.625,1082.2893
5640,10.609375,1058.5853
5641,10.59375,1034.3426
5642,10.578125,1009.5651
5643,10.578125,984.26904
5644,10.546875,958.467136
5645,10.53125,932.1769
5646,10.515625,905.40232
5647,10.5,878.16616
5648,10.5,850.46784
5649,10.484375,822.34032
5650,10.46875,793.7785
5651,10.453125,764.8161
5652,10.4375,735.4482
5653,10.4375,705.7095
5654,10.421875,675.59464
5655,10.390625,645.1395
5656,10.390625,614.3388
5657,10.359375,583.22364
5658,10.34375,551.8046
5659,10.328125,520.0923
5660,10.3125,488.11352
5661,10.3125,455.87376
5662,10.296875,423.4002
5663,10.28125,390.69852
5664,10.265625,357.7964
5665,10.234375,324.6995
5666,10.234375,291.42468
5667,10.234375,258.0114
5668,10.1875,224.44306
5669,10.171875,190.77064
5670,10.140625,156.97746
5671,10.125,123.10352
5672,10.125,89.15483
5673,10.109375,55.17167
5674,10.09375,21.137248
5675,10.0625,-12.908067
5676,10.0625,-46.95817
5677,10.046875,-80.98406
5678,10.046875,-114.97963
5679,10.0,-148.91588
5680,9.984375,-182.78666
5681,9.984375,-216.55178
5682,9.953125,-250.22776
5683,9.9375,-283.77448
5684,9.9375,-317.197
5685,9.9375,-350.44428
5686,9.90625,-383.52156
5687,9.890625,-416.400416
5688,9.859375,-449.07484
5689,9.84375,-481.5168
5690,9.828125,-513.72032
5691,9.828125,-545.6684
5692,9.828125,-577.33376
5693,9.796875,-608.6998
5694,9.78125,-639.76076
5695,9.765625,-670.5002
5696,9.765625,-700.8916
5697,9.75,-730.9193
5698,9.734375,-760.5874
5699,9.734375,-789.8506
5700,9.71875,-818.72264
5701,9.703125,-847.15952
5702,9.6875,-875.1655
5703,9.6875,-902.7256
5704,9.671875,-929.81584
5705,9.65625,-956.4311
5706,9.65625,-982.557
5707,9.65625,-1008.1624
5708,9.640625,-1033.2595
5709,9.625,-1057.8098
5710,9.609375,-1081.8247
5711,9.609375,-1105.2752
5712,9.59375,-1128.1564
5713,9.59375,-1150.4414
5714,9.59375,-1172.1404
5715,9.578125,-1193.227
5716,9.5625,-1213.6969
5717,9.5625,-1233.5324
5718,9.546875,-1252.7229
5719,9.546875,-1271.2645
5720,9.546875,-1289.147
5721,9.53125,-1306.3546
5722,9.515625,-1322.8837
5723,9.515625,-1338.7198
5724,9.515625,-1353.8596
5725,9.515625,-1368.2898
5726,9.5,-1382.0071
5727,9.484375,-1394.9994
5728,9.484375,-1407.264
5729,9.46875,-1418.7936
5730,9.46875,-1429.5781
5731,9.46875,-1439.6116
5732,9.453125,-1448.892
5733,9.453125,-1457.4108
5734,9.453125,-1465.1686
5735,9.4375,-1472.153
5736,9.4375,-1478.365
5737,9.4375,-1483.7991
5738,9.4375,-1488.4551
5739,9.421875,-1492.3254
5740,9.421875,-1495.4118
5741,9.421875,-1497.7088
5742,9.421875,-1499.2169
5743,9.40625,-1499.9346
5744,9.40625,-1499.8607
5745,9.40625,-1498.9949
5746,9.40625,-1497.3369
5747,9.40625,-1494.8887
5748,9.40625,-1491.6487
5749,9.40625,-1487.6214
5750,9.40625,-1482.8047
5751,9.390625,-1477.2034
5752,9.390625,-1470.8206
5753,9.390625,-1463.657
5754,9.390625,-1455.7157
5755,9.390625,-1447.0032
5756,9.390625,-1437.5239
5757,9.390625,-1427.2797
5758,9.390625,-1416.2749
5759,9.390625,-1404.5189
5760,9.390625,-1392.0136
5761,9.390625,-1378.7692
5762,9.390625,-1364.7881
5763,9.390625,-1350.0822
5764,9.390625,-1334.6537
5765,9.390625,-1318.5159
5766,9.390625,-1301.6714
5767,9.390625,-1284.1346
5768,9.390625,-1265.9087
5769,9.421875,-1247.0089
5770,9.421875,-1227.4388
5771,9.421875,-1207.2151
5772,9.421875,-1186.3412
5773,9.421875,-1164.8351
5774,9.4375,-1142.6935
5775,9.4375,-1119.9495
5776,9.4375,-1096.6005
5777,9.453125,-1072.6582
5778,9.453125,-1048.1432
5779,9.453125,-1023.0684
5780,9.453125,-997.4301
5781,9.46875,-971.2672
5782,9.46875,-944.5765
5783,9.46875,-917.3715
5784,9.484375,-889.6758
5785,9.484375,-861.4945
5786,9.484375,-832.852
5787,9.484375,-803.753968
5788,9.5,-774.2253
5789,9.515625,-744.2717
5790,9.515625,-713.9092
5791,9.515625,-683.17376
5792,9.53125,-652.0515
5793,9.53125,-620.5791
5794,9.546875,-588.7736
5795,9.546875,-556.6414
5796,9.546875,-524.19948
5797,9.5625,-491.475736
5798,9.5625,-458.4878
5799,9.578125,-425.24244
5800,9.59375,-391.7573
5801,9.59375,-358.06124
5802,9.59375,-324.16132
5803,9.609375,-290.0868
5804,9.609375,-255.84474
5805,9.625,-221.4648
5806,9.625,-186.954132
5807,9.640625,-152.34264
5808,9.65625,-117.63757
5809,9.671875,-82.86902
5810,9.671875,-48.044316
5811,9.6875,-13.193658
5812,9.703125,21.675566
5813,9.703125,56.54451
5814,9.734375,91.38288
5815,9.734375,126.17184
5816,9.734375,160.90394
5817,9.734375,195.549
5818,9.765625,230.11082
5819,9.796875,264.53674
5820,9.796875,298.83064
5821,9.796875,332.97376
5822,9.796875,366.93636
5823,9.828125,400.711068
5824,9.84375,434.26836
5825,9.859375,467.59012
5826,9.875,500.67972
5827,9.890625,533.48664
5828,9.90625,566.02516
5829,9.90625,598.256
5830,9.90625,630.16156
5831,9.90625,661.7349
5832,9.9375,692.948336
5833,9.9375,723.79484
5834,9.953125,754.25732
5835,9.96875,784.2992
5836,9.984375,813.9334
5837,9.984375,843.123936
5838,10.015625,871.8644
5839,10.015625,900.12936
5840,10.03125,927.90344
5841,10.046875,955.18024
5842,10.0625,981.9444
5843,10.0625,1008.1724
5844,10.0625,1033.858
5845,10.09375,1058.9789
5846,10.09375,1083.5289
5847,10.109375,1107.4866
5848,10.140625,1130.8461
5849,10.140625,1153.5869
5850,10.15625,1175.7036
5851,10.171875,1197.1766
5852,10.1875,1218.0008
5853,10.1875,1238.1577
5854,10.21875,1257.6488
5855,10.234375,1276.4441
5856,10.234375,1294.5452
5857,10.234375,1311.9362
5858,10.265625,1328.6128
5859,10.28125,1344.5652
5860,10.28125,1359.7789
5861,10.28125,1374.2458
5862,10.296875,1387.9666
5863,10.328125,1400.9198
5864,10.328125,1413.1107
5865,10.328125,1424.5203
5866,10.328125,1435.1531
5867,10.34375,1444.9923
5868,10.34375,1454.042
5869,10.375,1462.2878
5870,10.375,1469.7329
5871,10.390625,1476.3655
5872,10.390625,1482.188
5873,10.390625,1487.1912
5874,10.40625,1491.3766
5875,10.421875,1494.7386
5876,10.421875,1497.2753
5877,10.421875,1498.9857
5878,10.4375,1499.8682
5879,10.4375,1499.9212
5880,10.4375,1499.1446
5881,10.4375,1497.5393
5882,10.453125,1495.1042
5883,10.453125,1491.8416
5884,10.46875,1487.7515
5885,10.46875,1482.8373
5886,10.484375,1477.0996
5887,10.5,1470.5432
5888,10.5,1463.1692
5889,10.5,1454.9835
5890,10.5,1445.9878
5891,10.5,1436.1896
5892,10.5,1425.5906
5893,10.5,1414.1998
5894,10.515625,1402.0196
5895,10.515625,1389.0603
5896,10.53125,1375.3198
5897,10.53125,1360.8188
5898,10.53125,1345.556
5899,10.53125,1329.5446
5900,10.53125,1312.7821
5901,10.546875,1295.294
5902,10.546875,1277.0785
5903,10.546875,1258.1453
5904,10.5625,1238.5105
5905,10.5625,1218.1853
5906,10.5625,1197.1671
5907,10.5625,1175.4877
5908,10.5625,1153.1377
5909,10.5625,1130.1511
5910,10.5625,1106.5182
5911,10.5625,1082.2748
5912,10.5625,1057.4104
5913,10.5625,1031.9545
5914,10.5625,1005.9216
5915,10.5625,979.31716
5916,10.5625,952.1559
5917,10.5625,924.4702
5918,10.5625,896.2488
5919,10.5625,867.5251
5920,10.5625,838.3057
5921,10.5625,808.6259
5922,10.5625,778.4733
5923,10.5625,747.8839
5924,10.5625,716.86472
5925,10.546875,685.44308
5926,10.546875,653.62616
5927,10.546875,621.442
5928,10.546875,588.8982
5929,10.546875,556.02324
5930,10.546875,522.82496
5931,10.546875,489.33252
5932,10.53125,455.5539
5933,10.53125,421.5188
5934,10.515625,387.23536
5935,10.515625,352.73376
5936,10.5,318.02228
5937,10.484375,283.13152
5938,10.484375,248.05862
5939,10.46875,212.85702
5940,10.453125,177.524
5941,10.453125,142.09079
5942,10.4375,106.55454
5943,10.4375,70.96951
5944,10.4375,35.33296
5945,10.4375,-0.335008
5946,10.4375,-36.002784
5947,10.421875,-71.66164
5948,10.421875,-107.27994
5949,10.40625,-142.83752
5950,10.40625,-178.33702
5951,10.390625,-213.73548
5952,10.390625,-249.0128
5953,10.390625,-284.1603
5954,10.390625,-319.1467
5955,10.375,-353.963268
5956,10.359375,-388.5901
5957,10.34375,-422.9853
5958,10.34375,-457.16236
5959,10.328125,-491.079736
5960,10.328125,-524.7182
5961,10.328125,-558.06916
5962,10.3125,-591.11348
5963,10.296875,-623.82152
5964,10.296875,-656.1851
5965,10.28125,-688.16504
5966,10.28125,-719.7737
5967,10.28125,-750.9724
5968,10.28125,-781.7532
5969,10.265625,-812.0885
5970,10.265625,-841.97048
5971,10.265625,-871.3724
5972,10.25,-900.2865
5973,10.25,-928.68696
5974,10.234375,-956.5663
5975,10.234375,-983.89952
5976,10.21875,-1010.6879
5977,10.21875,-1036.8901
5978,10.21875,-1062.5082
5979,10.203125,-1087.5187
5980,10.1875,-1111.9153
5981,10.1875,-1135.6832
5982,10.1875,-1158.801
5983,10.1875,-1181.2556
5984,10.1875,-1203.0475
5985,10.1875,-1224.1434
5986,10.171875,-1244.5446
5987,10.171875,-1264.2385
5988,10.15625,-1283.2074
5989,10.15625,-1301.4403
5990,10.15625,-1318.9379
5991,10.140625,-1335.6727
5992,10.140625,-1351.651
5993,10.140625,-1366.8527
5994,10.140625,-1381.2689
5995,10.140625,-1394.8956
5996,10.140625,-1407.7203
5997,10.125,-1419.7394
5998,10.125,-1430.945
5999,10.125,-1441.3236
6000,10.125,-1450.8788
6001,10.109375,-1459.5982
6002,10.109375,-1467.4791
6003,10.109375,-1474.5121
6004,10.109375,-1480.6992
6005,10.109375,-1486.0322
6006,10.109375,-1490.5094
6007,10.109375,-1494.1264
6008,10.109375,-1496.8817
6009,10.109375,-1498.7724
6010,10.109375,-1499.7977
6011,10.109375,-1499.9564
6012,10.109375,-1499.2479
6013,10.109375,-1497.6724
6014,10.109375,-1495.2298
6015,10.109375,-1491.9221
6016,10.109375,-1487.7498
6017,10.109375,-1482.7158
6018,10.109375,-1476.8215
6019,10.125,-1470.0715
6020,10.125,-1462.4673
6021,10.125,-1454.0123
6022,10.125,-1444.714
6023,10.125,-1434.5775
6024,10.140625,-1423.6017
6025,10.140625,-1411.8027
6026,10.140625,-1399.1802
6027,10.140625,-1385.7405
6028,10.140625,-1371.4955
6029,10.140625,-1356.4532
6030,10.15625,-1340.6124
6031,10.15625,-1323.9967
6032,10.15625,-1306.5998
6033,10.15625,-1288.4479
6034,10.171875,-1269.534
6035,10.171875,-1249.8868
6036,10.1875,-1229.4985
6037,10.1875,-1208.3936
6038,10.1875,-1186.5839
6039,10.1875,-1164.0752
6040,10.1875,-1140.88
6041,10.203125,-1117.0264
6042,10.203125,-1092.5052
6043,10.21875,-1067.3461
6044,10.21875,-1041.5552
6045,10.21875,-1015.1638
6046,10.21875,-988.1623
6047,10.234375,-960.582768
6048,10.234375,-932.432464
6049,10.234375,-903.73624
6050,10.25,-874.501936
6051,10.265625,-844.755568
6052,10.28125,-814.5048
6053,10.28125,-783.7768
6054,10.28125,-752.57944
6055,10.28125,-720.9409
6056,10.296875,-688.8695
6057,10.3125,-656.3939
6058,10.3125,-623.5227
6059,10.3125,-590.28548
6060,10.328125,-556.691
6061,10.328125,-522.7588
6062,10.328125,-488.519268
6063,10.34375,-453.992568
6064,10.34375,-419.188032
6065,10.359375,-384.125832
6066,10.375,-348.83752
6067,10.375,-313.3439
6068,10.390625,-277.64336
6069,10.390625,-241.7905
6070,10.390625,-205.77256
6071,10.40625,-169.64464
6072,10.40625,-133.40535
6073,10.40625,-97.07595
6074,10.421875,-60.68929
6075,10.421875,-24.25537
6076,10.4375,12.204316
6077,10.4375,48.64535
6078,10.4375,85.08052
6079,10.4375,121.45398
6080,10.453125,157.77844
6081,10.453125,194.00956
6082,10.46875,230.125932
6083,10.484375,266.11744
6084,10.484375,301.9626
6085,10.484375,337.628932
6086,10.5,373.1064
6087,10.5,408.35164
6088,10.5,443.376984
6089,10.5,478.139336
6090,10.5,512.6289
6091,10.5,546.8142
6092,10.5,580.68568
6093,10.5,614.2123
6094,10.515625,647.3845
6095,10.515625,680.17208
6096,10.53125,712.5656
6097,10.53125,744.53544
6098,10.53125,776.0725
6099,10.53125,807.1479
6100,10.53125,837.75256
6101,10.53125,867.8585
6102,10.53125,897.46624
6103,10.53125,926.53
6104,10.53125,955.0508
6105,10.53125,983.00224
6106,10.515625,1010.3848
6107,10.515625,1037.1561
6108,10.515625,1063.317
6109,10.515625,1088.8512
6110,10.515625,1113.7352
6111,10.5,1137.9616
6112,10.5,1161.5079
6113,10.5,1184.3605
6114,10.5,1206.5188
6115,10.5,1227.9488
6116,10.5,1248.6572
6117,10.5,1268.6122
6118,10.484375,1287.82
6119,10.484375,1306.2562
6120,10.484375,1323.91
6121,10.484375,1340.776
6122,10.484375,1356.8433
6123,10.46875,1372.092
6124,10.46875,1386.5272
6125,10.453125,1400.1302
6126,10.453125,1412.897
6127,10.453125,1424.8116
6128,10.4375,1435.8778
6129,10.4375,1446.0813
6130,10.4375,1455.4186
6131,10.4375,1463.8808
6132,10.421875,1471.4651
6133,10.421875,1478.1642
6134,10.40625,1483.9756
6135,10.40625,1488.8937
6136,10.390625,1492.9166
6137,10.390625,1496.0403
6138,10.390625,1498.2633
6139,10.375,1499.5831
6140,10.375,1499.9993
6141,10.359375,1499.5106
6142,10.359375,1498.1171
6143,10.34375,1495.8186
6144,10.328125,1492.6168
6145,10.328125,1488.5137
6146,10.328125,1483.51
6147,10.3125,1477.608
6148,10.296875,1470.8126
6149,10.296875,1463.1279
6150,10.296875,1454.553
6151,10.28125,1445.1006
6152,10.28125,1434.7706
6153,10.265625,1423.5685
6154,10.265625,1411.504
6155,10.25,1398.5804
6156,10.234375,1384.8091
6157,10.234375,1370.1937
6158,10.21875,1354.7474
6159,10.21875,1338.4744
6160,10.21875,1321.3888
6161,10.203125,1303.496
6162,10.1875,1284.8054
6163,10.1875,1265.3404
6164,10.171875,1245.0944
6165,10.171875,1224.0913
6166,10.15625,1202.337
6167,10.15625,1179.8584
6168,10.140625,1156.648
6169,10.140625,1132.7334
6170,10.125,1108.1213
6171,10.125,1082.8345
6172,10.125,1056.8799
6173,10.109375,1030.2811
6174,10.109375,1003.0544
6175,10.078125,975.207632
6176,10.0625,946.75732
6177,10.0625,917.72904
6178,10.0625,888.1317
6179,10.046875,857.98252
6180,10.03125,827.30916
6181,10.015625,796.13024
6182,10.015625,764.4551
6183,10.0,732.3125
6184,10.0,699.7121
6185,9.984375,666.68368
6186,9.984375,633.22656
6187,9.984375,599.39216
6188,9.984375,565.18024
6189,9.953125,530.6221
6190,9.953125,495.71736
6191,9.9375,460.51948
6192,9.9375,425.01744
6193,9.9375,389.2656
6194,9.921875,353.26392
6195,9.921875,317.03428
6196,9.90625,280.60996
6197,9.90625,244.00204
6198,9.90625,207.24422
6199,9.890625,170.34768
6200,9.890625,133.34644
6201,9.875,96.25178
6202,9.875,59.08648
6203,9.859375,21.896246
6204,9.859375,-15.33034
6205,9.859375,-52.54748
6206,9.84375,-89.73226
6207,9.84375,-126.87318
6208,9.84375,-163.94728
6209,9.828125,-200.92028
6210,9.828125,-237.78064
6211,9.828125,-274.48306
6212,9.828125,-311.0386
6213,9.8125,-347.4021
6214,9.796875,-383.56212
6215,9.796875,-419.48524
6216,9.796875,-455.160068
6217,9.796875,-490.5535
6218,9.796875,-525.6544
6219,9.78125,-560.4301
6220,9.78125,-594.86976
6221,9.78125,-628.94116
6222,9.765625,-662.6335
6223,9.765625,-695.91544
6224,9.765625,-728.786436
6225,9.765625,-761.1956
6226,9.765625,-793.1428
6227,9.765625,-824.5982
6228,9.765625,-855.551632
6229,9.75,-885.98344
6230,9.75,-915.865232
6231,9.75,-945.17832
6232,9.75,-973.92208
6233,9.734375,-1002.0518
6234,9.734375,-1029.5675
6235,9.734375,-1056.4512
6236,9.734375,-1082.6778
6237,9.734375,-1108.2386
6238,9.734375,-1133.11
6239,9.734375,-1157.2832
6240,9.734375,-1180.7357
6241,9.734375,-1203.4598
6242,9.734375,-1225.4406
6243,9.734375,-1246.6508
6244,9.734375,-1267.0966
6245,9.734375,-1286.7457
6246,9.734375,-1305.604
6247,9.75,-1323.6472
6248,9.75,-1340.8692
6249,9.75,-1357.2488
6250,9.75,-1372.7902
6251,9.75,-1387.4735
6252,9.75,-1401.2937
6253,9.75,-1414.2376
6254,9.75,-1426.3004
6255,9.75,-1437.4674
6256,9.75,-1447.7414
6257,9.75,-1457.1088
6258,9.765625,-1465.5663
6259,9.765625,-1473.1054
6260,9.765625,-1479.7234
6261,9.765625,-1485.4137
6262,9.765625,-1490.1741
6263,9.828125,-1494.0005
6264,9.828125,-1496.8893
6265,9.84375,-1498.8384
6266,9.84375,-1499.8468
6267,9.84375,-1499.9131
6268,9.859375,-1499.0369
6269,9.859375,-1497.2179
6270,9.859375,-1494.4574
6271,9.875,-1490.7571
6272,9.890625,-1486.1162
6273,9.90625,-1480.5414
6274,9.90625,-1474.0328
6275,9.90625,-1466.5938
6276,9.921875,-1458.2307
6277,9.921875,-1448.9462
6278,9.921875,-1438.748
6279,9.9375,-1427.6394
6280,9.9375,-1415.6304
6281,9.953125,-1402.7244
6282,9.96875,-1388.9329
6283,9.984375,-1374.2601
6284,9.984375,-1358.7196
6285,9.984375,-1342.3158
6286,10.0,-1325.0585
6287,10.015625,-1306.9689
6288,10.015625,-1288.0415
6289,10.03125,-1268.2993
6290,10.046875,-1247.7483
6291,10.0625,-1226.414
6292,10.0625,-1204.29
6293,10.0625,-1181.4033
6294,10.078125,-1157.7609
6295,10.09375,-1133.3845
6296,10.109375,-1108.2821
6297,10.109375,-1082.4768
6298,10.140625,-1055.9768
6299,10.15625,-1028.8066
6300,10.171875,-1000.9751
6301,10.1875,-972.50792
6302,10.1875,-943.41436
6303,10.21875,-913.7213
6304,10.234375,-883.4385
6305,10.234375,-852.59392
6306,10.25,-821.1978
6307,10.265625,-789.279236
6308,10.28125,-756.84868
6309,10.28125,-723.92632
6310,10.3125,-690.5429
6311,10.328125,-656.7197
6312,10.328125,-622.4678
6313,10.34375,-587.8086
6314,10.34375,-552.7746
6315,10.375,-517.3881
6316,10.375,-481.64996
6317,10.390625,-445.61528
6318,10.40625,-409.2742
6319,10.421875,-372.682736
6320,10.4375,-335.83102
6321,10.4375,-298.77588
6322,10.453125,-261.50732
6323,10.46875,-224.08278
6324,10.484375,-186.492308
6325,10.5,-148.79386
6326,10.5,-110.97742
6327,10.515625,-73.089908
6328,10.546875,-35.155588
6329,10.546875,2.812688
6330,10.5625,40.7906
6331,10.5625,78.742352
6332,10.578125,116.64364
6333,10.59375,154.4815
6334,10.59375,192.23162
6335,10.609375,229.85832
6336,10.625,267.34872
6337,10.625,304.66742
6338,10.625,341.80156
6339,10.625,378.71604
6340,10.640625,415.39804
6341,10.640625,451.81296
6342,10.65625,487.94812
6343,10.671875,523.7693
6344,10.671875,559.26404
6345,10.6875,594.3987
6346,10.6875,629.161
6347,10.6875,663.518
6348,10.703125,697.457636
6349,10.703125,730.9477
6350,10.703125,763.9862
6351,10.703125,796.5219
6352,10.703125,828.5534
6353,10.703125,860.0502
6354,10.703125,891.0101
6355,10.703125,921.3853
6356,10.703125,951.1744
6357,10.703125,980.3574
6358,10.703125,1008.90652
6359,10.703125,1036.8116
6360,10.703125,1064.0459
6361,10.703125,1090.5997
6362,10.703125,1116.4474
6363,10.703125,1141.5798
6364,10.703125,1165.9728
6365,10.703125,1189.6173
6366,10.703125,1212.491
6367,10.6875,1234.5852
6368,10.6875,1255.8851
6369,10.671875,1276.3639
6370,10.671875,1296.0266
6371,10.671875,1314.8476
6372,10.65625,1332.8202
6373,10.65625,1349.9219
6374,10.65625,1366.1566
6375,10.640625,1381.5032
6376,10.625,1395.9557
6377,10.625,1409.5002
6378,10.625,1422.1317
6379,10.625,1433.834
6380,10.609375,1444.61
6381,10.609375,1454.445
6382,10.59375,1463.3354
6383,10.578125,1471.2723
6384,10.5625,1478.2523
6385,10.5625,1484.2702
6386,10.546875,1489.3196
6387,10.53125,1493.3973
6388,10.53125,1496.5016
6389,10.515625,1498.6289
6390,10.5,1499.7781
6391,10.484375,1499.9476
6392,10.46875,1499.1366
6393,10.453125,1497.3458
6394,10.453125,1494.5754
6395,10.4375,1490.8265
6396,10.4375,1486.1018
6397,10.421875,1480.4049
6398,10.40625,1473.7349
6399,10.390625,1466.1016
6400,10.390625,1457.5058
6401,10.390625,1447.9522
6402,10.359375,1437.4492
6403,10.328125,1426.0005
6404,10.328125,1413.6164
6405,10.328125,1400.301
6406,10.296875,1386.0621
6407,10.28125,1370.9177
6408,10.28125,1354.8636
6409,10.28125,1337.9244
6410,10.25,1320.0958
6411,10.25,1301.3992
6412,10.234375,1281.8411
6413,10.21875,1261.4457
6414,10.203125,1240.2081
6415,10.1875,1218.154
6416,10.1875,1195.2912
6417,10.171875,1171.6483
6418,10.171875,1147.2192
6419,10.171875,1122.0342
6420,10.125,1096.1019
6421,10.125,1069.4466
6422,10.125,1042.078
6423,10.09375,1014.0216
6424,10.09375,985.28768
6425,10.0625,955.9031
6426,9.953125,925.8784
6427,9.9375,895.24208
6428,9.9375,864.00492
6429,9.921875,832.1967
6430,9.90625,799.819
6431,9.90625,766.9218
6432,9.90625,733.5074
6433,9.875,699.6075
6434,9.859375,665.22408
6435,9.859375,630.41032
6436,9.84375,595.1686
6437,9.84375,559.5325
6438,9.828125,523.50416
6439,9.828125,487.13944
6440,9.796875,450.4299
6441,9.796875,413.432352
6442,9.78125,376.1495
6443,9.765625,338.6058
6444,9.75,300.83722
6445,9.75,262.85754
6446,9.734375,224.691908
6447,9.71875,186.3882
6448,9.71875,147.93785
6449,9.703125,109.40049
6450,9.6875,70.76751
6451,9.6875,32.08742
6452,9.671875,-6.6140256
6453,9.65625,-45.322512
6454,9.65625,-84.01223
6455,9.65625,-122.64595
6456,9.640625,-161.19794
6457,9.625,-199.653808
6458,9.625,-237.98782
6459,9.609375,-276.16304
6460,9.59375,-314.16516
6461,9.59375,-351.9575
6462,9.578125,-389.5259
6463,9.578125,-426.83404
6464,9.5625,-463.8679
6465,9.5625,-500.59168
6466,9.5625,-536.99148
6467,9.546875,-573.0321
6468,9.546875,-608.6999
6469,9.53125,-643.96024
6470,9.53125,-678.79984
6471,9.515625,-713.1849
6472,9.515625,-747.10224
6473,9.515625,-780.52872
6474,9.515625,-813.43192
6475,9.484375,-845.78976
6476,9.484375,-877.5897
6477,9.484375,-908.81
6478,9.484375,-939.42032
6479,9.484375,-969.4
6480,9.46875,-998.7462
6481,9.453125,-1027.4126
6482,9.453125,-1055.3973
6483,9.453125,-1082.6806
6484,9.453125,-1109.2357
6485,9.453125,-1135.0524
6486,9.4375,-1160.1055
6487,9.4375,-1184.385
6488,9.4375,-1207.8739
6489,9.421875,-1230.5426
6490,9.421875,-1252.3955
6491,9.421875,-1273.3981
6492,9.421875,-1293.5546
6493,9.421875,-1312.8386
6494,9.40625,-1331.2372
6495,9.40625,-1348.743
6496,9.40625,-1365.3434
6497,9.40625,-1381.0218
6498,9.40625,-1395.7721
6499,9.40625,-1409.5753
6500,9.390625,-1422.434
6501,9.390625,-1434.3312
6502,9.390625,-1445.2617
6503,9.390625,-1455.2148
6504,9.390625,-1464.186
6505,9.390625,-1472.1661
6506,9.390625,-1479.1518
6507,9.375,-1485.1359
6508,9.375,-1490.1155
6509,9.375,-1494.0854
6510,9.375,-1497.0437
6511,9.375,-1498.9869
6512,9.375,-1499.914
6513,9.375,-1499.8234
6514,9.375,-1498.7147
6515,9.375,-1496.5886
6516,9.375,-1493.4457
6517,9.375,-1489.287
6518,9.375,-1484.1162
6519,9.375,-1477.9369
6520,9.375,-1470.7485
6521,9.375,-1462.5621
6522,9.390625,-1453.3784
6523,9.390625,-1443.2028
6524,9.390625,-1432.0446
6525,9.390625,-1419.9077
6526,9.390625,-1406.8037
6527,9.390625,-1392.737
6528,9.390625,-1377.7213
6529,9.40625,-1361.7617
6530,9.40625,-1344.8734
6531,9.40625,-1327.0625
6532,9.40625,-1308.3406
6533,9.40625,-1288.7312
6534,9.40625,-1268.2301
6535,9.40625,-1246.8626
6536,9.421875,-1224.6433
6537,9.421875,-1201.5806
6538,9.421875,-1177.6893
6539,9.421875,-1152.9926
6540,9.421875,-1127.4996
6541,9.421875,-1101.2429
6542,9.4375,-1074.2169
6543,9.4375,-1046.4553
6544,9.453125,-1017.9689
6545,9.453125,-988.7848
6546,9.453125,-958.91452
6547,9.453125,-928.3869
6548,9.453125,-897.213536
6549,9.484375,-865.42472
6550,9.484375,-833.0328
6551,9.484375,-800.0691
6552,9.484375,-766.5464
6553,9.5,-732.4873
6554,9.5,-697.9248
6555,9.515625,-662.88276
6556,9.515625,-627.37476
6557,9.515625,-591.4354
6558,9.53125,-555.06824
6559,9.53125,-518.32968
6560,9.546875,-481.2236
6561,9.546875,-443.775432
6562,9.546875,-406.02156
6563,9.5625,-367.98804
6564,9.5625,-329.6787
6565,9.5625,-291.1533
6566,9.5625,-252.40468
6567,9.578125,-213.49322
6568,9.59375,-174.4118
6569,9.59375,-135.22139
6570,9.59375,-95.91483
6571,9.609375,-56.553456
6572,9.625,-17.130152
6573,9.625,22.304994
6574,9.640625,61.724728
6575,9.640625,101.11321
6576,9.65625,140.44316
6577,9.65625,179.66456
6578,9.671875,218.78436
6579,9.6875,257.7527
6580,9.6875,296.55376
6581,9.6875,335.14938
6582,9.703125,373.512832
6583,9.71875,411.6285
6584,9.71875,449.4698
6585,9.734375,486.99936
6586,9.734375,524.2018
6587,9.765625,561.0405
6588,9.765625,597.50036
6589,9.765625,633.5453
6590,9.78125,669.1605
6591,9.796875,704.3109
6592,9.796875,738.9819
6593,9.890625,773.13908
6594,9.90625,806.77816
6595,9.90625,839.8461
6596,9.921875,872.3393
6597,9.9375,904.22536
6598,9.9375,935.491
6599,9.9375,966.1139
6600,9.9375,996.0637
6601,9.96875,1025.3193
6602,9.984375,1053.8768
6603,9.984375,1081.6913
6604,9.984375,1108.7593
6605,10.0,1135.0612
6606,10.0,1160.5708
6607,10.015625,1185.2775
6608,10.015625,1209.1562
6609,10.046875,1232.197
6610,10.0625,1254.3768
6611,10.0625,1275.686
6612,10.0625,1296.1033
6613,10.078125,1315.6198
6614,10.09375,1334.2211
6615,10.109375,1351.8833
6616,10.109375,1368.6092
6617,10.125,1384.3765
6618,10.140625,1399.1741
6619,10.140625,1412.9956
6620,10.15625,1425.8302
6621,10.171875,1437.6652
6622,10.1875,1448.4918
6623,10.1875,1458.3056
6624,10.203125,1467.0984
6625,10.21875,1474.8612
6626,10.21875,1481.5906
6627,10.21875,1487.279
6628,10.234375,1491.9241
6629,10.25,1495.5204
6630,10.25,1498.0662
6631,10.28125,1499.5585
6632,10.28125,1499.9962
6633,10.28125,1499.3783
6634,10.296875,1497.7048
6635,10.296875,1494.9768
6636,10.328125,1491.1951
6637,10.328125,1486.3612
6638,10.328125,1480.4797
6639,10.34375,1473.5547
6640,10.359375,1465.5885
6641,10.375,1456.5858
6642,10.375,1446.5554
6643,10.375,1435.5042
6644,10.390625,1423.4326
6645,10.390625,1410.3594
6646,10.390625,1396.286
6647,10.390625,1381.2218
6648,10.421875,1365.1812
6649,10.421875,1348.1705
6650,10.4375,1330.2063
6651,10.4375,1311.2955
6652,10.4375,1291.4568
6653,10.4375,1270.698
6654,10.4375,1249.0331
6655,10.453125,1226.4898
6656,10.46875,1203.0642
6657,10.46875,1178.7859
6658,10.46875,1153.6719
6659,10.484375,1127.7324
6660,10.484375,1100.9851
6661,10.5,1073.4646
6662,10.5,1045.166
6663,10.5,1016.1253
6664,10.5,986.3543
6665,10.5,955.8825
6666,10.5,924.7225
6667,10.5,892.90492
6668,10.515625,860.44332
6669,10.515625,827.379
6670,10.515625,793.7072
6671,10.515625,759.47032
6672,10.53125,724.6729
6673,10.53125,689.36932
6674,10.53125,653.56432
6675,10.53125,617.29364
6676,10.53125,580.5726
6677,10.53125,543.4375
6678,10.546875,505.90416
6679,10.546875,468.009968
6680,10.546875,429.75996
6681,10.546875,391.21404
6682,10.546875,352.37776
6683,10.546875,313.27856
6684,10.53125,273.9555
6685,10.53125,234.436684
6686,10.53125,194.727632
6687,10.53125,154.89066
6688,10.53125,114.9315
6689,10.53125,74.87869
6690,10.53125,34.772276
6691,10.53125,-5.370468
6692,10.53125,-45.50937
6693,10.515625,-85.6271
6694,10.515625,-125.69486
6695,10.515625,-165.66114
6696,10.515625,-205.53132
6697,10.5,-245.24276
6698,10.5,-284.80084
6699,10.5,-324.15444
6700,10.5,-363.27536
6701,10.5,-402.14644
6702,10.5,-440.73964
6703,10.5,-479.0161
6704,10.484375,-516.959
6705,10.484375,-554.5195
6706,10.484375,-591.7025
6707,10.484375,-628.4598
6708,10.46875,-664.775
6709,10.46875,-700.61176
6710,10.46875,-735.954036
6711,10.453125,-770.7662
6712,10.453125,-805.0328
6713,10.453125,-838.71908
6714,10.4375,-871.8102
6715,10.4375,-904.2725
6716,10.4375,-936.09176
6717,10.4375,-967.23552
6718,10.4375,-997.698368
6719,10.4375,-1027.4321
6720,10.4375,-1056.4322
6721,10.4375,-1084.6692
6722,10.421875,-1112.1304
6723,10.421875,-1138.7949
6724,10.421875,-1164.6361
6725,10.40625,-1189.6348
6726,10.40625,-1213.7866
6727,10.40625,-1237.0532
6728,10.40625,-1259.4308
6729,10.390625,-1280.9025
6730,10.390625,-1301.446
6731,10.390625,-1321.0524
6732,10.390625,-1339.701
6733,10.390625,-1357.3836
6734,10.390625,-1374.0816
6735,10.390625,-1389.7872
6736,10.375,-1404.4844
6737,10.375,-1418.166
6738,10.375,-1430.8214
6739,10.375,-1442.4341
6740,10.375,-1453.0051
6741,10.375,-1462.52
6742,10.375,-1470.974
6743,10.375,-1478.356
6744,10.375,-1484.6668
6745,10.375,-1489.8971
6746,10.375,-1494.0441
6747,10.375,-1497.1033
6748,10.375,-1499.0723
6749,10.375,-1499.9498
6750,10.375,-1499.7344
6751,10.375,-1498.4256
6752,10.375,-1496.0237
6753,10.375,-1492.5306
6754,10.375,-1487.9474
6755,10.375,-1482.2783
6756,10.375,-1475.5255
6757,10.375,-1467.6928
6758,10.375,-1458.7877
6759,10.375,-1448.8168
6760,10.375,-1437.784
6761,10.375,-1425.7002
6762,10.375,-1412.5703
6763,10.390625,-1398.4031
6764,10.390625,-1383.2124
6765,10.390625,-1367.0095
6766,10.390625,-1349.796
6767,10.390625,-1331.5989
6768,10.390625,-1312.421
6769,10.390625,-1292.2758
6770,10.390625,-1271.1831
6771,10.40625,-1249.1524
6772,10.40625,-1226.2052
6773,10.40625,-1202.3586
6774,10.40625,-1177.616
6775,10.40625,-1152.0086
6776,10.40625,-1125.5552
6777,10.421875,-1098.2673
6778,10.421875,-1070.1726
6779,10.4375,-1041.2833
6780,10.4375,-1011.62008
6781,10.4375,-981.2214
6782,10.4375,-950.0835
6783,10.4375,-918.24648
6784,10.4375,-885.7335
6785,10.4375,-852.5594
6786,10.4375,-818.7477
6787,10.4375,-784.3328
6788,10.4375,-749.3301
6789,10.453125,-713.7749
6790,10.453125,-677.6833
6791,10.453125,-641.1021
6792,10.46875,-604.02732
6793,10.46875,-566.5068
6794,10.46875,-528.5574
6795,10.484375,-490.21764
6796,10.484375,-451.50496
6797,10.484375,-412.447636
6798,10.484375,-373.08544
6799,10.5,-333.4474
6800,10.5,-293.5516
6801,10.5,-253.43866
6802,10.5,-213.12692
6803,10.5,-172.65744
6804,10.5,-132.03736
6805,10.5,-91.33087
6806,10.515625,-50.545308
6807,10.515625,-9.710846
6808,10.515625,31.130816
6809,10.515625,71.949392
6810,10.515625,112.73746
6811,10.515625,153.43046
6812,10.515625,194.032352
6813,10.515625,234.47882
6814,10.53125,274.77376
6815,10.53125,314.85336
6816,10.53125,354.72136
6817,10.53125,394.31456
6818,10.53125,433.63676
6819,10.53125,472.6255
6820,10.53125,511.28432
6821,10.53125,549.5626
6822,10.53125,587.4319
6823,10.53125,624.8743
6824,10.53125,661.8617
6825,10.53125,698.34576
6826,10.515625,734.3297
6827,10.515625,769.7662
6828,10.515625,804.63837
6829,10.515625,838.9104
6830,10.5,872.56584
6831,10.5,905.561
6832,10.5,937.8984
6833,10.5,969.5355
6834,10.5,1000.457
6835,10.5,1030.631
6836,10.5,1060.0428
6837,10.5,1088.6624
6838,10.5,1116.4755
6839,10.5,1143.4608
6840,10.484375,1169.5903
6841,10.484375,1194.8445
6842,10.46875,1219.2109
6843,10.453125,1242.6644
6844,10.453125,1265.1934
6845,10.453125,1286.7802
6846,10.4375,1307.4024
6847,10.4375,1327.0442
6848,10.4375,1345.7013
6849,10.4375,1363.3436
6850,10.4375,1379.9678
6851,10.4375,1395.5602
6852,10.421875,1410.1047
6853,10.40625,1423.5903
6854,10.40625,1436.0136
6855,10.40625,1447.354
6856,10.40625,1457.6123
6857,10.390625,1466.7718
6858,10.375,1474.8328
6859,10.375,1481.7837
6860,10.375,1487.6193
6861,10.375,1492.3364
6862,10.359375,1495.9298
6863,10.34375,1498.3971
6864,10.34375,1499.7356
6865,10.328125,1499.9435
6866,10.328125,1499.0205
6867,10.3125,1496.9667
6868,10.296875,1493.7826
6869,10.296875,1489.4712
6870,10.28125,1484.0339
6871,10.28125,1477.4779
6872,10.28125,1469.8021
6873,10.265625,1461.0159
6874,10.25,1451.1228
6875,10.25,1440.1327
6876,10.25,1428.0503
6877,10.234375,1414.8878
6878,10.234375,1400.6508
6879,10.21875,1385.3538
6880,10.203125,1369.0037
6881,10.203125,1351.6168
6882,10.1875,1333.196
6883,10.1875,1313.7699
6884,10.171875,1293.3426
6885,10.15625,1271.9349
6886,10.15625,1249.5566
6887,10.140625,1226.2239
6888,10.125,1201.9606
6889,10.125,1176.785
6890,10.109375,1150.7016
6891,10.109375,1123.7516
6892,10.09375,1095.9404
6893,10.09375,1067.2884
6894,10.078125,1037.8252
6895,10.078125,1007.5645
6896,10.078125,976.5374
6897,10.046875,944.7586
6898,10.03125,912.26088
6899,10.03125,879.0596
6900,10.015625,845.1889
6901,10.015625,810.66504
6902,10.0,775.52344
6903,10.0,739.7811
6904,9.984375,703.4648
6905,9.984375,666.62216
6906,9.984375,629.2505
6907,9.96875,591.3986
6908,9.953125,553.08484
6909,9.953125,514.35944
6910,9.9375,475.21984
6911,9.9375,435.71716
6912,9.921875,395.870536
6913,9.921875,355.721336
6914,9.90625,315.28904
6915,9.90625,274.61556
6916,9.90625,233.72076
6917,9.890625,192.6471
6918,9.890625,151.41462
6919,9.875,110.06622
6920,9.875,68.62211
6921,9.859375,27.125424
6922,9.859375,-14.403486
6923,9.84375,-55.921352
6924,9.84375,-97.407776
6925,9.828125,-138.81949
6926,9.796875,-180.14746
6927,9.796875,-221.3258
6928,9.796875,-262.34558
6929,9.78125,-303.1639
6930,9.78125,-343.77176
6931,9.78125,-384.1043
6932,9.765625,-424.15276
6933,9.765625,-463.88608
6934,9.765625,-503.26268
6935,9.765625,-542.2628
6936,9.765625,-580.84576
6937,9.765625,-618.9921
6938,9.765625,-656.662
6939,9.765625,-693.8364
6940,9.75,-730.4763
6941,9.75,-766.56332
6942,9.75,-802.059636
6943,9.75,-836.94712
6944,9.75,-871.19852
6945,9.75,-904.76856
6946,9.734375,-937.6588
6947,9.734375,-969.8251
6948,9.734375,-1001.2426
6949,9.734375,-1031.8955
6950,9.734375,-1061.7594
6951,9.734375,-1090.8026
6952,9.734375,-1119.0105
6953,9.734375,-1146.3456
6954,9.734375,-1172.8091
6955,9.734375,-1198.365
6956,9.734375,-1223.0004
6957,9.734375,-1246.6891
6958,9.734375,-1269.4186
6959,9.734375,-1291.165
6960,9.734375,-1311.9168
6961,9.734375,-1331.6518
6962,9.734375,-1350.3599
6963,9.734375,-1368.0208
6964,9.734375,-1384.6296
6965,9.734375,-1400.1597
6966,9.734375,-1414.6072
6967,9.75,-1427.9566
6968,9.75,-1440.2006
6969,9.75,-1451.329
6970,9.75,-1461.3295
6971,9.765625,-1470.1944
6972,9.765625,-1477.9187
6973,9.765625,-1484.4955
6974,9.765625,-1489.9174
6975,9.765625,-1494.1813
6976,9.765625,-1497.282
6977,9.765625,-1499.2172
6978,9.765625,-1499.9855
6979,9.765625,-1499.5853
6980,9.78125,-1498.016
6981,9.78125,-1495.2796
6982,9.78125,-1491.3755
6983,9.796875,-1486.3081
6984,9.796875,-1480.0812
6985,9.796875,-1472.6974
6986,9.796875,-1464.1618
6987,9.8125,-1454.4855
6988,9.8125,-1443.6676
6989,9.828125,-1431.7218
6990,9.828125,-1418.6572
6991,9.828125,-1404.4801
6992,9.84375,-1389.2007
6993,9.84375,-1372.8345
6994,9.84375,-1355.3896
6995,9.84375,-1336.8839
6996,9.859375,-1317.3263
6997,9.859375,-1296.7429
6998,9.875,-1275.1326
6999,9.875,-1252.5232
7000,9.890625,-1228.9259
7001,9.890625,-1204.365
7002,9.90625,-1178.8461
7003,9.90625,-1152.4092
7004,9.90625,-1125.0608
7005,9.90625,-1096.8295
7006,9.921875,-1067.7292
7007,9.9375,-1037.7908
7008,9.9375,-1007.0289
7009,9.953125,-975.46708
7010,9.96875,-943.1384
7011,9.96875,-910.0684
7012,9.96875,-876.27384
7013,9.984375,-841.7805
7014,9.984375,-806.624736
7015,10.0,-770.8342
7016,10.0,-734.417236
7017,10.015625,-697.43176
7018,10.03125,-659.8766
7019,10.046875,-621.81164
7020,10.046875,-583.23584
7021,10.0625,-544.2107
7022,10.0625,-504.73504
7023,10.078125,-464.872
7024,10.09375,-424.62036
7025,10.09375,-384.0446
7026,10.109375,-343.1435
7027,10.109375,-301.9713
7028,10.140625,-260.5606
7029,10.140625,-218.93274
7030,10.15625,-177.12048
7031,10.171875,-135.16815
7032,10.1875,-93.10894
7033,10.1875,-50.96466
7034,10.1875,-8.76861
7035,10.203125,33.43438
7036,10.21875,75.62234
7037,10.234375,117.75038
7038,10.234375,159.79656
7039,10.25,201.7161
7040,10.25,243.487024
7041,10.265625,285.06494
7042,10.28125,326.42796
7043,10.28125,367.531968
7044,10.28125,408.3554
7045,10.296875,448.85476
7046,10.3125,489.008568
7047,10.328125,528.77404
7048,10.34375,568.13008
7049,10.34375,607.03468
7050,10.359375,645.4776
7051,10.375,683.3968
7052,10.390625,720.78264
7053,10.390625,757.5951
7054,10.390625,793.82432
7055,10.40625,829.4118
7056,10.40625,864.34848
7057,10.421875,898.606
7058,10.4375,932.14744
7059,10.4375,964.955
7060,10.4375,996.993136
7061,10.4375,1028.2449
7062,10.453125,1058.6763
7063,10.453125,1088.2712
7064,10.46875,1116.9976
7065,10.46875,1144.8397
7066,10.484375,1171.768
7067,10.484375,1197.7671
7068,10.5,1222.816
7069,10.5,1246.881
7070,10.5,1269.962
7071,10.5,1292.0272
7072,10.5,1313.0646
7073,10.5,1333.046
7074,10.5,1351.9711
7075,10.515625,1369.8135
7076,10.515625,1386.5636
7077,10.53125,1402.2029
7078,10.53125,1416.7226
7079,10.53125,1430.1067
7080,10.53125,1442.3446
7081,10.546875,1453.4291
7082,10.546875,1463.3506
7083,10.546875,1472.0976
7084,10.546875,1479.6655
7085,10.546875,1486.0471
7086,10.5625,1491.2348
7087,10.5625,1495.2246
7088,10.5625,1498.0139
7089,10.5625,1499.5992
7090,10.5625,1499.9794
7091,10.5625,1499.1532
7092,10.5625,1497.1201
7093,10.5625,1493.8828
7094,10.5625,1489.4422
7095,10.5625,1483.801
7096,10.546875,1476.9646
7097,10.546875,1468.9386
7098,10.546875,1459.7241
7099,10.546875,1449.3357
7100,10.546875,1437.7727
7101,10.53125,1425.0532
7102,10.53125,1411.181
7103,10.53125,1396.166
7104,10.53125,1380.0243
7105,10.515625,1362.7637
7106,10.515625,1344.3973
7107,10.515625,1324.9502
7108,10.5,1304.4216
7109,10.5,1282.8445
7110,10.5,1260.2182
7111,10.5,1236.5725
7112,10.5,1211.9198
7113,10.5,1186.2933
7114,10.484375,1159.6926
7115,10.484375,1132.153
7116,10.484375,1103.6886
7117,10.46875,1074.3301
7118,10.46875,1044.101
7119,10.453125,1013.0177
7120,10.4375,981.1045
7121,10.4375,948.3955
7122,10.4375,914.9082
7123,10.4375,880.67848
7124,10.421875,845.72456
7125,10.421875,810.084
7126,10.421875,773.7758
7127,10.421875,736.83908
7128,10.421875,699.2936
7129,10.390625,661.16944
7130,10.390625,622.50756
7131,10.390625,583.33952
7132,10.359375,543.68632
7133,10.34375,503.59072
7134,10.328125,463.06364
7135,10.328125,422.17032
7136,10.328125,380.922168
7137,10.3125,339.352668
7138,10.296875,297.50656
7139,10.28125,255.41796
7140,10.28125,213.098576
7141,10.265625,170.61668
7142,10.265625,127.97286
7143,10.25,85.236
7144,10.234375,42.40672
7145,10.234375,-0.44575346
7146,10.234375,-43.32074
7147,10.203125,-86.1489
7148,10.203125,-128.9295
7149,10.1875,-171.59332
7150,10.1875,-214.139568
7151,10.1875,-256.51064
7152,10.171875,-298.67188
7153,10.15625,-340.59996
7154,10.140625,-382.26028
7155,10.140625,-423.60756
7156,10.125,-464.6188
7157,10.125,-505.23864
7158,10.109375,-545.466
7159,10.109375,-585.2462
7160,10.109375,-624.55708
7161,10.09375,-663.3556
7162,10.0625,-701.6201
7163,10.0625,-739.3089
7164,10.0625,-776.4007
7165,10.0625,-812.855
7166,10.0625,-848.6513
7167,10.0625,-883.7503
7168,10.046875,-918.1324
7169,10.03125,-951.75976
7170,10.03125,-984.6135
7171,10.015625,-1016.6575
7172,10.015625,-1047.8817
7173,10.015625,-1078.2351
7174,9.984375,-1107.7091
7175,9.984375,-1136.2711
7176,9.984375,-1163.9049
7177,9.984375,-1190.5868
7178,9.984375,-1216.2876
7179,9.96875,-1240.9858
7180,9.96875,-1264.6736
7181,9.96875,-1287.3121
7182,9.953125,-1308.9002
7183,9.953125,-1329.4026
7184,9.953125,-1348.8182
7185,9.9375,-1367.115
7186,9.9375,-1384.2921
7187,9.9375,-1400.3212
7188,9.9375,-1415.2013
7189,9.9375,-1428.9077
7190,9.9375,-1441.4398
7191,9.921875,-1452.7794
7192,9.921875,-1462.9172
7193,9.921875,-1471.847
7194,9.921875,-1479.5606
7195,9.921875,-1486.0474
7196,9.921875,-1491.3064
7197,9.90625,-1495.33
7198,9.90625,-1498.1151
7199,9.90625,-1499.6583
7200,9.90625,-1499.9584
7201,9.90625,-1499.0145
7202,9.90625,-1496.8265
7203,9.90625,-1493.3964
7204,9.90625,-1488.7255
7205,9.90625,-1482.8185
7206,9.90625,-1475.6782
7207,9.90625,-1467.312
7208,9.90625,-1457.7242
7209,9.90625,-1446.9247
7210,9.90625,-1434.9192
7211,9.90625,-1421.7166
7212,9.90625,-1407.331
7213,9.90625,-1391.7745
7214,9.90625,-1375.0554
7215,9.90625,-1357.1916
7216,9.921875,-1338.1874
7217,9.921875,-1318.0735
7218,9.921875,-1296.856
7219,9.921875,-1274.5576
7220,9.921875,-1251.1844
7221,9.921875,-1226.774
7222,9.921875,-1201.327
7223,9.9375,-1174.8843
7224,9.9375,-1147.454
7225,9.9375,-1119.0582
7226,9.9375,-1089.728
7227,9.9375,-1059.4795
7228,9.9375,-1028.3457
7229,9.9375,-996.344
7230,9.9375,-963.5006
7231,9.953125,-929.8603
7232,9.953125,-895.4241
7233,9.953125,-860.2386
7234,9.96875,-824.3331
7235,9.96875,-787.727936
7236,9.96875,-750.4533
7237,9.984375,-712.56
7238,9.984375,-674.049536
7239,9.984375,-634.97408
7240,9.984375,-595.35584
7241,9.984375,-555.2383
7242,10.015625,-514.6443
7243,10.015625,-473.6293
7244,10.015625,-432.1952
7245,10.015625,-390.3982
7246,10.015625,-348.2623
7247,10.03125,-305.83386
7248,10.046875,-263.13728
7249,10.046875,-220.21952
7250,10.0625,-177.093952
7251,10.0625,-133.83076
7252,10.0625,-90.44363
7253,10.078125,-46.980404
7254,10.140625,-3.4662036
7255,10.140625,40.050916
7256,10.140625,83.545748
7257,10.15625,126.981608
7258,10.171875,170.310468
7259,10.1875,213.49582
7260,10.1875,256.5238
7261,10.1875,299.3242
7262,10.1875,341.88336
7263,10.1875,384.1652
7264,10.203125,426.12276
7265,10.21875,467.7316
7266,10.21875,508.94548
7267,10.234375,549.7402
7268,10.234375,590.0704
7269,10.234375,629.9125
7270,10.234375,669.2221
7271,10.25,707.976
7272,10.25,746.1312
7273,10.25,783.6651
7274,10.265625,820.5454
7275,10.265625,856.7216
7276,10.28125,892.1912
7277,10.28125,926.9051
7278,10.28125,960.8425
7279,10.28125,993.95704
7280,10.28125,1026.2462
7281,10.296875,1057.6652
7282,10.296875,1088.1951
7283,10.3125,1117.8016
7284,10.3125,1146.4673
7285,10.3125,1174.1527
7286,10.328125,1200.8556
7287,10.328125,1226.5384
7288,10.328125,1251.1859
7289,10.328125,1274.7702
7290,10.328125,1297.277
7291,10.34375,1318.6862
7292,10.34375,1338.9736
7293,10.34375,1358.1221
7294,10.34375,1376.1198
7295,10.359375,1392.9463
7296,10.359375,1408.5911
7297,10.359375,1423.04
7298,10.375,1436.2767
7299,10.375,1448.2896
7300,10.375,1459.071
7301,10.375,1468.6112
7302,10.390625,1476.8988
7303,10.390625,1483.9266
7304,10.390625,1489.6916
7305,10.390625,1494.1837
7306,10.390625,1497.4021
7307,10.390625,1499.3411
7308,10.390625,1499.9999
7309,10.390625,1499.377
7310,10.390625,1497.472
7311,10.390625,1494.2875
7312,10.390625,1489.8232
7313,10.390625,1484.086
7314,10.390625,1477.0757
7315,10.390625,1468.8009
7316,10.390625,1459.2689
7317,10.390625,1448.4848
7318,10.390625,1436.4567
7319,10.390625,1423.2014
7320,10.390625,1408.7194
7321,10.390625,1393.0296
7322,10.390625,1376.1408
7323,10.390625,1358.0716
7324,10.390625,1338.8323
7325,10.390625,1318.4495
7326,10.390625,1296.9241
7327,10.390625,1274.285
7328,10.390625,1250.5455
7329,10.390625,1225.7316
7330,10.390625,1199.8577
7331,10.390625,1172.9524
7332,10.375,1145.0315
7333,10.375,1116.1182
7334,10.375,1086.2446
7335,10.375,1055.436
7336,10.375,1023.7111
7337,10.375,991.10488
7338,10.375,957.6364
7339,10.375,923.3341
7340,10.375,888.23616
7341,10.359375,852.37256
7342,10.359375,815.76483
7343,10.34375,778.44384
7344,10.34375,740.45132
7345,10.34375,701.80992
7346,10.328125,662.5627
7347,10.328125,622.7436
7348,10.328125,582.36584
7349,10.328125,541.4956
7350,10.328125,500.13604
7351,10.328125,458.3551
7352,10.3125,416.1561
7353,10.3125,373.6082
7354,10.3125,330.71496
7355,10.3125,287.53556
7356,10.296875,244.1073
7357,10.28125,200.45648
7358,10.28125,156.62068
7359,10.28125,112.660616
7360,10.28125,68.58015
7361,10.28125,24.440228
7362,10.28125,-19.7323168
7363,10.265625,-63.88775
7364,10.265625,-107.98778
7365,10.25,-152.00554
7366,10.25,-195.90276
7367,10.25,-239.62992
7368,10.234375,-283.16028
7369,10.234375,-326.44472
7370,10.234375,-369.4567
7371,10.234375,-412.14764
7372,10.21875,-454.49132
7373,10.21875,-496.439816
7374,10.203125,-537.9674
7375,10.203125,-579.027
7376,10.203125,-619.59324
7377,10.203125,-659.6306
7378,10.1875,-699.0935
7379,10.1875,-737.947636
7380,10.1875,-776.16892
7381,10.1875,-813.723636
7382,10.1875,-850.569
7383,10.171875,-886.67288
7384,10.171875,-922.01292
7385,10.171875,-956.5576
7386,10.15625,-990.267664
7387,10.15625,-1023.1218
7388,10.15625,-1055.0829
7389,10.15625,-1086.1227
7390,10.15625,-1116.2296
7391,10.15625,-1145.3536
7392,10.140625,-1173.4913
7393,10.140625,-1200.5961
7394,10.140625,-1226.6648
7395,10.140625,-1251.6603
7396,10.140625,-1275.5607
7397,10.140625,-1298.351
7398,10.140625,-1320.0101
7399,10.140625,-1340.5083
7400,10.140625,-1359.8426
7401,10.140625,-1377.9855
7402,10.140625,-1394.9252
7403,10.140625,-1410.6381
7404,10.140625,-1425.1221
7405,10.140625,-1438.356
7406,10.140625,-1450.3312
7407,10.140625,-1461.0338
7408,10.140625,-1470.4564
7409,10.140625,-1478.5879
7410,10.140625,-1485.4227
7411,10.15625,-1490.9528
7412,10.15625,-1495.1738
7413,10.15625,-1498.0808
7414,10.15625,-1499.6713
7415,10.15625,-1499.943
7416,10.203125,-1498.8952
7417,10.203125,-1496.5287
7418,10.21875,-1492.8444
7419,10.21875,-1487.8458
7420,10.21875,-1481.534
7421,10.234375,-1473.919
7422,10.234375,-1465.003
7423,10.234375,-1454.7964
7424,10.234375,-1443.3015
7425,10.25,-1430.5369
7426,10.25,-1416.5072
7427,10.25,-1401.2241
7428,10.265625,-1384.7042
7429,10.28125,-1366.9624
7430,10.28125,-1348.0039
7431,10.28125,-1327.86
7432,10.28125,-1306.5324
7433,10.28125,-1284.0557
7434,10.296875,-1260.4322
7435,10.3125,-1235.6941
7436,10.3125,-1209.8632
7437,10.328125,-1182.9552
7438,10.328125,-1155.0005
7439,10.328125,-1126.0164
7440,10.34375,-1096.0276
7441,10.34375,-1065.076
7442,10.359375,-1033.165
7443,10.375,-1000.3384
7444,10.375,-966.61668
7445,10.390625,-932.0378
7446,10.390625,-896.6325
7447,10.390625,-860.423
7448,10.40625,-823.4405
7449,10.421875,-785.7272
7450,10.421875,-747.30664
7451,10.421875,-708.2225
7452,10.4375,-668.4992
7453,10.453125,-628.18192
7454,10.46875,-587.296
7455,10.46875,-545.8881
7456,10.5,-503.98416
7457,10.5,-461.63196
7458,10.5,-418.858216
7459,10.5,-375.71176
7460,10.5,-332.2087
7461,10.5,-288.42096
7462,10.515625,-244.36511
7463,10.53125,-200.091632
7464,10.546875,-155.61716
7465,10.546875,-111.01534
7466,10.5625,-66.303152
7467,10.5625,-21.520406
7468,10.5625,23.28154
7469,10.5625,68.06272
7470,10.5625,112.806
7471,10.5625,157.43716
7472,10.5625,201.95048
7473,10.578125,246.2721
7474,10.59375,290.3962
7475,10.59375,334.2496
7476,10.59375,377.8265
7477,10.59375,421.05448
7478,10.609375,463.9279
7479,10.609375,506.38608
7480,10.609375,548.3912
7481,10.625,589.91616
7482,10.625,630.9232
7483,10.625,671.355
7484,10.625,711.2059
7485,10.625,750.4193
7486,10.625,788.97
7487,10.625,826.8133
7488,10.625,863.9151
7489,10.625,900.2515
7490,10.625,935.7893
7491,10.625,970.48696
7492,10.625,1004.3222
7493,10.625,1037.2555
7494,10.625,1069.2652
7495,10.625,1100.3143
7496,10.625,1130.3824
7497,10.625,1159.4342
7498,10.625,1187.4508
7499,10.625,1214.3994
7500,10.625,1240.2686
7501,10.625,1265.015
7502,10.625,1288.6289
7503,10.625,1311.0828
7504,10.625,1332.3614
7505,10.625,1352.445
7506,10.625,1371.3094
7507,10.625,1388.9381
7508,10.625,1405.3231
7509,10.625,1420.4365
7510,10.625,1434.2726
7511,10.625,1446.8178
7512,10.625,1458.0569
7513,10.609375,1467.9824
7514,10.59375,1476.5823
7515,10.59375,1483.8502
7516,10.59375,1489.7776
7517,10.59375,1494.36
7518,10.59375,1497.5913
7519,10.578125,1499.4692
7520,10.578125,1499.9908
7521,10.5625,1499.1556
7522,10.5625,1496.963
7523,10.5625,1493.4152
7524,10.5625,1488.5151
7525,10.5625,1482.2658
7526,10.5625,1474.6716
7527,10.546875,1465.7411
7528,10.53125,1455.4792
7529,10.53125,1443.9009
7530,10.515625,1431.0072
7531,10.515625,1416.8152
7532,10.515625,1401.3338
7533,10.5,1384.5802
7534,10.5,1366.5654
7535,10.484375,1347.3097
7536,10.46875,1326.8251
7537,10.46875,1305.1349
7538,10.46875,1282.2529
7539,10.46875,1258.2054
7540,10.4375,1233.0076
7541,10.4375,1206.6815
7542,10.421875,1179.2576
7543,10.421875,1150.7604
7544,10.40625,1121.2085
7545,10.390625,1090.6359
7546,10.390625,1059.0541
7547,10.375,1026.5155
7548,10.375,993.03332
7549,10.359375,958.6372
7550,10.34375,923.3672
7551,10.34375,887.2552
7552,10.328125,850.3153
7553,10.328125,812.609
7554,10.3125,774.1418
7555,10.296875,734.9776
7556,10.296875,695.12224
7557,10.28125,654.64216
7558,10.28125,613.54332
7559,10.265625,571.8943
7560,10.25,529.7013
7561,10.25,487.0239
7562,10.234375,443.90104
7563,10.234375,400.361184
7564,10.21875,356.44388
7565,10.1875,312.21146
7566,10.1875,267.6708
7567,10.1875,222.885
7568,10.1875,177.88368
7569,10.171875,132.71934
7570,10.15625,87.43339
7571,10.15625,42.05586
7572,10.140625,-3.3716712
7573,10.125,-48.79611
7574,10.109375,-94.1872
7575,10.109375,-139.49185
7576,10.09375,-184.67984
7577,10.09375,-229.69822
7578,10.09375,-274.51696
7579,10.0625,-319.0835
7580,10.046875,-363.36796
7581,10.03125,-407.318432
7582,10.015625,-450.90546
7583,9.9375,-494.08856
7584,9.921875,-536.817
7585,9.921875,-579.05164
7586,9.90625,-620.76384
7587,9.90625,-661.9148
7588,9.90625,-702.4562
7589,9.890625,-742.3506
7590,9.875,-781.57108
7591,9.875,-820.08072
7592,9.859375,-857.8345
7593,9.859375,-894.80648
7594,9.859375,-930.95304
7595,9.859375,-966.24092
7596,9.828125,-1000.6546
7597,9.828125,-1034.136
7598,9.828125,-1066.6791
7599,9.8125,-1098.2367
7600,9.8125,-1128.7798
7601,9.796875,-1158.2874
7602,9.796875,-1186.7244
7603,9.796875,-1214.0713
7604,9.796875,-1240.3018
7605,9.796875,-1265.3788
7606,9.796875,-1289.2972
7607,9.78125,-1312.0222
7608,9.78125,-1333.538
7609,9.765625,-1353.8138
7610,9.765625,-1372.8456
7611,9.765625,-1390.6054
7612,9.765625,-1407.0804
7613,9.765625,-1422.2512
7614,9.765625,-1436.1066
7615,9.75,-1448.63
7616,9.75,-1459.8125
7617,9.75,-1469.6402
7618,9.75,-1478.1061
7619,9.734375,-1485.1997
7620,9.734375,-1490.9154
7621,9.734375,-1495.2463
7622,9.734375,-1498.1888
7623,9.734375,-1499.7389
7624,9.734375,-1499.8949
7625,9.734375,-1498.6564
7626,9.734375,-1496.0226
7627,9.734375,-1491.9974
7628,9.734375,-1486.5829
7629,9.734375,-1479.7846
7630,9.734375,-1471.6044
7631,9.734375,-1462.0557
7632,9.734375,-1451.1426
7633,9.734375,-1438.8742
7634,9.734375,-1425.2644
7635,9.734375,-1410.3223
7636,9.734375,-1394.0647
7637,9.734375,-1376.5024
7638,9.734375,-1357.6558
7639,9.75,-1337.537
7640,9.75,-1316.1697
7641,9.75,-1293.5678
7642,9.75,-1269.7576
7643,9.75,-1244.7549
7644,9.75,-1218.5824
7645,9.75,-1191.2775
7646,9.765625,-1162.8448
7647,9.765625,-1133.3245
7648,9.765625,-1102.7439
7649,9.765625,-1071.1238
7650,9.765625,-1038.4928
7651,9.765625,-1004.8895
7652,9.78125,-970.3365
7653,9.78125,-934.8834
7654,9.78125,-898.5366
7655,9.796875,-861.3476
7656,9.796875,-823.3416
7657,9.796875,-784.5636
7658,9.796875,-745.03984
7659,9.796875,-704.8171
7660,9.796875,-663.9227
7661,9.796875,-622.40516
7662,9.8125,-580.2928
7663,9.828125,-537.6354
7664,9.828125,-494.45148
7665,9.828125,-450.81364
7666,9.84375,-406.741168
7667,9.84375,-362.2863
7668,9.859375,-317.47964
7669,9.859375,-272.36316
7670,9.859375,-226.99034
7671,9.859375,-181.40392
7672,9.890625,-135.62398
7673,9.890625,-89.727716
7674,9.890625,-43.735536
7675,9.90625,2.3092918
7676,9.90625,48.35194
7677,9.921875,94.349016
7678,9.921875,140.27997
7679,9.9375,186.06722
7680,9.9375,231.70164
7681,9.9375,277.11736
7682,9.9375,322.2715
7683,9.953125,367.1326
7684,9.953125,411.64696
7685,9.96875,455.783536
7686,9.984375,499.50028
7687,9.984375,542.73416
7688,9.984375,585.4763
7689,10.015625,627.6648
7690,10.015625,669.26996
7691,10.015625,710.2317
7692,10.015625,750.541536
7693,10.03125,790.1409
7694,10.046875,829.0018
7695,10.0625,867.0775
7696,10.0625,904.3411
7697,10.0625,940.7477
7698,10.078125,976.2716
7699,10.078125,1010.8614
7700,10.09375,1044.5096
7701,10.109375,1077.1752
7702,10.109375,1108.8184
7703,10.109375,1139.4094
7704,10.125,1168.9262
7705,10.125,1197.333
7706,10.140625,1224.6096
7707,10.140625,1250.7229
7708,10.15625,1275.654
7709,10.15625,1299.3786
7710,10.171875,1321.8673
7711,10.1875,1343.0992
7712,10.1875,1363.0587
7713,10.1875,1381.726
7714,10.1875,1399.078
7715,10.203125,1415.0982
7716,10.203125,1429.7784
7717,10.21875,1443.0932
7718,10.21875,1455.0393
7719,10.234375,1465.596
7720,10.234375,1474.7604
7721,10.234375,1482.5165
7722,10.234375,1488.8622
7723,10.234375,1493.7862
7724,10.25,1497.2869
7725,10.25,1499.3582
7726,10.265625,1499.9979
7727,10.28125,1499.2054
7728,10.28125,1496.9802
7729,10.28125,1493.3256
7730,10.28125,1488.2417
7731,10.296875,1481.7349
7732,10.3125,1473.8093
7733,10.3125,1464.4764
7734,10.3125,1453.7378
7735,10.3125,1441.6078
7736,10.3125,1428.0946
7737,10.328125,1413.2141
7738,10.328125,1396.9762
7739,10.328125,1379.4
7740,10.328125,1360.4977
7741,10.34375,1340.2912
7742,10.34375,1318.7949
7743,10.359375,1296.0338
7744,10.359375,1272.0238
7745,10.375,1246.7936
7746,10.375,1220.3605
7747,10.375,1192.756
7748,10.390625,1163.9994
7749,10.390625,1134.1174
7750,10.390625,1103.1459
7751,10.40625,1071.1144
7752,10.40625,1038.0454
7753,10.40625,1003.97016
7754,10.40625,968.9293
7755,10.40625,932.95656
7756,10.40625,896.0682
7757,10.40625,858.32652
7758,10.421875,819.7494
7759,10.421875,780.37336
7760,10.421875,740.2456
7761,10.421875,699.3948
7762,10.421875,657.87
7763,10.421875,615.70076
7764,10.421875,572.9379
7765,10.421875,529.61208
7766,10.421875,485.76448
7767,10.421875,441.459
7768,10.421875,396.70564
7769,10.421875,351.5692
7770,10.421875,306.09338
7771,10.40625,260.3107
7772,10.40625,214.265232
7773,10.40625,168.01266
7774,10.40625,121.597732
7775,10.40625,75.05383
7776,10.40625,28.425916
7777,10.40625,-18.229496
7778,10.40625,-64.8787
7779,10.390625,-111.46512
7780,10.390625,-157.95502
7781,10.390625,-204.29198
7782,10.390625,-250.442352
7783,10.390625,-296.3501
7784,10.390625,-341.98184
7785,10.390625,-387.2821
7786,10.390625,-432.21792
7787,10.390625,-476.7346
7788,10.375,-520.79956
7789,10.375,-564.35924
7790,10.375,-607.38184
7791,10.375,-649.8251
7792,10.375,-691.6372
7793,10.359375,-732.7775
7794,10.359375,-773.21608
7795,10.359375,-812.9127
7796,10.359375,-851.819136
7797,10.34375,-889.8974
7798,10.34375,-927.12856
7799,10.34375,-963.44868
7800,10.34375,-998.848736
7801,10.34375,-1033.268
7802,10.34375,-1066.6978
7803,10.34375,-1099.0807
7804,10.328125,-1130.4087
7805,10.328125,-1160.6277
7806,10.328125,-1189.7301
7807,10.328125,-1217.6658
7808,10.328125,-1244.4275
7809,10.328125,-1269.9752
7810,10.328125,-1294.284
7811,10.328125,-1317.3358
7812,10.328125,-1339.1069
7813,10.328125,-1359.5704
7814,10.328125,-1378.7063
7815,10.328125,-1396.5001
7816,10.328125,-1412.9335
7817,10.328125,-1427.9857
7818,10.328125,-1441.6454
7819,10.328125,-1453.8954
7820,10.328125,-1464.726
7821,10.328125,-1474.1212
7822,10.328125,-1482.0786
7823,10.328125,-1488.5852
7824,10.328125,-1493.6356
7825,10.328125,-1497.2233
7826,10.328125,-1499.3453
7827,10.34375,-1499.9977
7828,10.34375,-1499.1798
7829,10.34375,-1496.8923
7830,10.34375,-1493.1364
7831,10.34375,-1487.916
7832,10.359375,-1481.2345
7833,10.359375,-1473.0974
7834,10.359375,-1463.514
7835,10.359375,-1452.4939
7836,10.375,-1440.0414
7837,10.375,-1426.1774
7838,10.375,-1410.9087
7839,10.375,-1394.2492
7840,10.375,-1376.2189
7841,10.375,-1356.8356
7842,10.390625,-1336.1079
7843,10.390625,-1314.0708
7844,10.390625,-1290.7295
7845,10.390625,-1266.1234
7846,10.390625,-1240.2584
7847,10.40625,-1213.1718
7848,10.40625,-1184.89
7849,10.40625,-1155.4337
7850,10.40625,-1124.8386
7851,10.421875,-1093.1271
7852,10.421875,-1060.3297
7853,10.4375,-1026.4862
7854,10.4375,-991.6301
7855,10.4375,-955.78684
7856,10.4375,-918.9912
7857,10.4375,-881.28816
7858,10.453125,-842.70532
7859,10.453125,-803.2996
7860,10.453125,-763.08092
7861,10.46875,-722.108
7862,10.46875,-680.41112
7863,10.46875,-638.0413
7864,10.484375,-595.0301
7865,10.484375,-551.4302
7866,10.5,-507.27388
7867,10.5,-462.615432
7868,10.5,-417.48804
7869,10.5,-371.9472
7870,10.5,-326.01566
7871,10.515625,-279.7722
7872,10.515625,-233.2402
7873,10.515625,-186.476984
7874,10.53125,-139.51753
7875,10.53125,-92.40829
7876,10.53125,-45.207336
7877,10.546875,2.0384724
7878,10.546875,49.293692
7879,10.546875,96.5114
7880,10.5625,143.63326
7881,10.5625,190.6238
7882,10.5625,237.4249
7883,10.5625,283.99008
7884,10.5625,330.29536
7885,10.5625,376.26104
7886,10.5625,421.8746
7887,10.5625,467.06836
7888,10.5625,511.79728
7889,10.5625,556.02748
7890,10.5625,599.7041
7891,10.5625,642.79392
7892,10.5625,685.25368
7893,10.5625,727.0205
7894,10.5625,768.082736
7895,10.5625,808.37912
7896,10.5625,847.87896
7897,10.5625,886.52376
7898,10.5625,924.30252
7899,10.5625,961.1589
7900,10.5625,997.0645
7901,10.5625,1031.9745
7902,10.546875,1065.862
7903,10.546875,1098.6848
7904,10.546875,1130.4175
7905,10.546875,1161.0204
7906,10.546875,1190.4697
7907,10.546875,1218.7286
7908,10.53125,1245.7752
7909,10.5,1271.5754
7910,10.5,1296.1092
7911,10.484375,1319.3456
7912,10.484375,1341.2666
7913,10.46875,1361.8444
7914,10.46875,1381.0629
7915,10.453125,1398.9018
7916,10.4375,1415.3384
7917,10.4375,1430.3563
7918,10.4375,1443.9465
7919,10.4375,1456.0853
7920,10.4375,1466.7662
7921,10.421875,1475.9776
7922,10.40625,1483.707
7923,10.40625,1489.9472
7924,10.390625,1494.6936
7925,10.390625,1497.9375
7926,10.390625,1499.6774
7927,10.375,1499.9099
7928,10.359375,1498.6343
7929,10.34375,1495.8522
7930,10.34375,1491.5638
7931,10.328125,1485.7746
7932,10.328125,1478.4902
7933,10.328125,1469.716
7934,10.3125,1459.4594
7935,10.3125,1447.7357
7936,10.28125,1434.548
7937,10.28125,1419.9144
7938,10.28125,1403.8461
7939,10.265625,1386.3667
7940,10.265625,1367.481
7941,10.25,1347.2157
7942,10.25,1325.5862
7943,10.234375,1302.619
7944,10.234375,1278.3313
7945,10.21875,1252.7529
7946,10.203125,1225.903
7947,10.1875,1197.8147
7948,10.1875,1168.5094
7949,10.171875,1138.0231
7950,10.15625,1106.379
7951,10.140625,1073.6162
7952,10.140625,1039.7596
7953,10.125,1004.85128
7954,10.109375,968.9089
7955,10.109375,931.9944
7956,10.09375,894.12744
7957,10.078125,855.3551
7958,10.0625,815.707136
7959,10.0625,775.22296
7960,10.0625,733.95304
7961,10.046875,691.9393
7962,10.03125,649.20356
7963,10.015625,605.8197
7964,10.015625,561.8003
7965,10.015625,517.22144
7966,10.015625,472.09608
7967,9.984375,426.5023
7968,9.96875,380.45352
7969,9.96875,334.0293
7970,9.953125,287.24348
7971,9.953125,240.17692
7972,9.9375,192.8437
7973,9.9375,145.32574
7974,9.921875,97.63724
7975,9.90625,49.849384
7976,9.90625,1.99937152
7977,9.90625,-45.841236
7978,9.890625,-93.65805
7979,9.890625,-141.37948
7980,9.875,-188.968284
7981,9.859375,-236.35324
7982,9.859375,-283.52
7983,9.859375,-330.3977
7984,9.859375,-376.9497
7985,9.84375,-423.11728
7986,9.828125,-468.86416
7987,9.828125,-514.1327
7988,9.8125,-558.88724
7989,9.8125,-603.0712
7990,9.8125,-646.6499
7991,9.8125,-689.5682
7992,9.796875,-731.7921
7993,9.796875,-773.2684
7994,9.796875,-813.964
7995,9.78125,-853.837
7996,9.78125,-892.8367
7997,9.78125,-930.9232
7998,9.78125,-968.0663
7999,9.765625,-1004.2273
8000,9.765625,-1039.3602
8001,9.765625,-1073.4291
8002,9.765625,-1106.4144
8003,9.765625,-1138.2512
8004,9.75,-1168.9512
8005,9.75,-1198.4385
8006,9.75,-1226.7109
8007,9.75,-1253.7124
8008,9.75,-1279.4531
8009,9.75,-1303.8689
8010,9.734375,-1326.958
8011,9.734375,-1348.6746
8012,9.734375,-1369.0266
8013,9.734375,-1387.963
8014,9.734375,-1405.4824
8015,9.734375,-1421.5575
8016,9.734375,-1436.1715
8017,9.734375,-1449.3098
8018,9.734375,-1460.9638
8019,9.734375,-1471.115
8020,9.734375,-1479.7528
8021,9.734375,-1486.8716
8022,9.734375,-1492.4595
8023,9.734375,-1496.5105
8024,9.734375,-1499.0209
8025,9.734375,-1499.9878
8026,9.734375,-1499.4096
8027,9.734375,-1497.286
8028,9.734375,-1493.6172
8029,9.734375,-1488.4105
8030,9.734375,-1481.6662
8031,9.734375,-1473.3936
8032,9.734375,-1463.596
8033,9.734375,-1452.287
8034,9.734375,-1439.4785
8035,9.734375,-1425.1836
8036,9.734375,-1409.4171
8037,9.734375,-1392.1868
8038,9.75,-1373.5176
8039,9.75,-1353.4287
8040,9.75,-1331.9306
8041,9.75,-1309.0656
8042,9.765625,-1284.8241
8043,9.765625,-1259.2645
8044,9.765625,-1232.4022
8045,9.765625,-1204.2514
8046,9.765625,-1174.8533
8047,9.765625,-1144.2389
8048,9.78125,-1112.4241
8049,9.78125,-1079.4563
8050,9.78125,-1045.3696
8051,9.796875,-1010.1996
8052,9.796875,-973.96492
8053,9.796875,-936.7199
8054,9.796875,-898.503
8055,9.796875,-859.33512
8056,9.8125,-819.29408
8057,9.8125,-778.3835
8058,9.8125,-736.6446
8059,9.828125,-694.1603
8060,9.828125,-650.9345
8061,9.828125,-607.03216
8062,9.84375,-562.4988
8063,9.84375,-517.35924
8064,9.84375,-471.6815
8065,9.859375,-425.53488
8066,9.859375,-378.90164
8067,9.875,-331.89616
8068,9.875,-284.5229
8069,9.875,-236.853268
8070,9.890625,-188.91432
8071,9.90625,-140.80124
8072,9.90625,-92.51868
8073,9.96875,-44.139668
8074,9.984375,4.3082356
8075,9.984375,52.72877
8076,9.984375,101.14002
8077,10.0,149.42285
8078,10.0,197.549784
8079,10.015625,245.493216
8080,10.015625,293.1802
8081,10.03125,340.561
8082,10.046875,387.6083
8083,10.046875,434.22844
8084,10.046875,480.43848
8085,10.0625,526.1244
8086,10.078125,571.2603
8087,10.078125,615.8199
8088,10.109375,659.73516
8089,10.109375,702.98032
8090,10.109375,745.4694
8091,10.125,787.1979
8092,10.125,828.1019
8093,10.140625,868.1574
8094,10.140625,907.2845
8095,10.140625,945.4791
8096,10.15625,982.6999
8097,10.171875,1018.8727
8098,10.1875,1053.9936
8099,10.1875,1088.0088
8100,10.1875,1120.8822
8101,10.1875,1152.5794
8102,10.203125,1183.0813
8103,10.203125,1212.3406
8104,10.21875,1240.3265
8105,10.234375,1267.0222
8106,10.234375,1292.3856
8107,10.234375,1316.3905
8108,10.25,1339.0115
8109,10.25,1360.2345
8110,10.265625,1380.026
8111,10.265625,1398.3655
8112,10.28125,1415.2334
8113,10.28125,1430.6192
8114,10.28125,1444.4979
8115,10.296875,1456.8555
8116,10.296875,1467.6784
8117,10.296875,1476.9594
8118,10.3125,1484.6835
8119,10.328125,1490.8422
8120,10.328125,1495.4309
8121,10.328125,1498.4408
8122,10.328125,1499.871
8123,10.34375,1499.7182
8124,10.34375,1497.9823
8125,10.359375,1494.664
8126,10.359375,1489.7668
8127,10.375,1483.2962
8128,10.375,1475.2546
8129,10.390625,1465.6534
8130,10.390625,1454.5027
8131,10.390625,1441.8142
8132,10.390625,1427.5944
8133,10.390625,1411.8639
8134,10.390625,1394.6393
8135,10.40625,1375.9388
8136,10.40625,1355.7726
8137,10.40625,1334.17
8138,10.40625,1311.1547
8139,10.40625,1286.7502
8140,10.421875,1260.9707
8141,10.421875,1233.854
8142,10.421875,1205.4294
8143,10.421875,1175.7125
8144,10.4375,1144.7479
8145,10.4375,1112.5686
8146,10.4375,1079.2086
8147,10.4375,1044.687
8148,10.4375,1009.0725
8149,10.4375,972.3698
8150,10.4375,934.61632
8151,10.4375,895.8877
8152,10.4375,856.1885
8153,10.4375,815.57908
8154,10.4375,774.0828
8155,10.4375,731.7829
8156,10.453125,688.68468
8157,10.453125,644.85348
8158,10.4375,600.31508
8159,10.4375,555.13716
8160,10.4375,509.367968
8161,10.4375,463.05624
8162,10.4375,416.25124
8163,10.4375,368.9807
8164,10.4375,321.31676
8165,10.4375,273.31024
8166,10.4375,224.98968
8167,10.4375,176.42902
8168,10.4375,127.68008
8169,10.4375,78.79488
8170,10.4375,29.802716
8171,10.4375,-19.221286
8172,10.4375,-68.224752
8173,10.4375,-117.15535
8174,10.4375,-165.98355
8175,10.4375,-214.6343
8176,10.4375,-263.05554
8177,10.4375,-311.19556
8178,10.4375,-359.02504
8179,10.4375,-406.47036
8180,10.4375,-453.480616
8181,10.4375,-500.00564
8182,10.4375,-546.0169
8183,10.421875,-591.44324
8184,10.421875,-636.25684
8185,10.421875,-680.3678
8186,10.421875,-723.77
8187,10.421875,-766.39624
8188,10.421875,-808.2008
8189,10.40625,-849.1577
8190,10.40625,-889.20332
8191,10.40625,-928.2947
8192,10.390625,-966.38984
8193,10.390625,-1003.4478
8194,10.390625,-1039.4454
8195,10.390625,-1074.3426
8196,10.390625,-1108.0692
8197,10.390625,-1140.6205
8198,10.390625,-1171.931
8199,10.390625,-1202.0101
8200,10.390625,-1230.7827
8201,10.390625,-1258.2444
8202,10.390625,-1284.34
8203,10.390625,-1309.0773
8204,10.390625,-1332.4044
8205,10.390625,-1354.2865
8206,10.390625,-1374.7202
8207,10.390625,-1393.6818
8208,10.390625,-1411.1328
8209,10.390625,-1427.0709
8210,10.390625,-1441.4704
8211,10.390625,-1454.3158
8212,10.390625,-1465.598
8213,10.390625,-1475.2986
8214,10.390625,-1483.4071
8215,10.390625,-1489.9147
8216,10.390625,-1494.8164
8217,10.390625,-1498.1035
8218,10.390625,-1499.7723
8219,10.390625,-1499.821
8220,10.390625,-1498.2488
8221,10.390625,-1495.0566
8222,10.390625,-1490.2479
8223,10.390625,-1483.8247
8224,10.390625,-1475.7958
8225,10.390625,-1466.1698
8226,10.390625,-1454.9625
8227,10.390625,-1442.1698
8228,10.40625,-1427.8148
8229,10.40625,-1411.9134
8230,10.40625,-1394.4826
8231,10.40625,-1375.532
8232,10.421875,-1355.0902
8233,10.421875,-1333.1793
8234,10.421875,-1309.8229
8235,10.453125,-1285.0347
8236,10.453125,-1258.8518
8237,10.453125,-1231.3028
8238,10.453125,-1202.4178
8239,10.46875,-1172.2136
8240,10.484375,-1140.7362
8241,10.484375,-1108.0196
8242,10.484375,-1074.0996
8243,10.484375,-1038.9963
8244,10.5,-1002.7465
8245,10.5,-965.423
8246,10.5,-927.04984
8247,10.5,-887.6503
8248,10.5,-847.2849
8249,10.5,-805.9974
8250,10.5,-763.8329
8251,10.515625,-720.79692
8252,10.515625,-676.9956
8253,10.515625,-632.4569
8254,10.53125,-587.22924
8255,10.53125,-541.31932
8256,10.53125,-494.84032
8257,10.546875,-447.82184
8258,10.546875,-400.31512
8259,10.546875,-352.32748
8260,10.546875,-303.97742
8261,10.5625,-255.295668
8262,10.5625,-206.31266
8263,10.5625,-157.10428
8264,10.5625,-107.72432
8265,10.5625,-58.203824
8266,10.5625,-8.642584
8267,10.5625,40.950972
8268,10.578125,90.522608
8269,10.578125,139.9724
8270,10.578125,189.291868
8271,10.578125,238.40422
8272,10.578125,287.27814
8273,10.578125,335.81512
8274,10.578125,383.9846
8275,10.578125,431.7778
8276,10.578125,479.07592
8277,10.578125,525.8708
8278,10.578125,572.068
8279,10.578125,617.6803
8280,10.578125,662.61484
8281,10.578125,706.8022
8282,10.578125,750.234436
8283,10.5625,792.84344
8284,10.5625,834.6016
8285,10.5625,875.44308
8286,10.5625,915.3049
8287,10.5625,954.197664
8288,10.5625,992.0243
8289,10.5625,1028.7781
8290,10.5625,1064.401
8291,10.5625,1098.8536
8292,10.5625,1132.1134
8293,10.546875,1164.1276
8294,10.53125,1194.8606
8295,10.53125,1224.279
8296,10.53125,1252.363
8297,10.53125,1279.0678
8298,10.515625,1304.3523
8299,10.515625,1328.2232
8300,10.5,1350.6298
8301,10.5,1371.5474
8302,10.5,1390.9532
8303,10.5,1408.8336
8304,10.5,1425.1524
8305,10.5,1439.9065
8306,10.484375,1453.072
8307,10.484375,1464.639
8308,10.46875,1474.5886
8309,10.46875,1482.9098
8310,10.453125,1489.5933
8311,10.4375,1494.6334
8312,10.4375,1498.0216
8313,10.4375,1499.7534
8314,10.4375,1499.8286
8315,10.4375,1498.2449
8316,10.421875,1495.0033
8317,10.40625,1490.1078
8318,10.390625,1483.5636
8319,10.390625,1475.3738
8320,10.390625,1465.5503
8321,10.375,1454.1036
8322,10.359375,1441.0468
8323,10.359375,1426.3799
8324,10.34375,1410.1383
8325,10.328125,1392.3338
8326,10.328125,1372.9858
8327,10.3125,1352.1061
8328,10.3125,1329.7262
8329,10.296875,1305.8712
8330,10.28125,1280.5674
8331,10.28125,1253.8176
8332,10.28125,1225.6875
8333,10.265625,1196.1963
8334,10.265625,1165.3768
8335,10.234375,1133.2482
8336,10.234375,1099.8444
8337,10.21875,1065.2332
8338,10.21875,1029.4379
8339,10.21875,992.48132
8340,10.21875,954.402832
8341,10.1875,915.27984
8342,10.171875,875.13852
8343,10.15625,833.98568
8344,10.140625,791.9227
8345,10.140625,748.977968
8346,10.125,705.199168
8347,10.109375,660.594
8348,10.109375,615.2728
8349,10.09375,569.2447
8350,10.078125,522.603
8351,10.0625,475.357168
8352,10.0625,427.55908
8353,10.0625,379.30576
8354,10.03125,330.60696
8355,10.03125,281.539
8356,10.015625,232.13408
8357,10.015625,182.49244
8358,9.984375,132.62426
8359,9.984375,82.60784
8360,9.96875,32.47622
8361,9.96875,-17.668846
8362,9.953125,-67.81703
8363,9.9375,-117.88934
8364,9.9375,-167.85254
8365,9.9375,-217.60516
8366,9.9375,-267.13688
8367,9.90625,-316.39188
8368,9.90625,-365.2701
8369,9.90625,-413.76136
8370,9.890625,-461.76716
8371,9.890625,-509.299
8372,9.875,-556.2596
8373,9.875,-602.5962
8374,9.859375,-648.23624
8375,9.859375,-693.1905
8376,9.84375,-737.36648
8377,9.84375,-780.695
8378,9.828125,-823.1671
8379,9.828125,-864.733632
8380,9.828125,-905.3285
8381,9.828125,-944.88824
8382,9.796875,-983.4044
8383,9.796875,-1020.8322
8384,9.796875,-1057.1119
8385,9.796875,-1092.2028
8386,9.78125,-1126.0498
8387,9.78125,-1158.6606
8388,9.78125,-1189.9672
8389,9.765625,-1219.934
8390,9.765625,-1248.5275
8391,9.765625,-1275.7274
8392,9.765625,-1301.4899
8393,9.765625,-1325.7858
8394,9.765625,-1348.5779
8395,9.75,-1369.8704
8396,9.75,-1389.6179
8397,9.75,-1407.7982
8398,9.734375,-1424.3908
8399,9.734375,-1439.3832
8400,9.734375,-1452.751
8401,9.734375,-1464.4788
8402,9.734375,-1474.5534
8403,9.734375,-1482.9668
8404,9.734375,-1489.7048
8405,9.734375,-1494.7615
8406,9.734375,-1498.1267
8407,9.734375,-1499.7994
8408,9.734375,-1499.7761
8409,9.734375,-1498.0568
8410,9.734375,-1494.6432
8411,9.734375,-1489.5368
8412,9.734375,-1482.7442
8413,9.734375,-1474.2732
8414,9.734375,-1464.1286
8415,9.75,-1452.3252
8416,9.75,-1438.8764
8417,9.75,-1423.7972
8418,9.75,-1407.1052
8419,9.75,-1388.8016
8420,9.75,-1368.931
8421,9.765625,-1347.5082
8422,9.765625,-1324.5574
8423,9.765625,-1300.0817
8424,9.765625,-1274.141
8425,9.765625,-1246.7543
8426,9.78125,-1217.9391
8427,9.78125,-1187.7402
8428,9.796875,-1156.1922
8429,9.796875,-1123.3154
8430,9.796875,-1089.1771
8431,9.796875,-1053.7853
8432,9.8125,-1017.17832
8433,9.828125,-979.4311
8434,9.828125,-940.552368
8435,9.828125,-900.60312
8436,9.828125,-859.6102
8437,9.828125,-817.6573
8438,9.859375,-774.7738
8439,9.859375,-730.9686
8440,9.859375,-686.3503
8441,9.859375,-640.9295
8442,9.890625,-594.79892
8443,9.890625,-547.9482
8444,9.90625,-500.47216
8445,9.90625,-452.44688
8446,9.90625,-403.88364
8447,9.921875,-354.8595
8448,9.9375,-305.408
8449,9.9375,-255.630192
8450,9.9375,-205.538016
8451,9.9375,-155.1883
8452,9.96875,-104.684008
8453,9.984375,-54.037256
8454,9.984375,-3.3287318
8455,9.984375,47.3836
8456,9.984375,98.06459
8457,10.0,148.63338
8458,10.0,199.0094
8459,10.015625,249.20304
8460,10.03125,299.11128
8461,10.046875,348.676936
8462,10.0625,397.82116
8463,10.0625,446.55392
8464,10.0625,494.77472
8465,10.078125,542.4284
8466,10.09375,589.43916
8467,10.109375,635.81632
8468,10.109375,681.464
8469,10.125,726.3297
8470,10.125,770.3622
8471,10.140625,813.52984
8472,10.140625,855.76332
8473,10.15625,896.99568
8474,10.15625,937.2167
8475,10.1875,976.3788
8476,10.1875,1014.4186
8477,10.1875,1051.2924
8478,10.203125,1086.9578
8479,10.203125,1121.389
8480,10.21875,1154.5302
8481,10.234375,1186.3429
8482,10.234375,1216.7909
8483,10.25,1245.8517
8484,10.25,1273.4779
8485,10.265625,1299.6377
8486,10.265625,1324.3009
8487,10.265625,1347.4492
8488,10.28125,1369.0447
8489,10.296875,1389.062
8490,10.296875,1407.4785
8491,10.296875,1424.2872
8492,10.3125,1439.445
8493,10.328125,1452.9421
8494,10.328125,1464.7633
8495,10.328125,1474.8989
8496,10.328125,1483.3316
8497,10.328125,1490.0514
8498,10.359375,1495.0527
8499,10.359375,1498.3264
8500,10.375,1499.8684
8501,10.375,1499.677
8502,10.390625,1497.7515
8503,10.390625,1494.0934
8504,10.390625,1488.707
8505,10.390625,1481.5988
8506,10.390625,1472.7723
8507,10.40625,1462.241
8508,10.40625,1450.0166
8509,10.40625,1436.1069
8510,10.421875,1420.5404
8511,10.421875,1403.3213
8512,10.4375,1384.4673
8513,10.4375,1364.017
8514,10.4375,1341.9861
8515,10.4375,1318.3783
8516,10.4375,1293.2517
8517,10.4375,1266.6129
8518,10.4375,1238.5168
8519,10.4375,1208.9706
8520,10.4375,1178.0068
8521,10.4375,1145.6891
8522,10.453125,1112.026
8523,10.453125,1077.0709
8524,10.453125,1040.8479
8525,10.453125,1003.43144
8526,10.453125,964.8316
8527,10.453125,925.09176
8528,10.453125,884.2936
8529,10.453125,842.44808
8530,10.453125,799.64136
8531,10.453125,755.8651
8532,10.453125,711.2285
8533,10.453125,665.7435
8534,10.453125,619.483
8535,10.453125,572.5007
8536,10.453125,524.82996
8537,10.453125,476.5473
8538,10.453125,427.73092
8539,10.453125,378.3719
8540,10.453125,328.5713
8541,10.453125,278.40968
8542,10.4375,227.90082
8543,10.4375,177.10326
8544,10.4375,126.0988
8545,10.4375,74.96992
8546,10.4375,23.73064
8547,10.4375,-27.559236
8548,10.4375,-78.816892
8549,10.4375,-129.98239
8550,10.4375,-180.9732
8551,10.4375,-231.797852
8552,10.4375,-282.35124
8553,10.4375,-332.57422
8554,10.4375,-382.408
8555,10.421875,-431.81616
8556,10.421875,-480.7186
8557,10.421875,-529.058
8558,10.421875,-576.7566
8559,10.421875,-623.82184
8560,10.40625,-670.15576
8561,10.40625,-715.7041
8562,10.40625,-760.4134
8563,10.390625,-804.2506
8564,10.375,-847.144064
8565,10.375,-889.0436
8566,10.375,-929.899968
8567,10.375,-969.68252
8568,10.375,-1008.3265
8569,10.359375,-1045.7862
8570,10.359375,-1082.0178
8571,10.359375,-1117.009
8572,10.359375,-1150.6716
8573,10.359375,-1182.9816
8574,10.359375,-1213.901
8575,10.34375,-1243.4064
8576,10.34375,-1271.4488
8577,10.34375,-1297.9955
8578,10.34375,-1323.015
8579,10.34375,-1346.4983
8580,10.34375,-1368.3851
8581,10.34375,-1388.6606
8582,10.34375,-1407.301
8583,10.34375,-1424.2914
8584,10.34375,-1439.6095
8585,10.34375,-1453.2238
8586,10.328125,-1465.1252
8587,10.328125,-1475.3084
8588,10.328125,-1483.746
8589,10.328125,-1490.4335
8590,10.328125,-1495.3627
8591,10.328125,-1498.53
8592,10.328125,-1499.9263
8593,10.328125,-1499.5516
8594,10.328125,-1497.405
8595,10.34375,-1493.489
8596,10.34375,-1487.805
8597,10.34375,-1480.3651
8598,10.34375,-1471.1758
8599,10.34375,-1460.2374
8600,10.34375,-1447.5764
8601,10.34375,-1433.1964
8602,10.34375,-1417.1273
8603,10.34375,-1399.3656
8604,10.359375,-1379.9547
8605,10.359375,-1358.9004
8606,10.359375,-1336.2464
8607,10.359375,-1311.9885
8608,10.359375,-1286.1863
8609,10.375,-1258.8476
8610,10.375,-1230.0293
8611,10.375,-1199.726
8612,10.375,-1168.013
8613,10.375,-1134.8998
8614,10.375,-1100.4394
8615,10.375,-1064.673
8616,10.390625,-1027.6261
8617,10.390625,-989.3754
8618,10.390625,-949.93288
8619,10.390625,-909.34344
8620,10.390625,-867.6914
8621,10.390625,-824.9894
8622,10.40625,-781.3064
8623,10.40625,-736.69432
8624,10.40625,-691.186036
8625,10.40625,-644.8551
8626,10.40625,-597.7567
8627,10.421875,-549.94684
8628,10.421875,-501.46096
8629,10.4375,-452.37772
8630,10.4375,-402.75564
8631,10.4375,-352.6315
8632,10.4375,-302.10936
8633,10.4375,-251.2048
8634,10.4375,-200.00076
8635,10.4375,-148.53548
8636,10.4375,-96.892948
8637,10.4375,-45.134792
8638,10.4375,6.6772184
8639,10.453125,58.50413
8640,10.453125,110.23834
8641,10.453125,161.86377
8642,10.453125,213.29588
8643,10.453125,264.49572
8644,10.46875,315.37944
8645,10.46875,365.8861
8646,10.46875,415.95544
8647,10.46875,465.5493
8648,10.46875,514.5861
8649,10.46875,563.0072
8650,10.46875,610.7547
8651,10.46875,657.79208
8652,10.484375,704.0416
8653,10.484375,749.4482
8654,10.484375,793.9766
8655,10.46875,837.5534
8656,10.484375,880.1264
8657,10.46875,921.6444
8658,10.46875,962.05776
8659,10.46875,1001.33512
8660,10.46875,1039.4111
8661,10.46875,1076.2564
8662,10.46875,1111.7938
8663,10.46875,1146.0123
8664,10.46875,1178.8548
8665,10.46875,1210.2818
8666,10.46875,1240.2687
8667,10.46875,1268.765
8668,10.46875,1295.7366
8669,10.453125,1321.1509
8670,10.453125,1344.9878
8671,10.453125,1367.2069
8672,10.453125,1387.7815
8673,10.453125,1406.6948
8674,10.4375,1423.9075
8675,10.4375,1439.4138
8676,10.4375,1453.193
8677,10.4375,1465.2164
8678,10.4375,1475.4758
8679,10.4375,1483.9657
8680,10.4375,1490.6632
8681,10.4375,1495.5665
8682,10.421875,1498.6652
8683,10.421875,1499.9582
8684,10.421875,1499.4418
8685,10.40625,1497.1168
8686,10.40625,1492.9841
8687,10.40625,1487.0494
8688,10.390625,1479.3159
8689,10.390625,1469.7998
8690,10.390625,1458.5043
8691,10.375,1445.4468
8692,10.375,1430.636
8693,10.375,1414.0954
8694,10.375,1395.8534
8695,10.375,1375.9067
8696,10.359375,1354.3048
8697,10.359375,1331.0548
8698,10.359375,1306.2051
8699,10.34375,1279.7521
8700,10.328125,1251.7489
8701,10.328125,1222.2429
8702,10.328125,1191.2438
8703,10.3125,1158.7871
8704,10.3125,1124.9407
8705,10.296875,1089.716
8706,10.296875,1053.1702
8707,10.296875,1015.33068
8708,10.28125,976.2766
8709,10.28125,936.02092
8710,10.28125,894.629664
8711,10.265625,852.13384
8712,10.265625,808.622436
8713,10.25,764.1102
8714,10.234375,718.6699
8715,10.234375,672.336368
8716,10.234375,625.1856
8717,10.21875,577.27484
8718,10.21875,528.6839
8719,10.203125,479.40744
8720,10.1875,429.54772
8721,10.1875,379.16548
8722,10.1875,328.32188
8723,10.1875,277.05636
8724,10.171875,225.4535
8725,10.15625,173.5761
8726,10.15625,121.487336
8727,10.09375,69.22779
8728,10.078125,16.88387
8729,10.078125,-35.48063
8730,10.0625,-87.80189
8731,10.0625,-140.03892
8732,10.0625,-192.105152
8733,10.0625,-243.93702
8734,10.046875,-295.47136
8735,10.046875,-346.66756
8736,10.03125,-397.44052
8737,10.015625,-447.72824
8738,10.015625,-497.46936
8739,10.015625,-546.62448
8740,10.0,-595.1326
8741,10.0,-642.8923
8742,9.984375,-689.86632
8743,9.984375,-736.0174
8744,9.984375,-781.2683
8745,9.984375,-825.5637
8746,9.984375,-868.8681
8747,9.96875,-911.10892
8748,9.96875,-952.2346
8749,9.96875,-992.19464
8750,9.96875,-1030.9568
8751,9.96875,-1068.4558
8752,9.96875,-1104.6459
8753,9.953125,-1139.4826
8754,9.953125,-1172.9376
8755,9.9375,-1204.9544
8756,9.9375,-1235.4935
8757,9.9375,-1264.5302
8758,9.9375,-1292.003
8759,9.9375,-1317.9028
8760,9.9375,-1342.1953
8761,9.9375,-1364.8296
8762,9.9375,-1385.7977
8763,9.9375,-1405.0636
8764,9.9375,-1422.6035
8765,9.921875,-1438.4026
8766,9.921875,-1452.4275
8767,9.921875,-1464.6782
8768,9.921875,-1475.1226
8769,9.921875,-1483.7566
8770,9.921875,-1490.5625
8771,9.921875,-1495.5394
8772,9.921875,-1498.6735
8773,9.921875,-1499.9636
8774,9.921875,-1499.4071
8775,9.921875,-1497.0028
8776,9.921875,-1492.7555
8777,9.921875,-1486.6668
8778,9.921875,-1478.7455
8779,9.921875,-1469.0015
8780,9.921875,-1457.4413
8781,9.9375,-1444.0831
8782,9.9375,-1428.9503
8783,9.9375,-1412.0408
8784,9.9375,-1393.3962
8785,9.9375,-1373.0233
8786,9.9375,-1350.9552
8787,9.9375,-1327.2081
8788,9.9375,-1301.8324
8789,9.9375,-1274.837
8790,9.9375,-1246.2662
8791,9.9375,-1216.1553
8792,9.953125,-1184.5272
8793,9.953125,-1151.4341
8794,9.953125,-1116.9168
8795,9.953125,-1081.002
8796,9.96875,-1043.7654
8797,9.96875,-1005.22084
8798,9.96875,-965.431632
8799,9.984375,-924.42948
8800,9.984375,-882.28176
8801,9.984375,-839.040832
8802,10.0,-794.7604
8803,10.0,-749.49508
8804,10.015625,-703.28092
8805,10.015625,-656.19464
8806,10.015625,-608.2946
8807,10.03125,-559.61896
8808,10.046875,-510.2487
8809,10.046875,-460.2451
8810,10.0625,-409.67024
8811,10.0625,-358.5647
8812,10.0625,-307.0137
8813,10.078125,-255.08134
8814,10.078125,-202.83206
8815,10.09375,-150.30806
8816,10.09375,-97.59716
8817,10.109375,-44.76491
8818,10.109375,8.122994
8819,10.109375,61.02367
8820,10.125,113.87123
8821,10.140625,166.5542
8822,10.140625,219.02992
8823,10.140625,271.25558
8824,10.15625,323.1434
8825,10.15625,374.62872
8826,10.171875,425.6475
8827,10.171875,476.17944
8828,10.171875,526.0959
8829,10.1875,575.35656
8830,10.203125,623.8999
8831,10.203125,671.7065
8832,10.21875,718.6542
8833,10.21875,764.7053
8834,10.21875,809.80224
8835,10.234375,853.92648
8836,10.234375,896.9651
8837,10.234375,938.88368
8838,10.25,979.647168
8839,10.25,1019.18632
8840,10.265625,1057.4516
8841,10.265625,1094.4109
8842,10.28125,1129.9862
8843,10.28125,1164.1637
8844,10.28125,1196.8986
8845,10.28125,1228.122
8846,10.296875,1257.8215
8847,10.296875,1285.9463
8848,10.3125,1312.4612
8849,10.3125,1337.3432
8850,10.3125,1360.5398
8851,10.328125,1382.0508
8852,10.328125,1401.8206
8853,10.328125,1419.841
8854,10.328125,1436.0742
8855,10.328125,1450.5195
8856,10.34375,1463.1392
8857,10.34375,1473.928
8858,10.34375,1482.8667
8859,10.359375,1489.9441
8860,10.359375,1495.1532
8861,10.359375,1498.4829
8862,10.359375,1499.9319
8863,10.359375,1499.4958
8864,10.375,1497.1758
8865,10.375,1492.9726
8866,10.375,1486.8954
8867,10.390625,1478.9424
8868,10.390625,1469.1282
8869,10.390625,1457.4652
8870,10.390625,1443.9742
8871,10.390625,1428.6537
8872,10.390625,1411.5337
8873,10.390625,1392.6443
8874,10.390625,1371.993
8875,10.390625,1349.6038
8876,10.390625,1325.5131
8877,10.390625,1299.7514
8878,10.390625,1272.3633
8879,10.390625,1243.3472
8880,10.390625,1212.7622
8881,10.390625,1180.647
8882,10.390625,1147.0422
8883,10.390625,1111.9748
8884,10.390625,1075.5032
8885,10.390625,1037.6901
8886,10.390625,998.5505
8887,10.390625,958.1324
8888,10.390625,916.5033
8889,10.390625,873.7159
8890,10.390625,829.82416
8891,10.390625,784.86416
8892,10.375,738.9113
8893,10.375,692.0238
8894,10.375,644.26084
8895,10.375,595.662
8896,10.375,546.30896
8897,10.375,496.26428
8898,10.375,445.5913
8899,10.359375,394.332068
8900,10.359375,342.5732
8901,10.359375,290.38024
8902,10.34375,237.81932
8903,10.34375,184.91162
8904,10.34375,131.79202
8905,10.34375,78.50527
8906,10.328125,25.11896
8907,10.328125,-28.322094
8908,10.328125,-81.727192
8909,10.328125,-135.02856
8910,10.328125,-188.18124
8911,10.3125,-241.094852
8912,10.3125,-293.70218
8913,10.3125,-345.9364
8914,10.296875,-397.75316
8915,10.296875,-449.06424
8916,10.296875,-499.80436
8917,10.28125,-549.90892
8918,10.28125,-599.3353
8919,10.28125,-647.99896
8920,10.28125,-695.838
8921,10.28125,-742.81144
8922,10.28125,-788.81932
8923,10.28125,-833.84232
8924,10.265625,-877.8219
8925,10.265625,-920.6645
8926,10.265625,-962.3344
8927,10.265625,-1002.8126
8928,10.25,-1041.9949
8929,10.25,-1079.865
8930,10.25,-1116.3419
8931,10.25,-1151.4252
8932,10.234375,-1185.024
8933,10.234375,-1217.1243
8934,10.234375,-1247.6577
8935,10.234375,-1276.6235
8936,10.234375,-1303.9463
8937,10.234375,-1329.6148
8938,10.234375,-1353.574
8939,10.234375,-1375.8229
8940,10.234375,-1396.3038
8941,10.234375,-1415.0078
8942,10.234375,-1431.8949
8943,10.234375,-1446.9641
8944,10.234375,-1460.181
8945,10.234375,-1471.524
8946,10.234375,-1480.9885
8947,10.234375,-1488.5597
8948,10.234375,-1494.2217
8949,10.234375,-1497.972
8950,10.234375,-1499.803
8951,10.234375,-1499.7122
8952,10.234375,-1497.6986
8953,10.234375,-1493.7644
8954,10.234375,-1487.9175
8955,10.25,-1480.1566
8956,10.25,-1470.4961
8957,10.25,-1458.9481
8958,10.25,-1445.5338
8959,10.25,-1430.252
8960,10.25,-1413.1328
8961,10.25,-1394.1984
8962,10.265625,-1373.473
8963,10.265625,-1350.9734
8964,10.265625,-1326.7476
8965,10.28125,-1300.8059
8966,10.28125,-1273.192
8967,10.28125,-1243.9282
8968,10.28125,-1213.0638
8969,10.28125,-1180.6387
8970,10.28125,-1146.6942
8971,10.28125,-1111.2589
8972,10.296875,-1074.3924
8973,10.296875,-1036.1422
8974,10.296875,-996.5577
8975,10.296875,-955.67208
8976,10.3125,-913.5547
8977,10.328125,-870.2597
8978,10.328125,-825.84296
8979,10.328125,-780.3422
8980,10.328125,-733.834836
8981,10.34375,-686.3808
8982,10.34375,-638.0412
8983,10.359375,-588.85752
8984,10.359375,-538.9135
8985,10.359375,-488.2737
8986,10.375,-437.003432
8987,10.390625,-385.14684
8988,10.390625,-332.7925
8989,10.390625,-279.9857
8990,10.390625,-226.83934
8991,10.390625,-173.37714
8992,10.40625,-119.6907
8993,10.40625,-65.84946
8994,10.421875,-11.900163
8995,10.421875,42.064532
8996,10.421875,95.97478
8997,10.4375,149.76079
8998,10.4375,203.37564
8999,10.4375,256.727
9000,10.4375,309.74576
9001,10.4375,362.3632
9002,10.4375,414.5332
9003,10.4375,466.165736
9004,10.4375,517.19384
9005,10.453125,567.57244
9006,10.453125,617.19368
9007,10.46875,666.0556
9008,10.46875,714.0324
9009,10.46875,761.0825
9010,10.46875,807.16424
9011,10.46875,852.197664
9012,10.484375,896.14248
9013,10.484375,938.9045
9014,10.484375,980.44712
9015,10.484375,1020.7499
9016,10.484375,1059.7084
9017,10.484375,1097.3048
9018,10.484375,1133.4588
9019,10.484375,1168.168
9020,10.484375,1201.3562
9021,10.484375,1232.9669
9022,10.484375,1262.9858
9023,10.484375,1291.3602
9024,10.484375,1318.064
9025,10.484375,1343.0398
9026,10.46875,1366.2764
9027,10.46875,1387.741
9028,10.46875,1407.3876
9029,10.46875,1425.2072
9030,10.46875,1441.1677
9031,10.46875,1455.2485
9032,10.453125,1467.4362
9033,10.453125,1477.7079
9034,10.453125,1486.0476
9035,10.4375,1492.4535
9036,10.4375,1496.9094
9037,10.4375,1499.409
9038,10.4375,1499.951
9039,10.4375,1498.5324
9040,10.4375,1495.1539
9041,10.4375,1489.8206
9042,10.4375,1482.5425
9043,10.421875,1473.3187
9044,10.421875,1462.1669
9045,10.40625,1449.1013
9046,10.40625,1434.1393
9047,10.40625,1417.2928
9048,10.40625,1398.5983
9049,10.390625,1378.0642
9050,10.34375,1355.7251
9051,10.34375,1331.5996
9052,10.328125,1305.7285
9053,10.328125,1278.1455
9054,10.328125,1248.8871
9055,10.3125,1217.978
9056,10.3125,1185.471
9057,10.3125,1151.4084
9058,10.296875,1115.8351
9059,10.296875,1078.7818
9060,10.28125,1040.3121
9061,10.28125,1000.47616
9062,10.28125,959.3264
9063,10.28125,916.89884
9064,10.265625,873.2662
9065,10.25,828.48584
9066,10.25,782.61668
9067,10.25,735.6989
9068,10.234375,687.8134
9069,10.234375,639.00256
9070,10.234375,589.37148
9071,10.21875,538.9438
9072,10.21875,487.80656
9073,10.203125,436.02712
9074,10.1875,383.673732
9075,10.1875,330.77056
9076,10.1875,277.4537
9077,10.1875,223.771268
9078,10.1875,169.794
9079,10.171875,115.57018
9080,10.15625,61.1711
9081,10.15625,6.714173
9082,10.140625,-47.751612
9083,10.140625,-102.200092
9084,10.140625,-156.49083
9085,10.125,-210.575
9086,10.109375,-264.4038
9087,10.109375,-317.88332
9088,10.109375,-370.943
9089,10.109375,-423.5346
9090,10.09375,-475.5446
9091,10.078125,-526.9479
9092,10.0625,-577.6756
9093,10.0625,-627.61816
9094,10.0625,-676.7515
9095,10.0625,-724.9894
9096,10.0625,-772.28768
9097,10.046875,-818.54392
9098,10.03125,-863.735936
9099,10.03125,-907.7842
9100,10.03125,-950.648
9101,10.03125,-992.2347
9102,10.015625,-1032.524
9103,10.015625,-1071.4448
9104,10.015625,-1108.961
9105,10.0,-1144.9914
9106,10.0,-1179.5184
9107,10.0,-1212.481
9108,10.0,-1243.848
9109,10.0,-1273.5635
9110,9.984375,-1301.577
9111,9.984375,-1327.8854
9112,9.984375,-1352.4292
9113,9.984375,-1375.167
9114,9.984375,-1396.0876
9115,9.984375,-1415.1609
9116,9.984375,-1432.3453
9117,9.984375,-1447.6327
9118,9.96875,-1460.995
9119,9.96875,-1472.4144
9120,9.96875,-1481.8794
9121,9.96875,-1489.3721
9122,9.96875,-1494.8824
9123,9.96875,-1498.4033
9124,9.96875,-1499.9303
9125,9.96875,-1499.4592
9126,9.96875,-1496.9907
9127,9.96875,-1492.526
9128,9.96875,-1486.0715
9129,9.953125,-1477.6399
9130,9.953125,-1467.2351
9131,9.953125,-1454.8688
9132,9.953125,-1440.5613
9133,9.953125,-1424.3318
9134,9.953125,-1406.2016
9135,9.953125,-1386.1868
9136,9.953125,-1364.3207
9137,9.953125,-1340.6328
9138,9.96875,-1315.1546
9139,9.96875,-1287.9084
9140,9.96875,-1258.941
9141,9.96875,-1228.291
9142,9.96875,-1195.9995
9143,9.96875,-1162.095
9144,9.96875,-1126.6361
9145,9.96875,-1089.6702
9146,9.96875,-1051.2467
9147,9.984375,-1011.40016
9148,9.984375,-970.1997
9149,9.984375,-927.7004
9150,9.984375,-883.9591
9151,9.984375,-839.015536
9152,9.984375,-792.9478
9153,9.984375,-745.7977
9154,9.984375,-697.6679
9155,10.0,-648.58264
9156,10.0,-598.6277
9157,10.0,-547.87
9158,10.0,-496.35604
9159,10.015625,-444.1759
9160,10.015625,-391.3997
9161,10.015625,-338.0982
9162,10.015625,-284.32048
9163,10.015625,-230.16084
9164,10.03125,-175.69206
9165,10.03125,-120.98728
9166,10.03125,-66.097148
9167,10.03125,-11.118149
9168,10.046875,43.875796
9169,10.0625,98.83359
9170,10.0625,153.63566
9171,10.0625,208.25384
9172,10.0625,262.61438
9173,10.078125,316.5989
9174,10.078125,370.1797
9175,10.09375,423.26196
9176,10.09375,475.77436
9177,10.09375,527.6674
9178,10.109375,578.82836
9179,10.109375,629.2514
9180,10.109375,678.8053
9181,10.125,727.464368
9182,10.125,775.1226
9183,10.125,821.77464
9184,10.140625,867.2987
9185,10.140625,911.671
9186,10.140625,954.795136
9187,10.140625,996.6656
9188,10.140625,1037.173
9189,10.15625,1076.2963
9190,10.15625,1113.9653
9191,10.15625,1150.1295
9192,10.171875,1184.7538
9193,10.1875,1217.7761
9194,10.1875,1249.1393
9195,10.1875,1278.8385
9196,10.1875,1306.8072
9197,10.1875,1332.9971
9198,10.1875,1357.3942
9199,10.1875,1379.9634
9200,10.1875,1400.6553
9201,10.203125,1419.4591
9202,10.203125,1436.3406
9203,10.203125,1451.2824
9204,10.21875,1464.2518
9205,10.21875,1475.2424
9206,10.234375,1484.2332
9207,10.234375,1491.2146
9208,10.234375,1496.173
9209,10.234375,1499.1007
9210,10.234375,1499.9963
9211,10.234375,1498.8561
9212,10.25,1495.6808
9213,10.25,1490.4747
9214,10.28125,1483.245
9215,10.28125,1473.9971
9216,10.28125,1462.7512
9217,10.28125,1449.5133
9218,10.28125,1434.3058
9219,10.28125,1417.1416
9220,10.28125,1398.0502
9221,10.28125,1377.0572
9222,10.28125,1354.1916
9223,10.296875,1329.4736
9224,10.296875,1302.946
9225,10.296875,1274.645
9226,10.296875,1244.6089
9227,10.296875,1212.8654
9228,10.296875,1179.4694
9229,10.296875,1144.4668
9230,10.296875,1107.8898
9231,10.296875,1069.8021
9232,10.3125,1030.256
9233,10.3125,989.3052
9234,10.296875,947.005536
9235,10.3125,903.39656
9236,10.3125,858.55468
9237,10.3125,812.5415
9238,10.3125,765.39984
9239,10.3125,717.2128
9240,10.3125,668.0465
9241,10.3125,617.9678
9242,10.3125,567.0451
9243,10.3125,515.3051
9244,10.3125,462.88196
9245,10.3125,409.82616
9246,10.3125,356.2102
9247,10.3125,302.0626
9248,10.3125,247.52398
9249,10.3125,192.64682
9250,10.3125,137.48332
9251,10.3125,82.13161
9252,10.3125,26.667446
9253,10.3125,-28.856102
9254,10.3125,-84.31726
9255,10.3125,-139.70858
9256,10.3125,-194.885584
9257,10.3125,-249.7956
9258,10.3125,-304.38574
9259,10.3125,-358.5585
9260,10.3125,-412.26156
9261,10.3125,-465.37708
9262,10.3125,-517.8759
9263,10.3125,-569.664
9264,10.3125,-620.6911
9265,10.3125,-670.84516
9266,10.296875,-720.09864
9267,10.296875,-768.36308
9268,10.296875,-815.5912
9269,10.296875,-861.6795
9270,10.296875,-906.6025
9271,10.296875,-950.2791
9272,10.296875,-992.6666
9273,10.296875,-1033.6884
9274,10.296875,-1073.272
9275,10.296875,-1111.4109
9276,10.296875,-1148.0048
9277,10.296875,-1183.0332
9278,10.3125,-1216.4328
9279,10.296875,-1248.1574
9280,10.296875,-1278.1753
9281,10.296875,-1306.4316
9282,10.296875,-1332.8877
9283,10.3125,-1357.5071
9284,10.3125,-1380.2644
9285,10.3125,-1401.1182
9286,10.3125,-1420.0396
9287,10.3125,-1437.0024
9288,10.3125,-1451.989
9289,10.3125,-1464.9714
9290,10.3125,-1475.9315
9291,10.3125,-1484.8578
9292,10.328125,-1491.7302
9293,10.328125,-1496.545
9294,10.328125,-1499.2925
9295,10.328125,-1499.9686
9296,10.328125,-1498.5708
9297,10.328125,-1495.1011
9298,10.328125,-1489.5641
9299,10.328125,-1481.9641
9300,10.34375,-1472.3135
9301,10.34375,-1460.6308
9302,10.34375,-1446.9226
9303,10.34375,-1431.2053
9304,10.359375,-1413.506
9305,10.359375,-1393.8491
9306,10.359375,-1372.262
9307,10.375,-1348.7643
9308,10.375,-1323.3973
9309,10.375,-1296.196
9310,10.375,-1267.1859
9311,10.375,-1236.418
9312,10.390625,-1203.9349
9313,10.390625,-1169.782
9314,10.390625,-1134.0062
9315,10.390625,-1096.6418
9316,10.40625,-1057.755
9317,10.40625,-1017.3997
9318,10.40625,-975.631936
9319,10.40625,-932.4739
9320,10.421875,-888.03768
9321,10.4375,-842.36744
9322,10.4375,-795.52684
9323,10.4375,-747.561136
9324,10.4375,-698.5356
9325,10.4375,-648.55852
9326,10.4375,-597.6796
9327,10.453125,-545.9483
9328,10.453125,-493.43556
9329,10.453125,-440.2574
9330,10.46875,-386.4665
9331,10.46875,-332.11544
9332,10.46875,-277.27936
9333,10.46875,-222.07934
9334,10.484375,-166.57002
9335,10.484375,-110.78304
9336,10.5,-54.86438
9337,10.5,1.153654
9338,10.5,57.147204
9339,10.5,113.08392
9340,10.5,168.8856
9341,10.5,224.428852
9342,10.5,279.6815
9343,10.515625,334.5436
9344,10.515625,388.96072
9345,10.515625,442.81248
9346,10.53125,496.0675
9347,10.53125,548.62932
9348,10.53125,600.44544
9349,10.53125,651.40124
9350,10.546875,701.4669
9351,10.546875,750.551636
9352,10.546875,798.6061
9353,10.53125,845.52376
9354,10.546875,891.27736
9355,10.546875,935.80136
9356,10.546875,978.9971
9357,10.53125,1020.8393
9358,10.53125,1061.2354
9359,10.53125,1100.1771
9360,10.53125,1137.5764
9361,10.53125,1173.3667
9362,10.5,1207.5267
9363,10.5,1240.0068
9364,10.5,1270.7471
